cell_id,municipality,performance_class,historical_performance_score,surrounding_mean_revenue,surrounding_mean_occupancy,surrounding_listing_count,listed_places_within_radius,distance_to_listed_tourist_place,airbnb_count_500m,airbnb_density_500m,avg_revenue_500m,median_revenue_500m,total_revenue_500m,avg_occupancy_500m,median_occupancy_500m,revenue_std_500m,occupancy_std_500m,revenue_iqr_500m,occupancy_iqr_500m,high_performer_count_500m,moderate_performer_count_500m,low_performer_count_500m,high_performer_pct_500m,moderate_performer_pct_500m,low_performer_pct_500m,airbnb_count_1km,airbnb_density_1km,avg_revenue_1km,median_revenue_1km,total_revenue_1km,avg_occupancy_1km,median_occupancy_1km,revenue_std_1km,occupancy_std_1km,revenue_iqr_1km,occupancy_iqr_1km,high_performer_count_1km,moderate_performer_count_1km,low_performer_count_1km,high_performer_pct_1km,moderate_performer_pct_1km,low_performer_pct_1km,airbnb_count_3km,airbnb_density_3km,avg_revenue_3km,median_revenue_3km,total_revenue_3km,avg_occupancy_3km,median_occupancy_3km,revenue_std_3km,occupancy_std_3km,revenue_iqr_3km,occupancy_iqr_3km,high_performer_count_3km,moderate_performer_count_3km,low_performer_count_3km,high_performer_pct_3km,moderate_performer_pct_3km,low_performer_pct_3km,airbnb_count_5km,airbnb_density_5km,avg_revenue_5km,median_revenue_5km,total_revenue_5km,avg_occupancy_5km,median_occupancy_5km,revenue_std_5km,occupancy_std_5km,revenue_iqr_5km,occupancy_iqr_5km,high_performer_count_5km,moderate_performer_count_5km,low_performer_count_5km,high_performer_pct_5km,moderate_performer_pct_5km,low_performer_pct_5km,airbnb_count_10km,airbnb_density_10km,avg_revenue_10km,median_revenue_10km,total_revenue_10km,avg_occupancy_10km,median_occupancy_10km,revenue_std_10km,occupancy_std_10km,revenue_iqr_10km,occupancy_iqr_10km,high_performer_count_10km,moderate_performer_count_10km,low_performer_count_10km,high_performer_pct_10km,moderate_performer_pct_10km,low_performer_pct_10km,nearest_poi_distance_km,avg_distance_3_nearest_poi_km,avg_distance_5_nearest_poi_km,poi_count_500m,poi_density_500m,poi_count_1km,poi_density_1km,poi_count_3km,poi_density_3km,poi_count_5km,poi_density_5km,poi_count_10km,poi_density_10km,falls_count_5km,lakes_ponds_count_5km,mountains_count_5km,rivers_landscape_count_5km,nearest_road_distance_km,nearest_major_road_distance_km,nearest_local_road_distance_km,nearest_other_road_distance_km,road_count_1km,road_density_1km,road_count_3km,road_density_3km,road_count_5km,road_density_5km,nearest_road_distance_km_precomputed,distance_to_laguna_de_bay,distance_to_other_water,distance_to_poblacion,distance_to_nearest_transportation_facility,distance_to_nearest_tourist_attraction,poi_count_restaurants,poi_count_commercial,poi_count_transportation,poi_count_recreation,poi_count_tourist_attraction,poi_count_other_facilities,poi_count_total,poi_density_restaurants,poi_density_commercial,poi_density_transportation,poi_density_recreation,poi_density_tourist_attraction,poi_density_other_facilities,poi_density_total,population,population_density_per_km2,distance_to_nearest_urban_cell_km,urban_area_share_5km,nearby_low_square_count_3km,nearby_moderate_square_count_3km,nearby_high_square_count_3km,nearby_labeled_square_count_3km,nearby_low_square_count_5km,nearby_moderate_square_count_5km,nearby_high_square_count_5km,nearby_labeled_square_count_5km
r0003c0035,San Pablo,1,0.10843586230522007,91159.51612903226,0.11651612903225807,31,0,8.959109501015094,0,0.0,,,,,,,,,,0,0,0,,,,2,0.6366197723675814,50833.5,50833.5,101667.0,0.08249999999999999,0.08249999999999999,15419.877577335043,0.0077781745930520195,10903.5,0.005499999999999991,0,2,0,0.0,1.0,0.0,22,0.7780908328937106,97804.59090909091,44449.0,2151701.0,0.11800000000000001,0.0755,140058.3782280528,0.09554256094736498,77712.75,0.10500000000000001,3,15,4,0.13636363636363635,0.6818181818181818,0.18181818181818182,31,0.39470425886790045,91159.51612903226,44559.0,2825945.0,0.11651612903225807,0.074,121151.91477833962,0.09179356221716276,75146.0,0.121,4,21,6,0.12903225806451613,0.6774193548387096,0.1935483870967742,88,0.2801126998417358,117406.73863636363,61484.5,10331793.0,0.12614772727272727,0.0905,157880.40524720875,0.09693682499830676,99365.25,0.1295,9,61,18,0.10227272727272728,0.6931818181818182,0.20454545454545456,8.959109501015094,9.07090254761998,9.20997970205577,0,0.0,0,0.0,0,0.0,0,0.0,5,0.015915494309189534,0,0,0,0,0.22624996120753144,0.41935961172303127,0.22624996120753144,0.6412852975925469,70,22.281692032865347,340,12.02504014472098,579,7.372056964016592,0.19660138236704552,22.729341596390256,3.2707676444664586,7.68219524926217,3.2285658697845414,2.62569291243454,0,3,1,1,0,2,7,0.0,3.0,1.0,1.0,0.0,2.0,7.0,300166,1591.170663070939,1.3888669453765763,0.3055555555555556,0,3,0,3,0,4,0,4
r0004c0036,San Pablo,1,0.09577126796639368,115331.53846153847,0.1256923076923077,13,0,8.206158385010859,0,0.0,,,,,,,,,,0,0,0,,,,2,0.6366197723675814,69707.0,69707.0,139414.0,0.129,0.129,4809.740325630896,0.0,3401.0,0.0,0,2,0,0.0,1.0,0.0,10,0.35367765131532297,138337.0,79271.5,1383370.0,0.14479999999999998,0.129,190561.96152549554,0.09173367247999323,83782.75,0.11075000000000002,2,6,2,0.2,0.6,0.2,13,0.16552114081557115,115331.53846153847,66306.0,1499310.0,0.1256923076923077,0.121,170829.03133962885,0.08738934394934794,65246.0,0.126,2,9,2,0.15384615384615385,0.6923076923076923,0.15384615384615385,73,0.2323662169141672,133988.3698630137,73108.0,9781151.0,0.13276712328767123,0.112,176188.8894149233,0.09669015814387402,106747.0,0.129,8,51,14,0.1095890410958904,0.6986301369863014,0.1917808219178082,8.206158385010859,8.514903181839884,8.788248398302336,0,0.0,0,0.0,0,0.0,0,0.0,6,0.01909859317102744,0,0,0,0,0.009910493665125348,0.11345624302977905,0.009910493665125348,0.1437322754939367,123,39.152116000606256,376,13.298279689456145,880,11.20450799366943,0.004123945677465694,21.925905913473176,2.7878759677882914,6.808514139102986,4.401173663728755,1.4230383176323296,4,8,7,5,0,6,30,4.0,8.0,7.0,5.0,0.0,6.0,30.0,300166,1591.170663070939,1.051183436968818,0.3902439024390244,0,3,0,3,1,4,0,5
r0005c0035,San Pablo,1,0.19704001507613755,68129.52272727272,0.10379545454545455,44,0,7.128091164217592,0,0.0,,,,,,,,,,0,0,0,,,,2,0.6366197723675814,71639.0,71639.0,143278.0,0.09849999999999999,0.09849999999999999,60136.60331279112,0.06576093065034891,42523.0,0.0465,0,2,0,0.0,1.0,0.0,28,0.9902974236829043,75855.42857142857,53148.0,2123952.0,0.11653571428571428,0.08249999999999999,60740.253453433186,0.08921488089744319,68761.75,0.11675000000000002,3,19,6,0.10714285714285714,0.6785714285714286,0.21428571428571427,44,0.5602253996834716,68129.52272727272,44449.0,2997699.0,0.10379545454545455,0.0755,55956.38864184036,0.08134725436553983,66243.5,0.09799999999999999,3,29,12,0.06818181818181818,0.6590909090909091,0.2727272727272727,94,0.2992112930127632,113337.09574468085,64021.5,10653687.0,0.12545744680851062,0.0945,149885.6779046875,0.09448942193667632,93164.0,0.12525,9,66,19,0.09574468085106383,0.7021276595744681,0.20212765957446807,7.128091164217592,7.387254344050665,7.733092836897754,0,0.0,0,0.0,0,0.0,0,0.0,6,0.01909859317102744,0,0,0,0,0.015675128098501294,0.015675128098501294,0.06456595848516043,0.5198757878385741,100,31.830988618379067,480,16.9765272631355,1436,18.283719862396936,0.015675128098501294,20.768680889017148,1.5237485155217965,5.677221954000909,4.462325316709058,1.1016723511514885,0,0,0,1,0,2,3,0.0,0.0,0.0,1.0,0.0,2.0,3.0,300166,1591.170663070939,0.9986845751456996,0.38,0,4,0,4,2,7,0,9
r0005c0036,San Pablo,1,0.10965111930116622,83016.20930232559,0.10902325581395349,43,0,7.228728820323197,0,0.0,,,,,,,,,,0,0,0,,,,11,3.5014087480216975,72964.0,44339.0,802604.0,0.11027272727272729,0.071,57174.90648177747,0.08392150011658622,69207.5,0.099,1,8,2,0.09090909090909091,0.7272727272727273,0.18181818181818182,31,1.0964007190775011,90940.09677419355,44559.0,2819143.0,0.11651612903225805,0.074,121191.85082239228,0.09179356221716276,75146.0,0.121,4,21,6,0.12903225806451613,0.6774193548387096,0.1935483870967742,43,0.5474930042361199,83016.20930232559,44559.0,3569697.0,0.10902325581395349,0.074,106231.51583699902,0.08601480724467016,70130.5,0.1025,4,28,11,0.09302325581395349,0.6511627906976745,0.2558139534883721,95,0.30239439187460115,118591.9052631579,61737.0,11266231.0,0.12656842105263158,0.093,159558.97834597112,0.0956208884674797,96566.0,0.1275,10,66,19,0.10526315789473684,0.6947368421052632,0.2,7.228728820323197,7.6167205746156315,8.035780760395127,0,0.0,0,0.0,0,0.0,0,0.0,6,0.01909859317102744,0,0,0,0,0.0131637020897406,0.04038384277649016,0.0131637020897406,0.6227430890058427,136,43.29014452099553,406,14.359312643402113,1267,16.131945031794512,0.0131637020897406,20.99481004830434,2.322488703256974,5.874142698907941,5.190134297354349,0.3742045932358364,0,5,1,2,1,3,12,0.0,5.0,1.0,2.0,1.0,3.0,12.0,300166,1591.170663070939,0.9169822769750419,0.41304347826086957,1,4,0,5,2,7,0,9
r0006c0030,San Pablo,0,0.01619817048836735,326670.25,0.18774999999999997,4,2,3.246532355113914,0,0.0,,,,,,,,,,0,0,0,,,,1,0.3183098861837907,30174.0,30174.0,30174.0,0.088,0.088,,,0.0,0.0,0,1,0,0.0,1.0,0.0,2,0.0707355302630646,419169.0,419169.0,838338.0,0.088,0.088,550122.0046953221,0.0,388995.0,0.0,0,2,0,0.0,1.0,0.0,4,0.05092958178940651,326670.25,234171.5,1306681.0,0.18774999999999997,0.111,335298.63526949123,0.17022020052469292,216162.75,0.12275,1,3,0,0.25,0.75,0.0,105,0.33422538049298023,134805.41904761904,73108.0,14154569.0,0.1364095238095238,0.096,181916.62595544977,0.12638910426795372,100329.0,0.121,12,75,18,0.11428571428571428,0.7142857142857143,0.17142857142857143,3.246532355113914,4.370040745995663,5.858307547065714,0,0.0,0,0.0,0,0.0,2,0.025464790894703253,7,0.022281692032865348,1,0,1,0,0.10764471004168522,0.33725825095684014,0.10764471004168522,0.5764538623146712,67,21.326762374313976,260,9.195618934198398,846,10.771606548459475,0.10764471004168522,18.957484259354036,1.5356666503133272,5.860502647226999,4.724838131529478,5.039929056678797,0,1,0,2,0,4,7,0.0,1.0,0.0,2.0,0.0,4.0,7.0,300166,1591.170663070939,2.8334936233853907,0.1643835616438356,0,2,0,2,0,2,1,3
r0007c0031,San Pablo,1,0.07046623733207921,197884.9375,0.1408125,16,2,3.9686285550008904,0,0.0,,,,,,,,,,0,0,0,,,,1,0.3183098861837907,10372.0,10372.0,10372.0,0.022,0.022,,,0.0,0.0,0,0,1,0.0,0.0,1.0,2,0.0707355302630646,409268.0,409268.0,818536.0,0.05499999999999999,0.05499999999999999,564124.1331763781,0.04666904755831214,398896.0,0.032999999999999995,0,1,1,0.0,0.5,0.5,16,0.20371832715762603,197884.9375,60647.0,3166159.0,0.1408125,0.0905,257475.73706570716,0.12294509275824446,188392.75,0.09175000000000001,4,9,3,0.25,0.5625,0.1875,105,0.33422538049298023,134616.82857142857,73108.0,14134767.0,0.1357809523809524,0.096,182036.36372124922,0.1267956397084862,100329.0,0.123,12,74,19,0.11428571428571428,0.7047619047619048,0.18095238095238095,3.9686285550008904,4.623166401982789,5.488156323705121,0,0.0,0,0.0,0,0.0,2,0.025464790894703253,8,0.025464790894703253,1,0,0,1,0.005796826122792963,0.13571353332939656,0.005796826122792963,0.03191437481947751,53,16.870423967740905,364,12.873866507877757,1656,21.084846860814295,0.09474697296054164,18.07069820557225,0.30564046972309783,5.008876809331014,4.502833239338367,4.263430929783423,0,1,0,0,0,6,7,0.0,1.0,0.0,0.0,0.0,6.0,7.0,300166,1591.170663070939,2.952046863484074,0.29333333333333333,1,1,0,2,2,5,2,9
r0007c0036,San Pablo,1,0.12038807910233174,101703.06896551725,0.11106896551724138,58,0,5.258690313001497,0,0.0,,,,,,,,,,0,0,0,,,,0,0.0,,,,,,,,,,0,0,0,,,,29,1.0256651888144366,83719.24137931035,44339.0,2427858.0,0.10220689655172416,0.071,120916.4892686138,0.07695934887530133,65921.0,0.09,2,20,7,0.06896551724137931,0.6896551724137931,0.2413793103448276,58,0.7384789359463944,101703.06896551725,47152.5,5898778.0,0.11106896551724138,0.074,150523.97057703423,0.09337527793123634,86681.0,0.09225,5,39,14,0.08620689655172414,0.6724137931034483,0.2413793103448276,102,0.3246760839074665,148320.74509803922,72272.0,15128716.0,0.13377450980392158,0.0915,217666.88653184948,0.12814888516705603,116378.0,0.12225,12,72,18,0.11764705882352941,0.7058823529411765,0.17647058823529413,5.258690313001497,5.659396815287959,6.446422987754235,0,0.0,0,0.0,0,0.0,0,0.0,11,0.03501408748021698,0,0,0,0,0.0017968366071435282,0.2717356004828811,0.0017968366071435282,0.6917611020553011,84,26.73803043943842,958,33.88231899600794,2658,33.842707099060625,0.0017968366071435282,19.06381694802303,2.181315892368792,3.9835562116091143,4.535298869813403,1.6382338186721088,0,0,0,0,0,1,1,0.0,0.0,0.0,0.0,0.0,1.0,1.0,300166,1591.170663070939,1.0050204519928214,0.5333333333333333,2,5,0,7,4,13,0,17
r0007c0038,San Pablo,0,0.05199535129262972,100536.05084745762,0.11425423728813561,59,0,6.043864944584817,0,0.0,,,,,,,,,,0,0,0,,,,0,0.0,,,,,,,,,,0,0,0,,,,15,0.5305164769729844,81445.73333333334,74395.0,1221686.0,0.121,0.112,53748.65228804302,0.0806314366201457,85882.5,0.1275,1,10,4,0.06666666666666667,0.6666666666666666,0.26666666666666666,59,0.751211331393746,100536.05084745762,49746.0,5931627.0,0.11425423728813561,0.077,148352.35801659364,0.09579064694468169,86136.0,0.11850000000000001,6,37,16,0.1016949152542373,0.6271186440677966,0.2711864406779661,99,0.31512678732195276,126930.58585858585,74395.0,12566128.0,0.12457575757575758,0.093,160778.75529542807,0.09454834536040073,100893.0,0.1275,10,69,20,0.10101010101010101,0.696969696969697,0.20202020202020202,6.043864944584817,6.152743168225828,6.7087370842838965,0,0.0,0,0.0,0,0.0,0,0.0,11,0.03501408748021698,0,0,0,0,0.4111190649979488,0.642485026459921,0.4111190649979488,0.5533614926921705,83,26.419720553254628,521,18.42660563352833,1737,22.116170892049777,0.4111190649979488,19.704489316576957,2.552873730894207,5.1383844405329295,5.457728697746991,2.5537252345357766,0,0,0,0,0,0,0,0.0,0.0,0.0,0.0,0.0,0.0,0.0,300166,1591.170663070939,0.9986972967588064,0.62,0,4,0,4,2,10,0,12
r0008c0031,San Pablo,1,0.20946326618773303,117808.08333333333,0.14495833333333333,24,2,3.2330289617248433,0,0.0,,,,,,,,,,0,0,0,,,,0,0.0,,,,,,,,,,0,0,0,,,,4,0.1414710605261292,127222.25,124951.0,508889.0,0.17124999999999999,0.111,124319.28958499026,0.18561496886476228,201726.25,0.13924999999999998,1,2,1,0.25,0.5,0.25,24,0.30557749073643903,117808.08333333333,64077.0,2827394.0,0.14495833333333333,0.1275,129665.59025596397,0.1029573483521703,114140.25,0.1265,3,17,4,0.125,0.7083333333333334,0.16666666666666666,111,0.35332397366400764,144242.7027027027,81094.0,16010940.0,0.13363963963963962,0.093,206753.50961363694,0.12458847114274717,114247.0,0.1215,13,79,19,0.11711711711711711,0.7117117117117117,0.17117117117117117,3.2330289617248433,4.342863607501413,5.0798336984654355,0,0.0,0,0.0,0,0.0,2,0.025464790894703253,10,0.03183098861837907,1,0,0,1,0.07292112695561669,0.07292112695561669,0.19611472598356294,0.13664864789222747,90,28.64788975654116,532,18.815651049975184,2654,33.791777517271214,0.06837395712932008,16.953447682692932,0.37506637985783414,4.053667554295527,3.3389280707301596,3.2504136637988426,0,1,0,1,0,1,3,0.0,1.0,0.0,1.0,0.0,1.0,3.0,300166,1591.170663070939,1.8678176660768286,0.4025974025974026,1,3,1,5,4,10,2,16
r0009c0034,San Pablo,1,0.10549533200810467,131121.03896103895,0.1321168831168831,77,4,3.199632019697312,0,0.0,,,,,,,,,,0,0,0,,,,0,0.0,,,,,,,,,,0,0,0,,,,25,0.8841941282883075,85520.16,43617.0,2138004.0,0.10476,0.06,79032.97458006584,0.09925274135592763,106519.0,0.123,1,14,10,0.04,0.56,0.4,77,0.9803944494460752,131121.03896103895,73108.0,10096320.0,0.1321168831168831,0.11,172953.85144335634,0.0974127104569946,107644.0,0.134,9,53,15,0.11688311688311688,0.6883116883116883,0.19480519480519481,110,0.3501408748021697,152798.05454545454,74619.0,16807786.0,0.13632727272727274,0.0945,218391.14176858874,0.12739601689587515,119220.25,0.1275,14,76,20,0.12727272727272726,0.6909090909090909,0.18181818181818182,3.199632019697312,3.5343590482004643,4.571846188051923,0,0.0,0,0.0,0,0.0,4,0.05092958178940651,19,0.06047887837492023,1,2,0,1,0.003752562594637242,0.13695934538701265,0.003752562594637242,0.33458374908500904,220,70.02817496043394,2016,71.30141450516912,4244,54.036286278560304,0.003752562594637242,16.64957571320055,2.7071535116682655,1.6602852685614156,2.4056157813847627,1.0198774137524638,1,3,0,0,0,2,6,1.0,3.0,0.0,0.0,0.0,2.0,6.0,300166,1591.170663070939,0.9986791312871793,0.5972222222222222,3,6,1,10,5,19,2,26
r0009c0035,San Pablo,0,0.029147855763394275,125007.48051948052,0.13164935064935065,77,4,3.1126003630830907,0,0.0,,,,,,,,,,0,0,0,,,,1,0.3183098861837907,84265.0,84265.0,84265.0,0.121,0.121,,,0.0,0.0,0,1,0,0.0,1.0,0.0,34,1.2025040144720982,115893.32352941176,62823.5,3940373.0,0.12061764705882355,0.08249999999999999,161546.12312891654,0.1006927564142322,102969.0,0.149,3,21,10,0.08823529411764706,0.6176470588235294,0.29411764705882354,77,0.9803944494460752,125007.48051948052,74395.0,9625576.0,0.13164935064935065,0.112,163414.8488475211,0.09382174675439847,97432.0,0.129,8,57,12,0.1038961038961039,0.7402597402597403,0.15584415584415584,109,0.34695777594033184,154636.78899082568,81094.0,16855410.0,0.1380091743119266,0.096,218726.10569313975,0.12725874017956373,117058.0,0.126,14,77,18,0.12844036697247707,0.7064220183486238,0.1651376146788991,3.1126003630830907,3.690667011561993,4.549359777960862,0,0.0,0,0.0,0,0.0,4,0.05092958178940651,18,0.05729577951308232,1,2,0,1,0.0063401500773335034,0.0063401500773335034,0.021599448883940282,0.2676425684243086,291,92.62817687948309,2028,71.72582768674751,4209,53.590652437902996,0.0063401500773335034,16.871789857374253,2.6232453766622883,1.7427274367812675,2.3528660404387343,1.2828873161551706,0,2,0,1,0,2,5,0.0,2.0,0.0,1.0,0.0,2.0,5.0,300166,1591.170663070939,0.9986835858735558,0.6338028169014085,2,10,0,12,4,19,1,24
r0009c0036,San Pablo,1,0.09173625586465105,115129.46875,0.1299375,64,3,3.336712345450557,0,0.0,,,,,,,,,,0,0,0,,,,3,0.954929658551372,25338.333333333332,22866.0,76015.0,0.033,0.027,12977.34658292416,0.01216552506059644,12799.5,0.010999999999999996,0,0,3,0.0,0.0,1.0,34,1.2025040144720982,110152.23529411765,50499.0,3745176.0,0.11185294117647059,0.0725,162186.5306149455,0.09831709132003853,98114.75,0.129,3,21,10,0.08823529411764706,0.6176470588235294,0.29411764705882354,64,0.8148733086305041,115129.46875,77101.0,7368286.0,0.1299375,0.118,145130.7986535199,0.09780250183445904,99264.75,0.13325,6,45,13,0.09375,0.703125,0.203125,103,0.32785918276930437,160762.0,81094.0,16558486.0,0.13971844660194174,0.096,231185.68431105884,0.1307161584049636,124562.5,0.1295,15,70,18,0.14563106796116504,0.6796116504854369,0.17475728155339806,3.336712345450557,3.6967161289604094,4.709132084142185,0,0.0,0,0.0,0,0.0,3,0.03819718634205488,18,0.05729577951308232,1,2,0,0,0.07960699129120676,0.4149299904276762,0.07960699129120676,0.5228779353515457,275,87.53521870054244,1880,66.49139844728072,3960,50.42028597151244,0.07960699129120676,17.14864963462369,2.903419964927473,2.304861392902533,2.674519279954628,1.5873544587285855,1,7,4,11,0,3,26,1.0,7.0,4.0,11.0,0.0,3.0,26.0,300166,1591.170663070939,0.9986835858735558,0.6376811594202898,4,8,0,12,4,14,1,19
r0009c0038,San Pablo,1,0.10074116982284079,103298.78260869565,0.11886956521739131,46,3,4.163371089191438,0,0.0,,,,,,,,,,0,0,0,,,,0,0.0,,,,,,,,,,0,0,0,,,,33,1.167136249340566,100325.48484848485,39374.0,3310741.0,0.10924242424242425,0.068,164447.7024832137,0.10141160877305612,91476.0,0.121,3,19,11,0.09090909090909091,0.5757575757575758,0.3333333333333333,46,0.5856901905781748,103298.78260869565,53258.5,4751744.0,0.11886956521739131,0.08249999999999999,141973.4535819853,0.09334252542726759,100116.5,0.13424999999999998,3,31,12,0.06521739130434782,0.6739130434782609,0.2608695652173913,112,0.35650707252584557,161393.6875,74619.0,18076093.0,0.13875892857142857,0.0945,230841.59499629395,0.12900801326712225,132171.75,0.13175,16,75,21,0.14285714285714285,0.6696428571428571,0.1875,4.163371089191438,4.410948769213256,5.236143317687241,0,0.0,0,0.0,0,0.0,3,0.03819718634205488,16,0.05092958178940651,1,2,0,0,0.2237110467520092,0.5319767959334709,0.2237110467520092,1.178289443080501,113,35.96901713876835,1025,36.25195925982061,2797,35.6125100662425,0.2237110467520092,17.858157597837923,3.5006836174631557,3.656324525309208,4.046171930176766,3.199551514753924,0,0,0,0,0,1,1,0.0,0.0,0.0,0.0,0.0,1.0,1.0,300166,1591.170663070939,0.998692421114478,0.703125,3,4,0,7,4,9,0,13
r0010c0032,San Pablo,2,0.38082302770507515,134612.74576271186,0.13315254237288135,59,3,1.5321459178219048,0,0.0,,,,,,,,,,0,0,0,,,,0,0.0,,,,,,,,,,0,0,0,,,,20,0.7073553026306459,172091.15,104847.5,3441823.0,0.1533,0.153,197872.0244302721,0.07624413696181911,137934.5,0.11325000000000002,2,17,1,0.1,0.85,0.05,59,0.751211331393746,134612.74576271186,71436.0,7942152.0,0.13315254237288135,0.099,181260.35512370645,0.13065376903906967,111068.0,0.126,4,42,13,0.06779661016949153,0.711864406779661,0.22033898305084745,115,0.36605636911135925,156767.0695652174,82707.0,18028213.0,0.13127826086956523,0.093,219996.85372446076,0.12175576270277666,123167.5,0.12,13,82,20,0.11304347826086956,0.7130434782608696,0.17391304347826086,1.5321459178219048,3.0434822164799784,4.115124447761563,0,0.0,0,0.0,1,0.0353677651315323,3,0.03819718634205488,17,0.054112680651244416,1,1,0,1,0.15549476906824622,0.20358668421960266,0.15549476906824622,0.29166095908750156,115,36.60563691113593,1771,62.6363120479437,4060,51.693525516247604,0.15549476906824622,15.365970404979972,1.5213144752166616,2.19923413112512,1.3289446068695656,1.4764248989104394,0,2,0,1,0,2,5,0.0,2.0,0.0,1.0,0.0,2.0,5.0,300166,1591.170663070939,0.9986699005264291,0.5211267605633803,1,10,1,12,5,17,2,24
r0010c0033,San Pablo,1,0.13968969772150022,143147.9,0.1435428571428571,70,4,2.173205409566548,0,0.0,,,,,,,,,,0,0,0,,,,1,0.3183098861837907,248615.0,248615.0,248615.0,0.441,0.441,,,0.0,0.0,1,0,0,1.0,0.0,0.0,27,0.954929658551372,142938.03703703705,117967.0,3859327.0,0.151,0.153,156049.33145655267,0.09885420499985748,123643.5,0.12200000000000001,3,20,4,0.1111111111111111,0.7407407407407407,0.14814814814814814,70,0.8912676813146139,143147.9,77744.5,10020353.0,0.1435428571428571,0.1125,194004.0759644393,0.13578677719602764,110259.5,0.13775,8,47,15,0.11428571428571428,0.6714285714285714,0.21428571428571427,114,0.3628732702495214,156094.8596491228,81900.5,17794814.0,0.1344298245614035,0.093,220833.6656329437,0.12557985643231906,117355.75,0.12225,14,80,20,0.12280701754385964,0.7017543859649122,0.17543859649122806,2.173205409566548,2.7776306907453363,3.918609669503623,0,0.0,0,0.0,2,0.0707355302630646,4,0.05092958178940651,18,0.05729577951308232,1,2,0,1,0.1803050379447321,0.36902262811245534,0.1803050379447321,0.23502684459446846,244,77.66761222884493,2571,90.93052415316954,4264,54.29093418750734,0.1803050379447321,15.49412246523515,1.7318677700203988,1.332706462254644,1.6489587595833255,0.8480835848838949,0,2,0,0,0,4,6,0.0,2.0,0.0,0.0,0.0,4.0,6.0,300166,1591.170663070939,0.9986699005264291,0.6142857142857143,4,8,1,13,4,18,2,24
r0010c0035,San Pablo,1,0.06577703440465879,128993.34285714285,0.13201428571428572,70,4,2.1114503455600717,0,0.0,,,,,,,,,,0,0,0,,,,7,2.228169203286535,104609.57142857143,117967.0,732267.0,0.10528571428571429,0.06,87582.52287006646,0.0810734528801183,113713.5,0.1495,0,4,3,0.0,0.5714285714285714,0.42857142857142855,42,1.4854461355243564,122294.07142857143,77744.5,5136351.0,0.13221428571428573,0.1125,151295.01882042523,0.10426105502928126,116279.75,0.13274999999999998,3,29,10,0.07142857142857142,0.6904761904761905,0.23809523809523808,70,0.8912676813146139,128993.34285714285,77744.5,9029534.0,0.13201428571428572,0.111,167652.1710777947,0.09699910246964756,104600.5,0.132,7,49,14,0.1,0.7,0.2,112,0.35650707252584557,165376.30357142858,81900.5,18522146.0,0.13985714285714287,0.0975,235249.06693077213,0.12833871689722573,130516.5,0.1295,16,76,20,0.14285714285714285,0.6785714285714286,0.17857142857142858,2.1114503455600717,2.723119228512404,3.6802240849160377,0,0.0,0,0.0,2,0.0707355302630646,4,0.05092958178940651,20,0.06366197723675814,1,2,0,1,0.00501339466027782,0.1406628986543054,0.00501339466027782,0.06021465150936474,383,121.91268640839183,2651,93.75994536369213,4288,54.59651167824378,0.00501339466027782,15.905371005514812,1.632075015301618,0.8882222285128741,1.3631054333820967,0.28306819885743134,4,18,5,2,5,14,48,4.0,18.0,5.0,2.0,5.0,14.0,48.0,300166,1591.170663070939,0.9986788836146653,0.647887323943662,3,9,1,13,5,17,1,23
r0010c0036,San Pablo,0,0.03490637259294186,120884.40677966102,0.1376949152542373,59,4,2.42976263857964,0,0.0,,,,,,,,,,0,0,0,,,,11,3.5014087480216975,104904.27272727272,117967.0,1153947.0,0.12245454545454545,0.11,73663.83999099003,0.07937425733367669,104787.5,0.14150000000000001,0,8,3,0.0,0.7272727272727273,0.2727272727272727,31,1.0964007190775011,126800.7741935484,84265.0,3930824.0,0.1349032258064516,0.112,165547.92113337046,0.09750977894163904,107245.0,0.1265,2,23,6,0.06451612903225806,0.7419354838709677,0.1935483870967742,59,0.751211331393746,120884.40677966102,84265.0,7132180.0,0.1376949152542373,0.121,142628.742220798,0.095842049341484,100893.0,0.1305,5,44,10,0.0847457627118644,0.7457627118644068,0.1694915254237288,106,0.3374084793548181,166449.99056603774,83486.0,17643699.0,0.14375471698113207,0.10450000000000001,234427.23570062846,0.13044479301665218,130373.75,0.1335,16,73,17,0.1509433962264151,0.6886792452830188,0.16037735849056603,2.42976263857964,2.742824246105997,3.861628638113982,0,0.0,0,0.0,2,0.0707355302630646,4,0.05092958178940651,20,0.06366197723675814,1,2,0,1,0.012693751560697915,0.04848765185608508,0.012693751560697915,0.4289059439788495,407,129.5521236768028,2333,82.51299605186485,4175,53.15775099269304,0.012693751560697915,16.198756684472855,2.0488929964990796,1.5417797042799388,1.864213971810578,0.974110878233038,2,9,5,4,0,6,26,2.0,9.0,5.0,4.0,0.0,6.0,26.0,300166,1591.170663070939,0.9986833381947143,0.676056338028169,2,10,0,12,4,14,1,19
r0011c0025,Alaminos,1,0.1677244508228249,141175.0,0.07100000000000001,3,2,4.227374330502678,0,0.0,,,,,,,,,,0,0,0,,,,0,0.0,,,,,,,,,,0,0,0,,,,3,0.1061032953945969,141175.0,99832.0,423525.0,0.07100000000000001,0.068,84629.41889792225,0.012767145334803708,76682.5,0.012500000000000011,0,3,0,0.0,1.0,0.0,3,0.03819718634205488,141175.0,99832.0,423525.0,0.07100000000000001,0.068,84629.41889792225,0.012767145334803708,76682.5,0.012500000000000011,0,3,0,0.0,1.0,0.0,43,0.13687325105902998,211372.3488372093,122581.0,9089011.0,0.16316279069767442,0.123,250572.97681607775,0.1583421446519497,188118.0,0.102,7,33,3,0.16279069767441862,0.7674418604651163,0.06976744186046512,4.227374330502678,4.664644577263291,5.384837158274449,0,0.0,0,0.0,0,0.0,2,0.025464790894703253,8,0.025464790894703253,1,0,1,0,0.21762321639332388,0.3744683637273257,0.21762321639332388,0.3632455424204778,166,52.839441106509256,595,21.043820253261718,995,12.66873347011487,0.21762321639332388,12.87431088854749,3.8340412609366266,0.47952752781723446,2.8534262406543776,1.1819767639596293,5,7,9,0,0,7,28,5.0,7.0,9.0,0.0,0.0,7.0,28.0,53589,885.5153082990521,1.0049668730526273,0.43859649122807015,0,0,0,0,0,2,1,3
r0011c0030,Alaminos,2,0.29138199598856523,190521.94736842104,0.16715789473684212,38,3,1.3567834252709332,0,0.0,,,,,,,,,,0,0,0,,,,2,0.6366197723675814,325749.5,325749.5,651499.0,0.17500000000000002,0.17500000000000002,374084.2359850252,0.13152186130069785,264517.5,0.09300000000000003,1,1,0,0.5,0.5,0.0,11,0.3890454164468553,302591.2727272727,126657.0,3328504.0,0.22109090909090912,0.096,327182.18264021986,0.2624299733435396,459460.0,0.1585,3,7,1,0.2727272727272727,0.6363636363636364,0.09090909090909091,38,0.4838310269993618,190521.94736842104,88035.5,7239834.0,0.16715789473684212,0.1245,229043.99279767164,0.16382893621516936,183071.0,0.09899999999999999,5,30,3,0.13157894736842105,0.7894736842105263,0.07894736842105263,127,0.4042535554534141,202599.37007874015,85435.0,25730120.0,0.1325433070866142,0.096,308187.96794114995,0.12200583878205537,173244.5,0.11299999999999999,15,90,22,0.11811023622047244,0.7086614173228346,0.1732283464566929,1.3567834252709332,3.427395604265231,4.183741910278046,0,0.0,0,0.0,1,0.0353677651315323,3,0.03819718634205488,14,0.044563384065730696,1,0,0,2,0.01926715505035363,0.03501463571471515,0.01926715505035363,0.6460659813259148,159,50.61127190322272,936,33.10422816311423,3368,42.88270786668028,0.01926715505035363,13.99205575113776,1.5562410584655295,3.4340063090931894,2.045240686602958,1.490427612998098,0,7,4,2,0,3,16,0.0,7.0,4.0,2.0,0.0,3.0,16.0,53589,885.5153082990521,0.9986559933022663,0.4225352112676056,1,3,1,5,2,15,2,19
r0011c0031,San Pablo,1,0.21437022437729483,170900.18604651163,0.16025581395348837,43,4,0.4765018126995094,0,0.0,,,,,,,,,,0,0,0,,,,5,1.5915494309189535,193865.8,60062.0,969329.0,0.1362,0.093,233378.69033332926,0.10913157196705268,168261.0,0.013999999999999999,1,4,0,0.2,0.8,0.0,17,0.6012520072360491,195649.64705882352,126657.0,3326044.0,0.1680588235294118,0.153,210016.25280884252,0.10263860786044116,161179.0,0.118,2,14,1,0.11764705882352941,0.8235294117647058,0.058823529411764705,43,0.5474930042361199,170900.18604651163,117967.0,7348708.0,0.16025581395348837,0.123,203300.3284828883,0.15964321723966612,174587.5,0.1155,5,32,6,0.11627906976744186,0.7441860465116279,0.13953488372093023,127,0.4042535554534141,203859.28346456692,90237.0,25890129.0,0.13303937007874017,0.096,307932.41568214225,0.12268713607518196,181750.0,0.11299999999999999,15,90,22,0.11811023622047244,0.7086614173228346,0.1732283464566929,0.4765018126995094,2.960139615706042,3.8464858855112842,1,1.2732395447351628,1,0.3183098861837907,1,0.0353677651315323,4,0.05092958178940651,15,0.0477464829275686,1,1,0,2,0.0464748513272131,0.26885049227581387,0.0464748513272131,0.2895485817831046,188,59.84225860255265,1409,49.83318107032901,3780,48.128454790989146,0.0464748513272131,14.162742272366033,1.5360760101261133,2.7219067144015714,1.0709045046623744,0.5763256281226226,6,19,7,1,1,13,47,6.0,19.0,7.0,1.0,1.0,13.0,47.0,300166,1591.170663070939,0.987394079245858,0.45714285714285713,1,7,2,10,3,15,3,21
r0011c0034,San Pablo,1,0.19352562938784026,146806.54285714286,0.14924285714285715,70,4,1.3406389196951025,0,0.0,,,,,,,,,,0,0,0,,,,0,0.0,,,,,,,,,,0,0,0,,,,48,1.6976527263135504,100076.91666666667,72915.5,4803692.0,0.12258333333333334,0.1125,100151.11509323517,0.08784484226211996,103143.75,0.13024999999999998,2,34,12,0.041666666666666664,0.7083333333333334,0.25,70,0.8912676813146139,146806.54285714286,81900.5,10276458.0,0.14924285714285715,0.1135,193881.39020819752,0.14281795808349426,115766.75,0.135,9,47,14,0.12857142857142856,0.6714285714285714,0.2,120,0.3819718634205488,171278.40833333333,83405.0,20553409.0,0.13386666666666666,0.093,236660.5488947577,0.12559545121916948,135729.0,0.1215,16,82,22,0.13333333333333333,0.6833333333333333,0.18333333333333332,1.3406389196951025,2.0190331262658643,3.004090897289034,0,0.0,0,0.0,3,0.1061032953945969,4,0.05092958178940651,20,0.06366197723675814,1,2,0,1,0.013150969795000501,0.17317917565620491,0.013150969795000501,0.14158569206782562,665,211.6760743122208,3084,109.07418766564561,4370,55.64056810492661,0.013150969795000501,14.692931705779742,0.9428511182992282,0.16648567834135738,0.5379349447155539,0.8678818160384432,15,65,16,9,0,48,153,15.0,65.0,16.0,9.0,0.0,48.0,153.0,300166,1591.170663070939,0.9986741565878201,0.6571428571428571,4,12,1,17,4,19,2,25
r0011c0035,San Pablo,0,0.049909819022314006,123047.0303030303,0.13612121212121214,66,4,1.1172609120050365,0,0.0,,,,,,,,,,0,0,0,,,,4,1.2732395447351628,165012.0,142935.5,660048.0,0.15075,0.188,62535.55701625543,0.08081408705582627,50542.5,0.05225000000000002,0,3,1,0.0,0.75,0.25,47,1.662284961182018,128855.9574468085,81094.0,6056230.0,0.13389361702127658,0.121,157731.57515827703,0.10134427635380414,114605.5,0.1375,3,33,11,0.06382978723404255,0.7021276595744681,0.23404255319148937,66,0.8403380995252073,123047.0303030303,81900.5,8121104.0,0.13612121212121214,0.118,149264.4443146221,0.0983875406670385,101547.0,0.13775,7,45,14,0.10606060606060606,0.6818181818181818,0.21212121212121213,115,0.36605636911135925,171518.31304347827,82707.0,19724606.0,0.1381913043478261,0.096,239313.7058647984,0.1272854159623356,141429.0,0.1285,16,78,21,0.1391304347826087,0.6782608695652174,0.1826086956521739,1.1172609120050365,1.7850004471262206,2.8746648364471974,0,0.0,0,0.0,3,0.1061032953945969,4,0.05092958178940651,21,0.06684507609859604,1,2,0,1,0.008268598465869772,0.13989993653481939,0.008268598465869772,0.14861982270120214,678,215.81410283261008,3038,107.44727046959513,4315,54.94028635532227,0.008268598465869772,14.943371796711272,0.6677734682985553,0.3131847190940547,0.4474820184602026,0.26896813951813575,29,161,21,6,1,62,280,29.0,161.0,21.0,6.0,1.0,62.0,280.0,300166,1591.170663070939,0.9986786358009382,0.676056338028169,2,12,0,14,3,18,2,23
r0011c0036,San Pablo,1,0.10656383579859244,111962.20338983051,0.13028813559322033,59,4,1.6413289237480144,0,0.0,,,,,,,,,,0,0,0,,,,6,1.909859317102744,27691.166666666668,30425.0,166147.0,0.04800000000000001,0.048,12469.361369639853,0.02042547429069886,18180.0,0.025249999999999995,0,3,3,0.0,0.5,0.5,34,1.2025040144720982,114595.58823529411,54208.5,3896250.0,0.1219411764705882,0.0905,162840.27669153854,0.09598640723733518,97299.0,0.11675,2,24,8,0.058823529411764705,0.7058823529411765,0.23529411764705882,59,0.751211331393746,111962.20338983051,71436.0,6605770.0,0.13028813559322033,0.112,143030.13747842042,0.09711547531914806,96482.0,0.126,5,42,12,0.0847457627118644,0.711864406779661,0.2033898305084746,108,0.3437746770784939,175329.38888888888,74619.0,18935574.0,0.1436666666666667,0.0945,261562.0968409388,0.13892060530907302,136986.5,0.1295,17,72,19,0.1574074074074074,0.6666666666666666,0.17592592592592593,1.6413289237480144,1.8476798607055744,3.087285646895661,0,0.0,0,0.0,3,0.1061032953945969,4,0.05092958178940651,20,0.06366197723675814,1,2,0,1,0.006988909270886585,0.028541470583322546,0.006988909270886585,0.24129597863951316,363,115.54648868471602,2710,95.84664350645252,4105,52.26648331137843,0.006988909270886585,15.255269645418547,1.1342740555853246,0.861761465506188,1.3482021785655454,1.081579503925578,1,1,0,7,0,7,16,1.0,1.0,0.0,7.0,0.0,7.0,16.0,300166,1591.170663070939,0.7708463654027365,0.7142857142857143,3,9,0,12,5,15,1,21
r0011c0037,San Pablo,1,0.21289523938717922,97475.44067796611,0.12247457627118645,59,3,1.9732485647763698,0,0.0,,,,,,,,,,0,0,0,,,,2,0.6366197723675814,18152.5,18152.5,36305.0,0.0435,0.0435,16678.527647847095,0.03889087296526011,11793.5,0.027499999999999997,0,1,1,0.0,0.5,0.5,29,1.0256651888144366,72964.72413793103,43617.0,2115977.0,0.10048275862068964,0.077,62104.73932392447,0.07428882856298841,91476.0,0.132,0,19,10,0.0,0.6551724137931034,0.3448275862068966,59,0.751211331393746,97475.44067796611,74395.0,5751051.0,0.12247457627118645,0.112,93867.11275930444,0.08632623685807218,101416.0,0.132,3,42,14,0.05084745762711865,0.711864406779661,0.23728813559322035,108,0.3437746770784939,163673.5462962963,74619.0,17676743.0,0.13962962962962966,0.0945,249874.0098278833,0.1353900970020211,123308.25,0.1325,15,72,21,0.1388888888888889,0.6666666666666666,0.19444444444444445,1.9732485647763698,2.2955472344984997,3.5014394834159077,0,0.0,0,0.0,3,0.1061032953945969,3,0.03819718634205488,21,0.06684507609859604,1,2,0,0,0.022983364682602744,0.3286013517886447,0.022983364682602744,0.7231903415844287,293,93.26479665185067,2047,72.39781522424661,3888,49.50355349930312,0.022983364682602744,15.625048584056026,1.5169060947486195,1.6534473676118309,2.297277750613784,2.0639486204774813,1,1,1,0,0,4,7,1.0,1.0,1.0,0.0,0.0,4.0,7.0,300166,1591.170663070939,0.991307327548807,0.7222222222222222,3,6,0,9,4,13,0,17
r0012c0030,San Pablo,1,0.16592157708907626,189729.5,0.18030555555555555,36,3,1.4563521778713286,0,0.0,,,,,,,,,,0,0,0,,,,3,0.954929658551372,106333.33333333333,52980.0,319000.0,0.16766666666666666,0.093,99597.40455620986,0.1416239151179395,88231.0,0.12600000000000003,1,2,0,0.3333333333333333,0.6666666666666666,0.0,13,0.45978094670991987,191479.15384615384,125430.0,2489229.0,0.24453846153846157,0.203,239761.30998865174,0.23480687645545908,161179.0,0.17200000000000001,4,8,1,0.3076923076923077,0.6153846153846154,0.07692307692307693,36,0.45836623610465854,189729.5,107193.5,6830262.0,0.18030555555555555,0.14250000000000002,221940.92211764053,0.16725597481438775,169753.0,0.11325000000000002,6,28,2,0.16666666666666666,0.7777777777777778,0.05555555555555555,124,0.39470425886790045,206124.2741935484,91021.5,25559410.0,0.1352741935483871,0.0975,309659.44781135744,0.12865447130647745,185018.25,0.11925,16,85,23,0.12903225806451613,0.6854838709677419,0.18548387096774194,1.4563521778713286,3.1125944432293795,3.951921618378987,0,0.0,0,0.0,1,0.0353677651315323,3,0.03819718634205488,14,0.044563384065730696,1,0,0,2,0.22057979872749955,0.29136141410216904,0.22057979872749955,0.8007642167811487,139,44.245074179546904,927,32.78591827693044,3295,41.95324299902361,0.22057979872749955,13.002057178008684,2.5046814693266337,3.637577810623453,2.131173961875542,1.5807582643659495,0,0,0,0,0,0,0,0.0,0.0,0.0,0.0,0.0,0.0,0.0,300166,1591.170663070939,0.9986603231770251,0.4788732394366197,1,3,3,7,1,11,3,15
r0012c0031,San Pablo,1,0.07549900829678416,191341.1052631579,0.1809736842105263,38,5,0.7122784453390328,0,0.0,,,,,,,,,,0,0,0,,,,2,0.6366197723675814,325749.5,325749.5,651499.0,0.17500000000000002,0.17500000000000002,374084.2359850252,0.13152186130069785,264517.5,0.09300000000000003,1,1,0,0.5,0.5,0.0,19,0.6719875374991137,222313.63157894736,125430.0,4223959.0,0.225,0.178,236593.49929930462,0.19588800655249702,201410.5,0.10949999999999999,5,13,1,0.2631578947368421,0.6842105263157895,0.05263157894736842,38,0.4838310269993618,191341.1052631579,126043.5,7270962.0,0.1809736842105263,0.156,208169.99491486154,0.16403929767179065,172478.75,0.11800000000000001,6,29,3,0.15789473684210525,0.7631578947368421,0.07894736842105263,127,0.4042535554534141,206551.18897637795,91806.0,26232001.0,0.13355905511811023,0.099,308034.9148518033,0.12375851123806403,186049.5,0.119,16,88,23,0.12598425196850394,0.6929133858267716,0.18110236220472442,0.7122784453390328,2.7197456521682235,3.4597470812796614,0,0.0,1,0.3183098861837907,1,0.0353677651315323,5,0.06366197723675814,19,0.06047887837492023,1,1,1,2,0.09973672593112844,0.6043326207152567,0.11309488958501636,0.09973672593112844,182,57.932399285449904,1444,51.07105284993264,3661,46.61329973275431,0.09973672593112844,13.185565417938042,1.5205302325997738,2.638991926248856,1.227157839319587,0.7808711222926039,0,0,0,0,0,0,0,0.0,0.0,0.0,0.0,0.0,0.0,0.0,300166,1591.170663070939,0.9986603231770251,0.4857142857142857,1,7,3,11,2,14,3,19
r0012c0032,San Pablo,0,0.009032826580087758,149422.5283018868,0.15298113207547168,53,6,1.0022787330735334,0,0.0,,,,,,,,,,0,0,0,,,,5,1.5915494309189535,104926.8,125430.0,524634.0,0.1802,0.203,38733.37919288736,0.05553107238294611,59735.0,0.066,0,5,0,0.0,1.0,0.0,28,0.9902974236829043,192898.25,126043.5,5401151.0,0.19092857142857142,0.156,202612.18153236876,0.16976714522511002,166645.5,0.11474999999999999,5,22,1,0.17857142857142858,0.7857142857142857,0.03571428571428571,53,0.6748169587096362,149422.5283018868,84265.0,7919394.0,0.15298113207547168,0.121,188876.9762415171,0.14929958145209477,132067.0,0.134,6,38,9,0.11320754716981132,0.7169811320754716,0.16981132075471697,128,0.40743665431525206,205737.84375,91021.5,26334444.0,0.13441406250000001,0.0975,306897.8777696047,0.12252144452143106,183721.25,0.11474999999999999,16,91,21,0.125,0.7109375,0.1640625,1.0022787330735334,2.3310648324806182,3.2146650060500868,0,0.0,0,0.0,2,0.0707355302630646,6,0.07639437268410976,20,0.06366197723675814,1,2,1,2,0.0320015232338914,0.47286250032867205,0.0320015232338914,0.24175201696747714,305,97.08451528605616,2319,82.0178473400234,3944,50.21656764435482,0.0043099446998107515,13.304868807110779,0.6397334258665713,1.6407228436412065,0.4535494087219781,0.708574940055734,38,70,9,1,0,14,132,38.0,70.0,9.0,1.0,0.0,14.0,132.0,300166,1591.170663070939,0.920121639701137,0.4666666666666667,0,11,3,14,3,16,3,22
r0012c0033,San Pablo,1,0.1666262758346816,173856.62903225806,0.1479032258064516,62,5,1.775065261367458,0,0.0,,,,,,,,,,0,0,0,,,,3,0.954929658551372,118137.66666666667,57165.0,354413.0,0.10866666666666668,0.153,153319.83942182214,0.08203860879691545,143940.0,0.0725,0,2,1,0.0,0.6666666666666666,0.3333333333333333,30,1.0610329539459689,148864.53333333333,106998.5,4465936.0,0.14543333333333333,0.1285,141142.75704571014,0.09469212665567668,158216.5,0.1035,4,23,3,0.13333333333333333,0.7666666666666667,0.1,62,0.7894085177358009,173856.62903225806,77744.5,10779111.0,0.1479032258064516,0.0975,257731.607958346,0.14930689152974835,150299.5,0.12475,9,41,12,0.14516129032258066,0.6612903225806451,0.1935483870967742,124,0.39470425886790045,212573.2983870968,87836.0,26359089.0,0.1327983870967742,0.0945,318203.36186112685,0.12469657350758226,192883.25,0.11275000000000002,17,85,22,0.13709677419354838,0.6854838709677419,0.1774193548387097,1.775065261367458,1.9480070729179857,2.9220784169755847,0,0.0,0,0.0,3,0.1061032953945969,5,0.06366197723675814,21,0.06684507609859604,1,2,1,1,0.0032629483541252997,0.13853367930844887,0.0032629483541252997,0.14977913837032794,516,164.247901270836,2677,94.67950725711196,4182,53.2468777608245,0.0032629483541252997,13.51819890550566,0.6056130675237481,0.6425011410881204,0.714409617381352,0.1458720991886917,39,45,27,12,3,38,164,39.0,45.0,27.0,12.0,3.0,38.0,164.0,300166,1591.170663070939,0.9986739086380727,0.5492957746478874,2,10,1,13,4,18,3,25
r0012c0034,San Pablo,1,0.15532839629991796,165550.98529411765,0.14560294117647057,68,5,0.7792881755940486,0,0.0,,,,,,,,,,0,0,0,,,,4,1.2732395447351628,161999.25,164972.0,647997.0,0.1365,0.14300000000000002,74411.26438192451,0.07037755323965163,81017.75,0.08249999999999999,0,4,0,0.0,1.0,0.0,37,1.308607309866695,106843.4054054054,84265.0,3953206.0,0.13121621621621624,0.121,104631.20602102614,0.09093194498424974,96703.0,0.137,2,28,7,0.05405405405405406,0.7567567567567568,0.1891891891891892,68,0.8658028904199107,165550.98529411765,83486.0,11257467.0,0.14560294117647057,0.096,236510.1471758013,0.14477467203507027,134794.5,0.13825,9,47,12,0.1323529411764706,0.6911764705882353,0.17647058823529413,129,0.41061975317709,220876.67441860464,90237.0,28493091.0,0.13912403100775195,0.096,331753.9710222764,0.1325396171758619,189901.0,0.12,19,87,23,0.14728682170542637,0.6744186046511628,0.17829457364341086,0.7792881755940486,1.6240130469365779,2.4905573070354134,0,0.0,1,0.3183098861837907,4,0.1414710605261292,5,0.06366197723675814,20,0.06366197723675814,1,3,0,1,0.015975748432564055,0.06811488947968702,0.015975748432564055,0.03989708911063185,882,280.7493196141034,2867,101.3993826321031,4259,54.22727221027058,0.015975748432564055,13.718928645733886,0.7053474887261273,0.18630946922211916,0.06080089309829471,0.254495594665047,24,122,22,19,4,78,269,24.0,122.0,22.0,19.0,4.0,78.0,269.0,300166,1591.170663070939,0.8339968869199732,0.5972222222222222,3,10,1,14,4,18,4,26
r0012c0036,San Pablo,1,0.1522400090016392,150079.44262295082,0.12357377049180328,61,6,1.1816867769415191,0,0.0,,,,,,,,,,0,0,0,,,,2,0.6366197723675814,18152.5,18152.5,36305.0,0.0435,0.0435,16678.527647847095,0.03889087296526011,11793.5,0.027499999999999997,0,1,1,0.0,0.5,0.5,35,1.2378717796036305,118287.05714285714,51252.0,4140047.0,0.11414285714285713,0.077,163405.95463301224,0.09586667913340498,118180.5,0.12250000000000001,2,23,10,0.05714285714285714,0.6571428571428571,0.2857142857142857,61,0.7766761222884493,150079.44262295082,82707.0,9154846.0,0.12357377049180328,0.096,219813.84300073283,0.09760506459134066,118012.0,0.129,6,41,14,0.09836065573770492,0.6721311475409836,0.22950819672131148,111,0.35332397366400764,179843.26126126127,74843.0,19962602.0,0.14067567567567568,0.093,263229.349966689,0.13776179455608165,154119.5,0.13,17,73,21,0.15315315315315314,0.6576576576576577,0.1891891891891892,1.1816867769415191,1.278229969099089,2.592251925897814,0,0.0,0,0.0,3,0.1061032953945969,6,0.07639437268410976,20,0.06366197723675814,2,3,0,1,0.11296754330134624,0.3575878145518307,0.11296754330134624,0.4816984939347996,309,98.35775483079132,2671,94.46730066632277,4127,52.54659601122017,0.011638548699750496,14.536737865252586,0.5305706824386018,0.5021842501504116,1.204534934828261,1.1647986210090375,0,5,2,7,0,6,20,0.0,5.0,2.0,7.0,0.0,6.0,20.0,300166,1591.170663070939,0.7708463654027365,0.6666666666666666,3,7,0,10,5,16,1,22
r0013c0033,San Pablo,1,0.1923151734620495,160189.07142857142,0.14677142857142858,70,8,1.9951786063827266,0,0.0,,,,,,,,,,0,0,0,,,,8,2.5464790894703255,89324.125,87256.5,714593.0,0.177625,0.178,40768.985636624384,0.0635720906867606,58810.5,0.05225000000000002,1,7,0,0.125,0.875,0.0,28,0.9902974236829043,121263.75,77071.5,3395385.0,0.15878571428571428,0.153,121697.07982151146,0.11779183054828271,104627.5,0.128,4,22,2,0.14285714285714285,0.7857142857142857,0.07142857142857142,70,0.8912676813146139,160189.07142857142,83486.0,11213235.0,0.14677142857142858,0.0975,228948.2714995835,0.14271702735301184,129942.0,0.13375,9,49,12,0.12857142857142856,0.7,0.17142857142857143,130,0.41380285203892786,210893.9153846154,91021.5,27416209.0,0.1354,0.096,313930.2249835919,0.12455057812642985,187975.25,0.12,18,89,23,0.13846153846153847,0.6846153846153846,0.17692307692307693,1.9951786063827266,2.1882780018018537,2.8468638683146397,0,0.0,0,0.0,3,0.1061032953945969,8,0.10185916357881301,21,0.06684507609859604,1,3,2,2,0.019776665806086325,0.163865676096944,0.019776665806086325,0.07451379285633442,345,109.81691073340778,2412,85.3070494972559,4087,52.0373001933261,0.019776665806086325,12.533101650803337,1.4250252782303126,1.1604683368438464,1.3060830253700801,0.7235569468651929,1,12,5,8,0,14,40,1.0,12.0,5.0,8.0,0.0,14.0,40.0,300166,1591.170663070939,0.9986691567105378,0.49295774647887325,2,8,0,10,4,16,5,25
r0013c0034,San Pablo,1,0.0950143150262838,167387.87323943662,0.1498732394366197,71,8,1.1988982663266796,0,0.0,,,,,,,,,,0,0,0,,,,5,1.5915494309189535,171115.4,91806.0,855577.0,0.156,0.159,221485.77303813442,0.07896518220076493,65416.0,0.05499999999999999,1,4,0,0.2,0.8,0.0,27,0.954929658551372,122706.37037037036,109755.0,3313072.0,0.15181481481481482,0.171,111215.5579321762,0.07036773574315316,80308.5,0.10250000000000001,1,23,3,0.037037037037037035,0.8518518518518519,0.1111111111111111,71,0.9040000767619655,167387.87323943662,82707.0,11884539.0,0.1498732394366197,0.099,234277.43972447523,0.14461396193980566,141237.0,0.137,10,48,13,0.14084507042253522,0.676056338028169,0.18309859154929578,130,0.41380285203892786,222655.0153846154,91021.5,28945152.0,0.14003846153846153,0.0975,330830.69491197116,0.13204729032182266,197398.25,0.12175,19,88,23,0.14615384615384616,0.676923076923077,0.17692307692307693,1.1988982663266796,1.7205205171818199,2.4285143197403904,0,0.0,0,0.0,3,0.1061032953945969,8,0.10185916357881301,20,0.06366197723675814,2,3,2,1,0.060354211588556216,0.40599538976229765,0.07143516620613076,0.060354211588556216,519,165.20283092938737,2514,88.9145615406722,4164,53.01769464277218,0.060354211588556216,12.748824926965325,0.6672192229741495,0.55501415746047,1.0652538258126483,0.5874366521806698,0,29,3,9,0,18,59,0.0,29.0,3.0,9.0,0.0,18.0,59.0,300166,1591.170663070939,0.7874823433647526,0.5714285714285714,2,8,0,10,5,17,5,27
r0014c0024,Calauan,1,0.07276179581128142,340643.6666666667,0.107,3,2,1.106710296906629,0,0.0,,,,,,,,,,0,0,0,,,,1,0.3183098861837907,238529.0,238529.0,238529.0,0.06,0.06,,,0.0,0.0,0,1,0,0.0,1.0,0.0,1,0.0353677651315323,238529.0,238529.0,238529.0,0.06,0.06,,,0.0,0.0,0,1,0,0.0,1.0,0.0,3,0.03819718634205488,340643.6666666667,238529.0,1021931.0,0.107,0.11,320326.085404129,0.045574115460423364,307877.0,0.04550000000000001,0,3,0,0.0,1.0,0.0,258,0.82123950635418,712745.7790697674,281086.0,183888411.0,0.14662403100775195,0.0975,1146905.9985697242,0.14301384291257124,717519.25,0.16924999999999998,75,125,58,0.29069767441860467,0.4844961240310077,0.2248062015503876,1.106710296906629,4.492302989677996,5.846717932457313,0,0.0,0,0.0,1,0.0353677651315323,2,0.025464790894703253,8,0.025464790894703253,0,0,1,1,0.03839974921928803,0.03839974921928803,0.0449740447287432,0.6171336278836334,71,22.600001919049138,287,10.15054859274977,750,9.54929658551372,0.03839974921928803,9.782397423582537,1.2174799727947092,3.0126852726785303,0.28989794931575535,0.07896919009031603,0,0,2,0,1,0,3,0.0,0.0,2.0,0.0,1.0,0.0,3.0,89670,1067.8179423230627,0.9986319907775536,0.47058823529411764,0,1,0,1,0,2,0,2
r0014c0025,Calauan,1,0.08616939305704942,242099.5,0.10350000000000001,4,2,1.4546816854398363,0,0.0,,,,,,,,,,0,0,0,,,,2,0.6366197723675814,92498.0,92498.0,184996.0,0.07650000000000001,0.07650000000000001,10371.842266444279,0.012020815280171309,7334.0,0.008499999999999994,0,2,0,0.0,1.0,0.0,3,0.1061032953945969,89606.66666666667,85164.0,268820.0,0.10133333333333334,0.085,8880.708380153766,0.043844421918111005,8004.0,0.04149999999999998,0,3,0,0.0,1.0,0.0,4,0.05092958178940651,242099.5,92498.0,968398.0,0.10350000000000001,0.0975,305071.8519622331,0.03606013495999887,164939.5,0.03949999999999999,0,4,0,0.0,1.0,0.0,225,0.716197243913529,573623.9466666667,221241.0,129065388.0,0.13964444444444446,0.096,1040863.2274016072,0.13665770513591932,482523.0,0.14500000000000002,57,118,50,0.25333333333333335,0.5244444444444445,0.2222222222222222,1.4546816854398363,3.982044125340701,5.307572134749946,0,0.0,0,0.0,1,0.0353677651315323,2,0.025464790894703253,9,0.02864788975654116,0,0,1,1,0.46036715840051556,0.46039836764293074,0.46036715840051556,0.7659953543580449,29,9.23098669932993,396,14.00563499208679,925,11.777465788800255,0.46036715840051556,9.910637790772942,2.1444335409687065,2.7150936635713503,1.0404668184251293,1.0643516837407347,0,0,0,0,0,0,0,0.0,0.0,0.0,0.0,0.0,0.0,0.0,89670,1067.8179423230627,0.9986319907775536,0.39655172413793105,0,1,0,1,0,2,1,3
r0014c0030,San Pablo,2,0.5206444927683114,161387.33333333334,0.16563333333333335,30,4,1.6084511847722611,0,0.0,,,,,,,,,,0,0,0,,,,0,0.0,,,,,,,,,,0,0,0,,,,9,0.3183098861837907,146463.55555555556,60062.0,1318172.0,0.17944444444444443,0.093,185480.5284046759,0.16444232355989677,176462.0,0.189,3,6,0,0.3333333333333333,0.6666666666666666,0.0,30,0.3819718634205488,161387.33333333334,107193.5,4841620.0,0.16563333333333335,0.153,174382.8893427914,0.11674950589375864,159351.25,0.12424999999999999,5,23,2,0.16666666666666666,0.7666666666666667,0.06666666666666667,166,0.5283944110650926,278494.2710843373,99995.5,46230049.0,0.140210843373494,0.099,621871.3461101722,0.1189247182421778,218870.5,0.14800000000000002,31,95,40,0.18674698795180722,0.572289156626506,0.24096385542168675,1.6084511847722611,2.6682229101034634,3.502592525070739,0,0.0,0,0.0,2,0.0707355302630646,4,0.05092958178940651,17,0.054112680651244416,0,0,1,3,0.02503169891064297,0.3473733047585879,0.02503169891064297,1.630539638281664,53,16.870423967740905,654,23.130518396022122,2542,32.36574922716783,0.02503169891064297,11.027475880487199,2.152223003140736,4.137467188513552,3.2125870796834612,3.0188907029300336,0,0,0,4,0,1,5,0.0,0.0,0.0,4.0,0.0,1.0,5.0,300166,1591.170663070939,1.0049887325753195,0.5555555555555556,1,4,0,5,1,11,2,14
r0014c0033,San Pablo,1,0.11122463341276465,192509.431372549,0.15852941176470586,51,11,2.5838637872550696,0,0.0,,,,,,,,,,0,0,0,,,,1,0.3183098861837907,561606.0,561606.0,561606.0,0.123,0.123,,,0.0,0.0,0,1,0,0.0,1.0,0.0,18,0.6366197723675814,204732.38888888888,133407.0,3685183.0,0.1992777777777778,0.153,226138.70059744018,0.21280944405059707,183126.75,0.0975,2,15,1,0.1111111111111111,0.8333333333333334,0.05555555555555555,51,0.649352167814933,192509.431372549,125430.0,9817981.0,0.15852941176470586,0.121,243268.84774728183,0.15394315222720062,181929.5,0.133,7,38,6,0.13725490196078433,0.7450980392156863,0.11764705882352941,118,0.375605665696873,250368.93220338982,106717.0,29543534.0,0.146864406779661,0.099,343079.9251119173,0.1421666239970019,241087.0,0.123,19,79,20,0.16101694915254236,0.6694915254237288,0.1694915254237288,2.5838637872550696,2.7285085990074207,3.0280626139917723,0,0.0,0,0.0,3,0.1061032953945969,11,0.1400563499208679,21,0.06684507609859604,2,4,2,3,0.1938370541855999,0.3516988810289072,0.1938370541855999,0.27368997717866417,188,59.84225860255265,1798,63.59124170649507,3669,46.71515889633312,0.1938370541855999,11.550565887865591,1.9971481831186715,1.920181891959849,2.218420775880382,1.6920519659488562,1,5,2,0,0,2,10,1.0,5.0,2.0,0.0,0.0,2.0,10.0,300166,1591.170663070939,0.9986734122976759,0.49295774647887325,1,6,1,8,3,14,5,22
r0014c0047,Nagcarlan,1,0.18606309139560134,177964.91666666666,0.10725000000000001,12,5,3.5961723946915622,0,0.0,,,,,,,,,,0,0,0,,,,0,0.0,,,,,,,,,,0,0,0,,,,2,0.0707355302630646,40296.0,40296.0,80592.0,0.037000000000000005,0.037000000000000005,18654.891101263496,0.01697056274847714,13191.0,0.012000000000000004,0,1,1,0.0,0.5,0.5,12,0.15278874536821951,177964.91666666666,53066.5,2135579.0,0.10725000000000001,0.048,252380.57254956645,0.12940642459813473,146243.25,0.08125000000000002,2,5,5,0.16666666666666666,0.4166666666666667,0.4166666666666667,25,0.07957747154594767,373768.52,155878.0,9344213.0,0.157,0.058,463202.2683873392,0.18028126173658018,692050.0,0.254,7,8,10,0.28,0.32,0.4,3.5961723946915622,3.79080222090086,4.0234270512631,0,0.0,0,0.0,0,0.0,5,0.06366197723675814,69,0.21963382146681557,2,0,3,0,0.30615498388135387,0.30615498388135387,0.41240403389435565,1.2186362966305984,14,4.45633840657307,100,3.53677651315323,524,6.671775214412253,0.30615498388135387,19.029212445525847,3.5565787980704604,4.28764932841793,8.65854257441976,3.3091100681771497,0,0,0,0,0,0,0,0.0,0.0,0.0,0.0,0.0,0.0,0.0,66351,825.551237389217,3.160174153039077,0.07462686567164178,1,0,0,1,1,2,1,4
r0015c0032,San Pablo,1,0.18520135109766916,236394.89743589744,0.1747948717948718,39,9,1.8113064782391277,0,0.0,,,,,,,,,,0,0,0,,,,0,0.0,,,,,,,,,,0,0,0,,,,12,0.4244131815783876,217518.25,107193.5,2610219.0,0.21341666666666667,0.16549999999999998,271072.3196770811,0.23505529652454638,157650.75,0.09275000000000003,2,9,1,0.16666666666666666,0.75,0.08333333333333333,39,0.4965634224467134,236394.89743589744,126657.0,9219401.0,0.1747948717948718,0.153,277685.07169736037,0.15635438483528363,206512.5,0.1235,7,30,2,0.1794871794871795,0.7692307692307693,0.05128205128205128,156,0.4965634224467134,315562.4166666667,114726.5,49227737.0,0.14866025641025643,0.1135,647922.6372015656,0.13523153367679816,244946.75,0.15100000000000002,31,91,34,0.1987179487179487,0.5833333333333334,0.21794871794871795,1.8113064782391277,2.923264797931864,3.2167303132571634,0,0.0,0,0.0,1,0.0353677651315323,9,0.11459155902616464,23,0.07321127382227186,1,3,2,3,0.16880260737834976,0.17942918872696995,0.16880260737834976,0.798746786330537,104,33.10422816311423,789,27.905166688778984,3017,38.41363706465986,0.16589602393510344,10.410767589710789,0.6008773425082166,3.3246878363179486,1.424331247254135,1.5202848431217453,0,1,0,1,0,6,8,0.0,1.0,0.0,1.0,0.0,6.0,8.0,300166,1591.170663070939,2.004692508959694,0.44285714285714284,1,3,1,5,1,10,4,15
r0016c0036,San Pablo,1,0.09485331846292912,188839.64285714287,0.16121428571428573,28,15,0.48823333832210614,0,0.0,,,,,,,,,,0,0,0,,,,1,0.3183098861837907,1386277.0,1386277.0,1386277.0,0.238,0.238,,,0.0,0.0,1,0,0,1.0,0.0,0.0,3,0.1061032953945969,627583.0,421629.0,1882749.0,0.21533333333333335,0.238,679542.1779963331,0.17808518560883535,655717.0,0.177,2,0,1,0.6666666666666666,0.0,0.3333333333333333,28,0.35650707252584557,188839.64285714287,102892.5,5287510.0,0.16121428571428573,0.156,273031.14473562443,0.11046714180239035,131047.25,0.13525000000000004,4,22,2,0.14285714285714285,0.7857142857142857,0.07142857142857142,108,0.3437746770784939,271509.6388888889,100719.0,29323041.0,0.15276851851851855,0.1135,428397.3756565179,0.14401879462508127,223899.0,0.13475,19,70,19,0.17592592592592593,0.6481481481481481,0.17592592592592593,0.48823333832210614,1.3047480348557812,1.8669812745231205,1,1.2732395447351628,1,0.3183098861837907,4,0.1414710605261292,15,0.1909859317102744,23,0.07321127382227186,2,9,4,0,0.1826090778821328,0.1826090778821328,0.3119273323120352,0.22327691206492095,47,14.960564650638162,491,17.365572679582357,2590,32.97690420864071,0.23347648662137366,10.520803226289845,0.15962642032071367,3.738081554303638,3.158409837698568,3.0073284089610177,0,0,0,0,0,1,1,0.0,0.0,0.0,0.0,0.0,1.0,1.0,300166,1591.170663070939,1.9372289656589001,0.44,1,0,2,3,1,8,2,11
r0016c0037,San Pablo,0,0.03155986755616069,249563.14814814815,0.14185185185185184,27,14,0.4110999350718546,0,0.0,,,,,,,,,,0,0,0,,,,0,0.0,,,,,,,,,,0,0,0,,,,7,0.24757435592072607,439398.85714285716,342317.0,3075792.0,0.13685714285714284,0.09,436094.91426845314,0.12653251040928648,237610.0,0.11099999999999999,2,5,0,0.2857142857142857,0.7142857142857143,0.0,27,0.3437746770784939,249563.14814814815,122581.0,6738205.0,0.14185185185185184,0.115,324988.63820929354,0.10127331781019569,242377.0,0.14250000000000002,5,19,3,0.18518518518518517,0.7037037037037037,0.1111111111111111,112,0.35650707252584557,272016.5714285714,114726.5,30465856.0,0.1489732142857143,0.111,420832.86767628253,0.13829016757251017,238038.25,0.128,18,76,18,0.16071428571428573,0.6785714285714286,0.16071428571428573,0.4110999350718546,1.2121012930405703,1.677658753966203,1,1.2732395447351628,2,0.6366197723675814,6,0.2122065907891938,14,0.17825353626292278,21,0.06684507609859604,2,9,3,0,0.2850655243614333,0.3573754553720276,0.2850655243614333,0.4911171365889595,22,7.002817496043395,482,17.047262793398566,1964,25.006424658598593,0.30837743644598314,11.180544209366017,0.3165198457321453,4.348294136675709,4.501531269451168,2.983269811009121,0,0,0,0,0,2,2,0.0,0.0,0.0,0.0,0.0,2.0,2.0,300166,1591.170663070939,1.4051178315982138,0.4084507042253521,0,1,2,3,1,4,4,9
r0016c0049,Liliw,0,0.03307403631535179,363441.26666666666,0.16346666666666668,15,55,1.7207265172374988,0,0.0,,,,,,,,,,0,0,0,,,,0,0.0,,,,,,,,,,0,0,0,,,,6,0.2122065907891938,265515.5,87085.5,1593093.0,0.13583333333333333,0.036000000000000004,341135.86944016896,0.17149275980829823,513499.25,0.232,2,1,3,0.3333333333333333,0.16666666666666666,0.5,15,0.1909859317102744,363441.26666666666,159947.0,5451619.0,0.16346666666666668,0.066,456872.3765563087,0.1653238668564855,477928.0,0.231,4,6,5,0.26666666666666666,0.4,0.3333333333333333,27,0.08594366926962348,380601.2962962963,193472.0,10276235.0,0.1622222222222222,0.099,443136.5293556495,0.1728038757874935,661161.0,0.231,7,10,10,0.25925925925925924,0.37037037037037035,0.37037037037037035,1.7207265172374988,2.3493449418714523,2.8382892293140936,0,0.0,0,0.0,2,0.0707355302630646,55,0.7002817496043394,69,0.21963382146681557,17,4,5,29,0.019251604484235824,0.11064539051772034,0.019251604484235824,1.5506707224629832,9,2.864788975654116,205,7.250391851964121,690,8.785352858672622,0.019251604484235824,19.16360637855852,5.42366217754824,3.1897472222699625,5.876238793449997,2.870732774196579,0,0,0,0,0,3,3,0.0,0.0,0.0,0.0,0.0,3.0,3.0,39976,969.8296736865921,4.993645985731598,0.0136986301369863,0,2,1,3,2,4,1,7
r0017c0035,San Pablo,2,0.42804585333592127,166062.25,0.14346428571428574,28,14,1.0568955717633373,0,0.0,,,,,,,,,,0,0,0,,,,0,0.0,,,,,,,,,,0,0,0,,,,7,0.24757435592072607,252051.14285714287,228327.0,1764358.0,0.10671428571428572,0.063,148156.02064763638,0.12351884375229863,250270.5,0.048,1,5,1,0.14285714285714285,0.7142857142857143,0.14285714285714285,28,0.35650707252584557,166062.25,117033.5,4649743.0,0.14346428571428574,0.10700000000000001,149447.61418256603,0.11397351288879204,166703.5,0.11699999999999999,3,23,2,0.10714285714285714,0.8214285714285714,0.07142857142857142,112,0.35650707252584557,291329.90178571426,124005.5,32628949.0,0.15550892857142856,0.10450000000000001,467930.40907956456,0.14999975949144168,292775.75,0.14125000000000001,21,71,20,0.1875,0.6339285714285714,0.17857142857142858,1.0568955717633373,1.1553072249073157,1.7605178561405725,0,0.0,0,0.0,4,0.1414710605261292,14,0.17825353626292278,23,0.07321127382227186,2,7,4,1,0.2351080706062866,0.5939733923553141,0.2351080706062866,0.669468683688552,36,11.459155902616464,239,8.452895866436219,1970,25.082819031282703,0.3765493361484719,9.47324327757945,0.6015203300584033,3.523043327507603,2.535742272441687,2.9840925779865284,0,0,0,1,0,0,1,0.0,0.0,0.0,1.0,0.0,0.0,1.0,300166,1591.170663070939,1.009909429073605,0.41333333333333333,1,1,1,3,1,7,1,9
r0017c0036,San Pablo,2,0.36561563544732884,215712.33333333334,0.13116666666666668,24,14,0.7740047965859383,0,0.0,,,,,,,,,,0,0,0,,,,5,1.5915494309189535,253577.2,228327.0,1267886.0,0.0678,0.063,133725.66969808005,0.024406966218684368,190398.0,0.040999999999999995,0,5,0,0.0,1.0,0.0,7,0.24757435592072607,389858.0,228327.0,2729006.0,0.08628571428571429,0.063,457616.6108170317,0.07144161785615413,256374.5,0.048,1,5,1,0.14285714285714285,0.7142857142857143,0.14285714285714285,24,0.30557749073643903,215712.33333333334,117033.5,5177096.0,0.13116666666666668,0.0945,290828.6752971609,0.11231735576391168,173591.25,0.11925,3,19,2,0.125,0.7916666666666666,0.08333333333333333,106,0.3374084793548181,299206.8962264151,120274.0,31715931.0,0.14783962264150943,0.099,488962.95457045146,0.14391254863002592,239220.75,0.1275,18,69,19,0.16981132075471697,0.6509433962264151,0.1792452830188679,0.7740047965859383,1.0655281898527011,1.6244471816307384,0,0.0,1,0.3183098861837907,4,0.1414710605261292,14,0.17825353626292278,23,0.07321127382227186,1,9,4,0,0.0060475563027725275,0.0060475563027725275,0.007362241893615351,0.3752097344060979,43,13.687325105903,195,6.896714200648798,1671,21.275832792524568,0.005187332571557611,9.89058088917954,0.23298649301294336,3.9686042670986055,3.5305016442433117,3.8185819267416075,0,0,0,3,0,2,5,0.0,0.0,0.0,3.0,0.0,2.0,5.0,300166,1591.170663070939,1.9987308187736021,0.40540540540540543,1,1,1,3,1,6,2,9
r0017c0041,Rizal,2,0.3804949384648194,522368.0,0.28159999999999996,5,11,1.5364319028828959,0,0.0,,,,,,,,,,0,0,0,,,,2,0.6366197723675814,380628.5,380628.5,761257.0,0.178,0.178,504849.4930298534,0.23617366491630684,356982.5,0.16699999999999998,1,0,1,0.5,0.0,0.5,3,0.1061032953945969,705122.6666666666,737611.0,2115368.0,0.3333333333333333,0.345,665827.2282719695,0.316661228023472,665232.5,0.3165,2,0,1,0.6666666666666666,0.0,0.3333333333333333,5,0.06366197723675814,522368.0,421629.0,2611840.0,0.28159999999999996,0.345,547100.6699246493,0.26611989779045087,662768.0,0.354,3,0,2,0.6,0.0,0.4,90,0.2864788975654116,274025.3,114726.5,24662277.0,0.14276666666666668,0.0975,488105.73140265676,0.1297767356793794,215148.75,0.15250000000000002,14,56,20,0.15555555555555556,0.6222222222222222,0.2222222222222222,1.5364319028828959,1.7241655723199774,1.7820740751011166,0,0.0,0,0.0,5,0.17683882565766149,11,0.1400563499208679,70,0.22281692032865347,1,6,4,0,0.1508549973824071,0.9190382737573303,0.1508549973824071,0.8426542178205092,34,10.822536130248883,297,10.504226244065093,871,11.089916434643268,0.1508549973824071,12.625890670915512,1.41570225654671,1.417319646115341,7.605235718191367,1.2447555333315106,0,0,0,0,0,0,0,0.0,0.0,0.0,0.0,0.0,0.0,0.0,18864,993.8005006121011,1.4527924851041125,0.22857142857142856,1,0,2,3,2,0,3,5
r0017c0042,Rizal,2,0.39439849967443397,449126.125,0.201,8,9,2.4086774158935134,0,0.0,,,,,,,,,,0,0,0,,,,1,0.3183098861837907,943736.0,943736.0,943736.0,0.279,0.279,,,0.0,0.0,1,0,0,1.0,0.0,0.0,3,0.1061032953945969,773831.0,943736.0,2321493.0,0.31133333333333335,0.279,681311.280418136,0.3177362637996068,665232.5,0.3165,2,0,1,0.6666666666666666,0.0,0.3333333333333333,8,0.10185916357881301,449126.125,182343.5,3593009.0,0.201,0.14650000000000002,507968.77863518836,0.2146631913353701,759230.25,0.24400000000000002,3,2,3,0.375,0.25,0.375,78,0.2482817112233567,272085.26923076925,120274.0,21222651.0,0.13798717948717948,0.0945,440389.17290976556,0.12781749301958445,234931.0,0.14475,12,48,18,0.15384615384615385,0.6153846153846154,0.23076923076923078,2.4086774158935134,2.4480332347771228,2.525533636615619,0,0.0,0,0.0,6,0.2122065907891938,9,0.11459155902616464,71,0.22600001919049137,1,5,3,0,0.3750963438382678,0.9350402659774674,0.3750963438382678,0.719029198716121,64,20.371832715762604,405,14.32394487827058,965,12.28676160669432,0.3750963438382678,13.316650761506397,0.696542014061712,1.0011297274005468,8.242709709898794,0.9249000112324481,0,0,0,0,0,0,0,0.0,0.0,0.0,0.0,0.0,0.0,0.0,18864,993.8005006121011,2.23595399303916,0.2,1,0,2,3,1,2,2,5
r0017c0048,Liliw,2,0.36099841643784913,304893.3125,0.1378125,16,55,3.121010212314628,0,0.0,,,,,,,,,,0,0,0,,,,0,0.0,,,,,,,,,,0,0,0,,,,12,0.4244131815783876,135927.08333333334,53066.5,1631125.0,0.08166666666666668,0.047,203096.55091850384,0.11255651778981837,131993.25,0.036500000000000005,1,5,6,0.08333333333333333,0.4166666666666667,0.5,16,0.20371832715762603,304893.3125,152671.0,4878293.0,0.1378125,0.053500000000000006,446633.65678084444,0.15907575501418605,328708.75,0.18775,3,7,6,0.1875,0.4375,0.375,29,0.0923098669932993,325223.6551724138,149464.0,9431486.0,0.14262068965517238,0.066,437258.8372393956,0.16634396674041402,372040.0,0.183,6,12,11,0.20689655172413793,0.41379310344827586,0.3793103448275862,3.121010212314628,3.167499012629157,3.20182044891001,0,0.0,0,0.0,0,0.0,55,0.7002817496043394,72,0.22918311805232927,17,4,5,29,0.07829443741904614,0.15362078690077613,0.07829443741904614,0.7485534851505382,20,6.366197723675814,392,13.864163931560661,950,12.095775674984045,0.07829443741904614,17.754060700741153,5.011863767368106,1.7739347639635168,5.7094115988181064,1.4621089277793544,0,0,0,0,0,0,0,0.0,0.0,0.0,0.0,0.0,0.0,0.0,39976,969.8296736865921,4.119479062353925,0.041666666666666664,3,3,0,6,3,4,1,8
r0018c0028,Bay,1,0.22146798389523786,418211.73076923075,0.1893076923076923,26,4,2.7525334047907988,0,0.0,,,,,,,,,,0,0,0,,,,1,0.3183098861837907,262286.0,262286.0,262286.0,0.079,0.079,,,0.0,0.0,0,1,0,0.0,1.0,0.0,12,0.4244131815783876,622720.4166666666,520865.5,7472645.0,0.13616666666666666,0.135,604813.8381890683,0.10810418655868582,728597.25,0.055249999999999994,2,8,2,0.16666666666666666,0.6666666666666666,0.16666666666666666,26,0.3310422816311423,418211.73076923075,251025.0,10873505.0,0.1893076923076923,0.126,476501.4904713358,0.21764921671915463,446817.0,0.11149999999999999,7,13,6,0.2692307692307692,0.5,0.23076923076923078,358,1.1395493925379705,718440.6480446927,313217.0,257201752.0,0.14722625698324024,0.1,1047364.2886136813,0.14021804422001527,832450.75,0.15975,108,181,69,0.3016759776536313,0.505586592178771,0.19273743016759776,2.7525334047907988,3.407388967045035,4.293141484649645,0,0.0,0,0.0,1,0.0353677651315323,4,0.05092958178940651,17,0.054112680651244416,0,0,2,2,0.16595827368661673,0.39290413044684624,0.16595827368661673,0.6554395397684107,51,16.233804195373324,505,17.860721391423812,2179,27.743889679779194,0.16595827368661673,6.859760243965921,1.2993747353292218,5.671941796813703,2.73140528337619,3.3455116292344687,0,0,0,1,0,1,2,0.0,0.0,0.0,1.0,0.0,1.0,2.0,69802,1131.3051384652163,0.9986496525851875,0.5857142857142857,0,2,1,3,1,4,3,8
r0018c0041,Nagcarlan,0,0.010114691525021629,706386.0,0.33519999999999994,5,10,1.6908045894329495,0,0.0,,,,,,,,,,0,0,0,,,,3,0.954929658551372,1011819.3333333334,943736.0,3035458.0,0.4226666666666667,0.345,313838.44204993965,0.19450021422438932,308250.0,0.1825,3,0,0,1.0,0.0,0.0,3,0.1061032953945969,1011819.3333333334,943736.0,3035458.0,0.4226666666666667,0.345,313838.44204993965,0.19450021422438932,308250.0,0.1825,3,0,0,1.0,0.0,0.0,5,0.06366197723675814,706386.0,737611.0,3531930.0,0.33519999999999994,0.345,489078.4212802687,0.22118815519823842,522107.0,0.10199999999999998,4,0,1,0.8,0.0,0.2,87,0.2769296009798979,294087.3908045977,125430.0,25585603.0,0.1520919540229885,0.11,498274.47830169095,0.13241843757169203,227679.5,0.16,17,54,16,0.19540229885057472,0.6206896551724138,0.1839080459770115,1.6908045894329495,2.0239130285273608,2.347160073385528,0,0.0,0,0.0,6,0.2122065907891938,10,0.12732395447351627,71,0.22600001919049137,1,5,4,0,0.32203996579224986,1.6025883853751222,0.33217610253952085,0.32203996579224986,15,4.7746482927568605,262,9.266354464461463,856,10.898930502932993,0.32203996579224986,11.902451113773235,1.7021885067906737,2.2429977979996454,6.827434270232153,2.0960036331952066,0,0,0,0,0,1,1,0.0,0.0,0.0,0.0,0.0,1.0,1.0,66351,825.551237389217,2.2894278209494665,0.18571428571428572,0,0,3,3,1,1,3,5
r0018c0046,Liliw,1,0.20849539016448465,409152.9130434783,0.16617391304347826,23,50,1.7131408159226198,0,0.0,,,,,,,,,,0,0,0,,,,2,0.6366197723675814,102254.0,102254.0,204508.0,0.0565,0.0565,81590.22305399098,0.013435028842544406,57693.0,0.009499999999999995,0,1,1,0.0,0.5,0.5,10,0.35367765131532297,263767.2,104262.0,2637672.0,0.12930000000000003,0.052500000000000005,326514.65698726464,0.14710015484545066,505565.25,0.21625,3,3,4,0.3,0.3,0.4,23,0.2928450952890874,409152.9130434783,159947.0,9410517.0,0.16617391304347826,0.066,470621.1153467987,0.18278219830117562,688507.5,0.264,7,8,8,0.30434782608695654,0.34782608695652173,0.34782608695652173,28,0.08912676813146139,463733.46428571426,176709.5,12984537.0,0.16957142857142857,0.0825,632319.7907522147,0.1790196406711614,686236.25,0.284,9,9,10,0.32142857142857145,0.32142857142857145,0.35714285714285715,1.7131408159226198,3.548349468981297,3.915391199593033,0,0.0,0,0.0,1,0.0353677651315323,50,0.6366197723675814,73,0.2323662169141672,15,4,4,27,0.1215998045684887,0.36058500108989977,0.1215998045684887,0.5285648661152543,146,46.47324338283344,719,25.429423129571724,1099,13.992902596639437,0.1215998045684887,15.724027392337973,3.8801615339941797,0.5403112067229849,6.767472266350498,0.6776949587874983,0,1,0,0,0,1,2,0.0,1.0,0.0,0.0,0.0,1.0,2.0,39976,969.8296736865921,2.2359721862453483,0.04225352112676056,1,2,1,4,4,4,3,11
r0018c0047,Liliw,1,0.09603334469586146,398029.78571428574,0.15921428571428572,14,54,2.619827305917465,0,0.0,,,,,,,,,,0,0,0,,,,4,1.2732395447351628,267812.75,182343.5,1071251.0,0.168,0.14650000000000002,265196.2708377514,0.1283147172644926,183912.75,0.1865,1,3,0,0.25,0.75,0.0,9,0.3183098861837907,462504.8888888889,204740.0,4162544.0,0.19977777777777778,0.208,533065.2000849531,0.17446473696550957,504454.0,0.249,3,5,1,0.3333333333333333,0.5555555555555556,0.1111111111111111,14,0.17825353626292278,398029.78571428574,199106.0,5572417.0,0.15921428571428572,0.10550000000000001,455631.81301559,0.15143375224394762,482464.5,0.17099999999999999,3,8,3,0.21428571428571427,0.5714285714285714,0.21428571428571427,26,0.08276057040778557,460636.3846153846,176709.5,11976546.0,0.16576923076923078,0.10550000000000001,651095.926723679,0.17108133917930562,658379.5,0.23750000000000002,7,11,8,0.2692307692307692,0.4230769230769231,0.3076923076923077,2.619827305917465,3.2232956808711655,3.3439893558619054,0,0.0,0,0.0,1,0.0353677651315323,54,0.6875493541569878,73,0.2323662169141672,17,4,5,28,0.044941462685023005,0.044941462685023005,0.04546660063436249,0.12167168897943939,216,68.75493541569878,627,22.17558873747075,1049,13.356282824271856,0.044941462685023005,16.345321449848395,4.517791771039762,0.3662619586747208,5.88893616740142,0.22216214621418498,7,13,2,2,2,10,36,7.0,13.0,2.0,2.0,2.0,10.0,36.0,39976,969.8296736865921,3.1601701742541874,0.041666666666666664,3,2,1,6,3,4,2,9
r0018c0055,Majayjay,0,0.008201760525963175,22084.0,0.019,1,58,1.8702334501256073,0,0.0,,,,,,,,,,0,0,0,,,,0,0.0,,,,,,,,,,0,0,0,,,,0,0.0,,,,,,,,,,0,0,0,,,,1,0.012732395447351627,22084.0,22084.0,22084.0,0.019,0.019,,,0.0,0.0,0,0,1,0.0,0.0,1.0,25,0.07957747154594767,287139.68,149464.0,7178492.0,0.12984,0.066,389057.91961659555,0.1388562446081078,354584.0,0.183,4,12,9,0.16,0.48,0.36,1.8702334501256073,2.1694682292743805,2.4729402835129712,0,0.0,0,0.0,4,0.1414710605261292,58,0.7384789359463944,68,0.21645072260497766,17,4,5,32,0.05672047459141211,0.42467914455592704,0.5289060604980066,0.05672047459141211,10,3.183098861837907,45,1.5915494309189535,277,3.5268735389164005,0.03320440380587246,19.624866682702933,2.110234531687283,4.5167549102472515,4.174690186401297,4.7468124519564405,0,1,0,0,0,0,1,0.0,1.0,0.0,0.0,0.0,0.0,1.0,28504,439.7193000838198,10.983496109807305,0.0,0,0,0,0,1,0,0,1
r0019c0027,Bay,1,0.10501801011037729,330267.4326923077,0.1292980769230769,104,3,3.7706831848755638,0,0.0,,,,,,,,,,0,0,0,,,,0,0.0,,,,,,,,,,0,0,0,,,,14,0.49514871184145215,565114.2857142857,419500.0,7911600.0,0.20092857142857143,0.1445,570481.6434401898,0.16289896079647478,624668.0,0.14675,5,7,2,0.35714285714285715,0.5,0.14285714285714285,104,1.3241691265245692,330267.4326923077,105015.0,34347813.0,0.1292980769230769,0.079,757442.4554015015,0.12169282352397263,260363.75,0.158,23,45,36,0.22115384615384615,0.4326923076923077,0.34615384615384615,425,1.3528170162811104,754799.7176470588,346112.0,320789880.0,0.14470588235294118,0.099,1049684.0693005733,0.13717333611108473,924502.0,0.15600000000000003,132,206,87,0.31058823529411766,0.48470588235294115,0.20470588235294118,3.7706831848755638,4.283632473188731,4.687848400867599,0,0.0,0,0.0,0,0.0,3,0.03819718634205488,14,0.044563384065730696,0,0,1,2,0.23211678247334214,0.8798568475340672,0.4037634340874514,0.23211678247334214,27,8.594366926962348,685,24.226919115099623,2778,35.37059455274282,0.022129380059506463,6.102871451364441,0.3794306375512631,4.504404358662727,2.6787404500896153,2.3954998815548247,0,0,0,0,0,0,0,0.0,0.0,0.0,0.0,0.0,0.0,0.0,69802,1131.3051384652163,1.0212121762788304,0.6753246753246753,1,2,0,3,2,7,3,12
r0019c0041,Nagcarlan,2,0.7343666608382116,498148.3333333333,0.225,6,9,2.3188773161746132,0,0.0,,,,,,,,,,0,0,0,,,,0,0.0,,,,,,,,,,0,0,0,,,,3,0.1061032953945969,568331.0,737611.0,1704993.0,0.21166666666666667,0.279,482838.67991804465,0.17688791177842914,460045.0,0.16699999999999998,2,0,1,0.6666666666666666,0.0,0.3333333333333333,6,0.07639437268410976,498148.3333333333,579620.0,2988890.0,0.225,0.29300000000000004,387238.11930938135,0.16332544198623802,613432.0,0.24549999999999997,4,0,2,0.6666666666666666,0.0,0.3333333333333333,68,0.21645072260497766,334723.0294117647,150691.5,22761166.0,0.15430882352941178,0.10550000000000001,535511.2372487348,0.13104109613478973,316984.75,0.17575000000000002,16,40,12,0.23529411764705882,0.5882352941176471,0.17647058823529413,2.3188773161746132,2.5762560888151227,2.9226518322928037,0,0.0,0,0.0,3,0.1061032953945969,9,0.11459155902616464,70,0.22281692032865347,1,5,3,0,0.10780017010848252,1.0879657869965336,0.10780017010848252,1.0747399104769075,11,3.5014087480216975,159,5.623474655913635,850,10.822536130248883,0.10780017010848252,11.221112518168235,2.330582611842973,3.1738742571043677,6.116229558263109,1.739677915749146,0,0,0,0,0,0,0,0.0,0.0,0.0,0.0,0.0,0.0,0.0,66351,825.551237389217,2.9961347561989333,0.1267605633802817,1,0,2,3,2,1,2,5
r0019c0046,Liliw,1,0.22541584410581206,389710.5909090909,0.1660909090909091,22,51,2.3920967926762873,0,0.0,,,,,,,,,,0,0,0,,,,2,0.6366197723675814,124650.5,124650.5,249301.0,0.137,0.137,113263.65710368,0.12727922061357855,80089.5,0.09,0,1,1,0.0,0.5,0.5,12,0.4244131815783876,394380.6666666667,180309.0,4732568.0,0.16683333333333336,0.0785,502994.86321402626,0.17430998163320913,636597.25,0.209,3,5,4,0.25,0.4166666666666667,0.3333333333333333,22,0.2801126998417358,389710.5909090909,174675.0,8573633.0,0.1660909090909091,0.0785,474055.38209305896,0.18380966063292578,669355.5,0.23900000000000002,6,8,8,0.2727272727272727,0.36363636363636365,0.36363636363636365,30,0.0954929658551372,423920.8,174675.0,12717624.0,0.1649,0.10550000000000001,614759.0840762212,0.17112273272470965,549263.5,0.23750000000000002,8,12,10,0.26666666666666666,0.4,0.3333333333333333,2.3920967926762873,3.5027031761501033,3.8119479741794415,0,0.0,0,0.0,1,0.0353677651315323,51,0.649352167814933,81,0.2578310078088704,15,4,4,28,0.04517610606088085,0.41485009790572214,0.04517610606088085,0.26912481525919374,140,44.563384065730695,678,23.979344759178897,1137,14.4767336236388,0.04517610606088085,14.937616785556743,4.377787693571438,0.9090125490708176,6.385662728586484,0.46444122897018536,1,2,1,0,2,7,13,1.0,2.0,1.0,0.0,2.0,7.0,13.0,39976,969.8296736865921,1.9974443750543338,0.04225352112676056,2,2,2,6,4,3,4,11
r0019c0047,Liliw,0,0.051421938184180394,341371.1666666667,0.14166666666666666,18,52,3.1065979344272807,0,0.0,,,,,,,,,,0,0,0,,,,8,2.5464790894703255,168552.875,100219.5,1348423.0,0.10425,0.047,244790.62790616887,0.13409032137225374,153647.0,0.08275000000000002,1,3,4,0.125,0.375,0.5,13,0.45978094670991987,387703.6153846154,159947.0,5040147.0,0.1716923076923077,0.066,484594.8100926756,0.17574668541937694,609357.0,0.282,4,4,5,0.3076923076923077,0.3076923076923077,0.38461538461538464,18,0.22918311805232927,341371.1666666667,157912.5,6144681.0,0.1416666666666667,0.0575,438371.5912335306,0.15700693128199225,543432.25,0.19525,4,7,7,0.2222222222222222,0.3888888888888889,0.3888888888888889,32,0.10185916357881301,425702.96875,176709.5,13622495.0,0.15990625,0.10550000000000001,601099.833526763,0.16521332434256802,634394.25,0.21500000000000002,8,13,11,0.25,0.40625,0.34375,3.1065979344272807,3.189483343374326,3.2260223980290355,0,0.0,0,0.0,0,0.0,52,0.6620845632622846,80,0.25464790894703254,15,4,5,28,0.12964734879799142,0.19788435421825237,0.12964734879799142,0.5373555559788165,213,67.80000575714742,636,22.49389862365454,1068,13.598198337771537,0.12964734879799142,15.589524993963549,3.7164913969949054,0.7137179355747654,5.445890936956236,0.8998510835471684,2,2,0,2,0,1,7,2.0,2.0,0.0,2.0,0.0,1.0,7.0,39976,969.8296736865921,2.996172849904974,0.027777777777777776,1,3,2,6,3,4,2,9
r0019c0049,Majayjay,0,0.03489946990162346,335992.3888888889,0.14411111111111113,18,59,1.3080846002612299,0,0.0,,,,,,,,,,0,0,0,,,,0,0.0,,,,,,,,,,0,0,0,,,,12,0.4244131815783876,346325.3333333333,157912.5,4155904.0,0.16408333333333336,0.062,494806.474464206,0.17573195411469622,424844.25,0.209,3,5,4,0.25,0.4166666666666667,0.3333333333333333,18,0.22918311805232927,335992.3888888889,157912.5,6047863.0,0.14411111111111113,0.062,441447.96394114336,0.1552348842272437,543642.5,0.18575,4,8,6,0.2222222222222222,0.4444444444444444,0.3333333333333333,31,0.09867606471697511,345988.4516129032,159947.0,10725642.0,0.15464516129032257,0.099,425416.49058249086,0.1624304052791219,505978.5,0.194,7,14,10,0.22580645161290322,0.45161290322580644,0.3225806451612903,1.3080846002612299,1.3080846002612299,1.3080846002612299,0,0.0,0,0.0,51,1.8037560217081472,59,0.751211331393746,78,0.2482817112233567,18,4,5,32,0.07704936821678018,0.07704936821678018,0.08946711143203405,0.4477475257410858,34,10.822536130248883,469,16.587481846688647,942,11.993916511405233,0.07704936821678018,16.980767321532856,2.7953965514685106,1.4857092858005245,3.6612136074890396,1.3150138117344634,0,0,0,0,0,0,0,0.0,0.0,0.0,0.0,0.0,0.0,0.0,28504,439.7193000838198,4.993642250994585,0.014285714285714285,1,2,2,5,2,4,2,8
r0020c0029,Bay,1,0.203213664649022,319068.0,0.1317685185185185,108,5,2.4499647791501378,0,0.0,,,,,,,,,,0,0,0,,,,6,1.909859317102744,824450.8333333334,684160.0,4946705.0,0.16333333333333336,0.1355,712106.4782127505,0.1430030302709235,318589.25,0.045249999999999985,1,4,1,0.16666666666666666,0.6666666666666666,0.16666666666666666,15,0.5305164769729844,495866.73333333334,362499.0,7438001.0,0.17053333333333334,0.126,530838.5944323601,0.17408531023063156,476833.5,0.17600000000000002,4,7,4,0.26666666666666666,0.4666666666666667,0.26666666666666666,108,1.3750987083139756,319068.0,106516.5,34459344.0,0.1317685185185185,0.0725,738544.0969372005,0.12552056885332114,259134.0,0.15825,24,49,35,0.2222222222222222,0.4537037037037037,0.32407407407407407,350,1.1140846016432673,723227.2057142857,319507.0,253129522.0,0.14714571428571432,0.0975,1055885.9422008754,0.14169072790458156,787473.0,0.16325,105,175,70,0.3,0.5,0.2,2.4499647791501378,3.736257388627079,4.0498625968373165,0,0.0,0,0.0,1,0.0353677651315323,5,0.06366197723675814,18,0.05729577951308232,0,0,3,2,0.08732893975761646,0.08732893975761646,0.09392045523062303,0.10599954418524996,165,52.521131220325465,842,29.779658240750194,3486,44.38513052946777,0.08732893975761646,4.945177455639951,0.9407194788568207,4.089190643984222,0.5157685655942496,2.3348382593252257,1,1,1,1,0,7,11,1.0,1.0,1.0,1.0,0.0,7.0,11.0,69802,1131.3051384652163,0.9986491546167743,0.7222222222222222,1,3,2,6,1,10,4,15
r0020c0030,Bay,2,0.2346257334516887,457786.0,0.1663859649122807,57,6,1.8778610460943361,0,0.0,,,,,,,,,,0,0,0,,,,3,0.954929658551372,705193.6666666666,954782.0,2115581.0,0.13999999999999999,0.148,495762.8830240656,0.03764306044943742,446161.5,0.03699999999999998,1,2,0,0.3333333333333333,0.6666666666666666,0.0,7,0.24757435592072607,474013.5714285714,387767.0,3318095.0,0.10842857142857143,0.129,419594.41691743914,0.057532185609034364,727211.5,0.06899999999999999,1,5,1,0.14285714285714285,0.7142857142857143,0.14285714285714285,57,0.7257465404990427,457786.0,179917.0,26093802.0,0.1663859649122807,0.142,958823.6384062355,0.13802675133905395,268814.0,0.2,18,28,11,0.3157894736842105,0.49122807017543857,0.19298245614035087,302,0.9612958562750479,675024.2549668874,269680.0,203857325.0,0.14889072847682122,0.096,1089575.6913641775,0.1439258460097896,650292.75,0.16399999999999998,87,155,60,0.28807947019867547,0.5132450331125827,0.1986754966887417,1.8778610460943361,3.297109288319492,3.7040077399242946,0,0.0,0,0.0,1,0.0353677651315323,6,0.07639437268410976,22,0.07002817496043395,0,0,4,2,0.0005830747962485053,0.7142362896926057,0.0005830747962485053,0.23929217913353246,99,31.512678732195276,651,23.024415100627525,3044,38.75741174173835,0.0005830747962485053,5.212140662040206,0.9160935864306357,3.329317231997587,1.082340260886504,3.2367006041084516,0,1,0,0,0,4,5,0.0,1.0,0.0,0.0,0.0,4.0,5.0,69802,1131.3051384652163,0.9986537569347497,0.6805555555555556,0,4,0,4,1,10,2,13
r0020c0033,Calauan,1,0.13493855067585853,446186.7586206897,0.14203448275862068,29,8,2.660903899634032,0,0.0,,,,,,,,,,0,0,0,,,,0,0.0,,,,,,,,,,0,0,0,,,,1,0.0353677651315323,82986.0,82986.0,82986.0,0.011,0.011,,,0.0,0.0,0,0,1,0.0,0.0,1.0,29,0.3692394679731972,446186.7586206897,278963.0,12939416.0,0.14203448275862068,0.099,484336.71868440387,0.12669295920188325,536445.0,0.09,6,21,2,0.20689655172413793,0.7241379310344828,0.06896551724137931,186,0.5920563883018507,307933.05913978495,110036.5,57275549.0,0.1461236559139785,0.0975,648854.3981686174,0.13825753790923737,233626.25,0.16399999999999998,41,98,47,0.22043010752688172,0.5268817204301075,0.25268817204301075,2.660903899634032,2.9392546862546847,3.3402077465798796,0,0.0,0,0.0,2,0.0707355302630646,8,0.10185916357881301,21,0.06684507609859604,0,2,5,1,0.1807672788856882,0.4050329052736292,0.1807672788856882,0.29951053522947746,169,53.79437076506063,480,16.9765272631355,1567,19.951663665999998,0.1807672788856882,5.777402750410601,1.013566864228465,0.3381767274507891,3.7346761320763386,0.5221006702041581,1,7,2,3,0,6,19,1.0,7.0,2.0,3.0,0.0,6.0,19.0,89670,1067.8179423230627,0.9986674160270129,0.5774647887323944,0,0,1,1,0,5,3,8
r0021c0012,Calamba,1,0.20861704066636058,156095.27272727274,0.12745454545454546,22,0,5.867574601536091,0,0.0,,,,,,,,,,0,0,0,,,,0,0.0,,,,,,,,,,0,0,0,,,,8,0.2829421210522584,189986.875,116697.5,1519895.0,0.19924999999999998,0.11249999999999999,179852.0612491099,0.1744229260815709,249577.75,0.16549999999999998,2,6,0,0.25,0.75,0.0,22,0.2801126998417358,156095.27272727274,81709.0,3434096.0,0.12745454545454546,0.0875,184921.85702104704,0.14020655757802053,199836.75,0.10174999999999998,4,12,6,0.18181818181818182,0.5454545454545454,0.2727272727272727,363,1.1554648868471602,607332.6391184573,240984.0,220461748.0,0.15379889807162533,0.104,831819.8708743327,0.15050425664910821,727468.5,0.17149999999999999,111,167,85,0.30578512396694213,0.46005509641873277,0.23415977961432508,5.867574601536091,6.92319517651007,7.8116441657889695,0,0.0,0,0.0,0,0.0,0,0.0,11,0.03501408748021698,0,0,0,0,0.11348463998885615,0.4725934847357253,0.11348463998885615,0.4933583239633249,112,35.65070725258456,1221,43.184041225600936,3801,48.39583509538353,0.13419589952504216,8.047272495661026,1.4587324124804448,7.182159804822797,1.1536617718780378,3.3269099257901726,0,0,0,0,0,2,2,0.0,0.0,0.0,0.0,0.0,2.0,2.0,575046,3430.416605553926,0.786724689836282,0.8,1,1,1,3,2,3,3,8
r0021c0014,Calamba,2,0.29106892627990083,272846.5714285714,0.12564285714285714,14,0,5.401780449020056,0,0.0,,,,,,,,,,0,0,0,,,,2,0.6366197723675814,40738.5,40738.5,81477.0,0.074,0.074,17862.224399553375,0.031112698372208095,12630.5,0.022000000000000006,0,2,0,0.0,1.0,0.0,5,0.17683882565766149,181518.4,55990.0,907592.0,0.09659999999999999,0.104,295025.2297639983,0.026548069609672185,7977.0,0.013999999999999999,0,5,0,0.0,1.0,0.0,14,0.17825353626292278,272846.5714285714,65475.0,3819852.0,0.12564285714285714,0.107,424513.6195183512,0.09520795631172294,184556.0,0.07124999999999998,3,10,1,0.21428571428571427,0.7142857142857143,0.07142857142857142,370,1.1777465788800254,791941.754054054,376891.5,293018449.0,0.14490000000000003,0.104,1056130.4350976835,0.13755595363125434,999966.25,0.16274999999999998,119,172,79,0.3216216216216216,0.4648648648648649,0.21351351351351353,5.401780449020056,5.758015241786012,6.918679383891859,0,0.0,0,0.0,0,0.0,0,0.0,12,0.03819718634205488,0,0,0,0,0.015847235684287097,0.36382435248683276,0.015847235684287097,0.11969009903701641,250,79.57747154594767,1373,48.55994152559384,3373,42.94636984391704,0.015847235684287097,6.436835907291872,2.236210614105085,6.298712576835896,1.907766720748886,3.398909918272797,2,9,1,1,0,9,22,2.0,9.0,1.0,1.0,0.0,9.0,22.0,575046,3430.416605553926,0.9132011505739555,0.6136363636363636,0,3,0,3,1,4,4,9
r0021c0020,Los Baños,1,0.10970076714004051,1003865.7338129496,0.14942446043165467,278,4,2.9182836739275975,0,0.0,,,,,,,,,,0,0,0,,,,0,0.0,,,,,,,,,,0,0,0,,,,157,5.552739125650571,901705.280254777,562324.0,141567729.0,0.13719108280254777,0.096,902513.1928844858,0.1306161499888991,1175405.0,0.146,56,69,32,0.35668789808917195,0.4394904458598726,0.20382165605095542,278,3.539605934363752,1003865.7338129496,652483.5,279074674.0,0.14942446043165467,0.112,1137605.8332118206,0.13717808280894372,1196408.5,0.16925,105,123,50,0.3776978417266187,0.44244604316546765,0.17985611510791366,436,1.3878311037613273,741932.1972477065,330355.0,323482438.0,0.14375,0.099,1042830.0021768671,0.13469358798279213,926690.25,0.16774999999999998,139,198,99,0.31880733944954126,0.4541284403669725,0.22706422018348624,2.9182836739275975,3.297699765285858,4.384501230853457,0,0.0,0,0.0,1,0.0353677651315323,4,0.05092958178940651,7,0.022281692032865348,1,1,0,2,0.770716994035244,2.1544143988593034,1.250320993314899,0.770716994035244,1,0.3183098861837907,553,19.558374117737362,2084,26.53431211228079,0.770716994035244,3.167456312934578,2.0810534930653963,2.9548961551593207,2.8013160890212245,1.9920246677135511,0,0,0,0,0,0,0,0.0,0.0,0.0,0.0,0.0,0.0,0.0,117030,1357.2071643331342,0.9986111999243993,0.6909090909090909,0,0,6,6,1,2,12,15
r0021c0027,Los Baños,0,0.014947133634158925,412779.6641221374,0.13406106870229006,131,3,4.171272200106121,0,0.0,,,,,,,,,,0,0,0,,,,4,1.2732395447351628,240061.5,276175.0,960246.0,0.32525000000000004,0.363,147315.40989885162,0.2231238445348233,183263.0,0.25325,3,0,1,0.75,0.0,0.25,99,3.5014087480216975,331409.1515151515,106351.0,32809506.0,0.13335353535353536,0.079,774242.7251619688,0.12287585514733992,237166.0,0.1605,23,43,33,0.23232323232323232,0.43434343434343436,0.3333333333333333,131,1.6679438036030632,412779.6641221374,112044.0,54074136.0,0.13406106870229006,0.079,884841.0400380886,0.1258215314657533,298532.5,0.163,32,57,42,0.24427480916030533,0.4351145038167939,0.32061068702290074,408,1.298704335629866,784605.056372549,363087.0,320118863.0,0.14496323529411764,0.099,1063963.509403825,0.1384076382311001,965645.0,0.16175,132,191,85,0.3235294117647059,0.4681372549019608,0.20833333333333334,4.171272200106121,4.366207535283617,4.624670382988372,0,0.0,0,0.0,0,0.0,3,0.03819718634205488,12,0.03819718634205488,1,0,0,2,0.01204283695490297,0.19885512416238366,0.01204283695490297,0.37458059707995844,314,99.94930426171028,2489,88.0303674123839,3828,48.739609772462025,0.0016398640761136484,3.9700620420026342,0.36480209154247395,3.9229336064392903,1.5097826138197628,0.21183810242736384,1,13,1,2,1,6,24,1.0,13.0,1.0,2.0,1.0,6.0,24.0,117030,1357.2071643331342,0.8693612488183141,0.8055555555555556,1,6,2,9,3,12,6,21
r0021c0048,Majayjay,2,0.4756574748079049,267524.5,0.11987500000000001,16,54,1.0153441259103413,0,0.0,,,,,,,,,,0,0,0,,,,0,0.0,,,,,,,,,,0,0,0,,,,11,0.3890454164468553,268792.8181818182,149464.0,2956721.0,0.10327272727272728,0.058,319026.044985615,0.12680070260774656,429572.0,0.08350000000000002,2,4,5,0.18181818181818182,0.36363636363636365,0.45454545454545453,16,0.20371832715762603,267524.5,157912.5,4280392.0,0.11987500000000001,0.062,286731.24091618153,0.12295520864661787,311285.25,0.13075,3,7,6,0.1875,0.4375,0.375,35,0.11140846016432673,458099.5142857143,155878.0,16033483.0,0.15788571428571427,0.099,799835.4924531952,0.17344888574558948,566157.0,0.194,8,16,11,0.22857142857142856,0.45714285714285713,0.3142857142857143,1.0153441259103413,2.221393095465349,2.4626028893763507,0,0.0,0,0.0,49,1.7330204914450826,54,0.6875493541569878,83,0.2641972055325463,16,4,4,30,0.41341247656879665,0.9114448847775563,0.41341247656879665,0.4716137029247075,18,5.729577951308232,414,14.642254764454371,976,12.426817956615189,0.41341247656879665,14.896187839696163,1.6444354279617432,2.2138870515349645,4.068327763167192,1.5977386016601058,0,0,0,0,0,1,1,0.0,0.0,0.0,0.0,0.0,1.0,1.0,28504,439.7193000838198,4.472265511733517,0.014084507042253521,3,2,0,5,3,5,1,9
r0022c0007,Calamba,0,0.012911824714998138,577128.0416666666,0.21729166666666666,24,1,4.531905066234055,0,0.0,,,,,,,,,,0,0,0,,,,1,0.3183098861837907,242323.0,242323.0,242323.0,0.164,0.164,,,0.0,0.0,0,1,0,0.0,1.0,0.0,7,0.24757435592072607,108011.42857142857,97373.0,756080.0,0.05828571428571429,0.041,100804.18732681221,0.056835183603451966,149855.5,0.0615,0,3,4,0.0,0.42857142857142855,0.5714285714285714,24,0.30557749073643903,577128.0416666666,161986.5,13851073.0,0.21729166666666666,0.1005,963677.0449273282,0.253008416970604,445212.5,0.38625,7,10,7,0.2916666666666667,0.4166666666666667,0.2916666666666667,167,0.5315775099269304,236406.33532934132,97713.0,39479858.0,0.16630538922155685,0.11,512110.4625824913,0.16906741767049405,195365.0,0.178,38,81,48,0.2275449101796407,0.48502994011976047,0.2874251497005988,4.531905066234055,7.677948797100427,8.413749589999625,0,0.0,0,0.0,0,0.0,1,0.012732395447351627,9,0.02864788975654116,1,0,0,0,0.12192102041495603,0.12350991113555941,0.12192102041495603,0.19774829226568416,96,30.557749073643905,1211,42.83036357428561,3351,42.6662571440753,0.12192102041495603,12.505464122062268,3.4735859045100286,10.69248691073637,4.722960054151054,5.418886624613926,0,0,0,0,0,0,0,0.0,0.0,0.0,0.0,0.0,0.0,0.0,575046,3430.416605553926,1.4165562715245554,0.825,1,0,0,1,2,1,3,6
r0022c0009,Calamba,0,0.0439911465662625,212255.57894736843,0.1353157894736842,19,0,6.052004309624173,0,0.0,,,,,,,,,,0,0,0,,,,0,0.0,,,,,,,,,,0,0,0,,,,3,0.1061032953945969,322964.3333333333,242323.0,968893.0,0.09666666666666666,0.11,352481.73359386064,0.0748954827298238,345494.0,0.07400000000000001,0,2,1,0.0,0.6666666666666666,0.3333333333333333,19,0.2419155134996809,212255.57894736843,93814.0,4032856.0,0.1353157894736842,0.11,253069.37723243574,0.14453260017940547,338583.0,0.135,4,8,7,0.21052631578947367,0.42105263157894735,0.3684210526315789,205,0.6525352666767709,264054.3707317073,104121.0,54131146.0,0.1653463414634146,0.11,571318.9888644239,0.16454757357491673,193250.0,0.181,49,99,57,0.23902439024390243,0.48292682926829267,0.2780487804878049,6.052004309624173,7.375787296198496,7.936644096371083,0,0.0,0,0.0,0,0.0,0,0.0,10,0.03183098861837907,0,0,0,0,0.016787360031310372,0.04511506290328359,0.016787360031310372,0.3043570564646407,110,35.01408748021697,1574,55.66886231703184,4104,52.25375091593108,0.016787360031310372,10.570652003302719,1.6563323278029025,8.945486384323555,2.7344129584689125,4.811123410200767,0,0,0,1,0,0,1,0.0,0.0,0.0,1.0,0.0,0.0,1.0,575046,3430.416605553926,0.9985565312595466,0.7857142857142857,1,0,0,1,3,3,2,8
r0022c0014,Calamba,1,0.10140058412658598,288272.825,0.16125,40,2,4.413536326333302,0,0.0,,,,,,,,,,0,0,0,,,,4,1.2732395447351628,111942.25,54679.5,447769.0,0.19375,0.1,132836.05407763613,0.22068737314732503,72514.25,0.12374999999999999,1,3,0,0.25,0.75,0.0,14,0.49514871184145215,200847.35714285713,132931.5,2811863.0,0.16685714285714284,0.107,207357.87433235295,0.15751622975859547,233516.25,0.12449999999999997,3,10,1,0.21428571428571427,0.7142857142857143,0.07142857142857142,40,0.5092958178940651,288272.825,157351.0,11530913.0,0.16125,0.111,391034.99105604267,0.1359175372167879,249742.75,0.19725000000000004,12,20,8,0.3,0.5,0.2,431,1.3719156094521379,701645.8863109049,287384.0,302409377.0,0.1516357308584687,0.112,1004738.8024178634,0.14034986027237872,803871.5,0.173,139,198,94,0.3225058004640371,0.4593967517401392,0.21809744779582366,4.413536326333302,5.0379720475523255,6.414124724502915,0,0.0,0,0.0,0,0.0,2,0.025464790894703253,12,0.03819718634205488,0,0,0,2,0.002997590313464076,0.5381796630200539,0.002997590313464076,0.4361308563797848,285,90.71831756238035,1831,64.75837795583564,4475,56.97746962689853,0.002997590313464076,5.911494661794304,1.406658436583203,5.399159338122348,0.9394305985874544,2.430852393992795,0,2,8,5,0,4,19,0.0,2.0,8.0,5.0,0.0,4.0,19.0,575046,3430.416605553926,0.9985766650070839,0.6730769230769231,1,3,1,5,2,5,6,13
r0022c0015,Calamba,1,0.07018743739421432,700902.824,0.135208,125,3,4.205741240072119,0,0.0,,,,,,,,,,0,0,0,,,,1,0.3183098861837907,61346.0,61346.0,61346.0,0.121,0.121,,,0.0,0.0,0,1,0,0.0,1.0,0.0,7,0.24757435592072607,444535.28571428574,303116.0,3111747.0,0.23128571428571426,0.205,482833.89740631456,0.1798172352563516,216527.0,0.22899999999999995,3,4,0,0.42857142857142855,0.5714285714285714,0.0,125,1.5915494309189533,700902.824,303116.0,87612853.0,0.135208,0.101,900009.521545727,0.1198432643080119,939388.0,0.16699999999999998,40,54,31,0.32,0.432,0.248,365,1.161831084570836,806986.9178082192,401319.0,294550225.0,0.14883561643835616,0.11,1057243.0682709415,0.14017804746721438,985905.0,0.16999999999999998,124,163,78,0.33972602739726027,0.4465753424657534,0.2136986301369863,4.205741240072119,4.474584318100584,5.684684851220583,0,0.0,0,0.0,0,0.0,3,0.03819718634205488,12,0.03819718634205488,0,0,0,3,0.023837230128737813,0.14022369590165298,0.023837230128737813,0.4695261488463044,321,102.17747346499681,1819,64.33396477425725,4644,59.12924445750095,0.023837230128737813,5.048700845257643,1.4623890502052335,4.99595139423049,1.0809283070263522,2.294059557359487,6,15,11,4,0,2,38,6.0,15.0,11.0,4.0,0.0,2.0,38.0,575046,3430.416605553926,0.9985816368670416,0.6607142857142857,0,2,2,4,2,8,7,17
r0022c0025,Los Baños,2,0.24513111418278954,810672.8984962406,0.14499248120300753,266,3,2.21279946754876,0,0.0,,,,,,,,,,0,0,0,,,,16,5.092958178940651,55956.0,21950.5,895296.0,0.0701875,0.041,93195.8343275063,0.07544111942435637,26156.75,0.060500000000000005,1,4,11,0.0625,0.25,0.6875,118,4.173396285520811,487485.26271186443,126321.5,57523261.0,0.13006779661016948,0.078,1031492.445436923,0.13675611386908326,322172.0,0.15125,29,50,39,0.2457627118644068,0.423728813559322,0.3305084745762712,266,3.3868171889955327,810672.8984962406,349959.0,215638991.0,0.14499248120300753,0.0945,1148890.45515416,0.14056328709554078,996051.0,0.16999999999999998,86,123,57,0.3233082706766917,0.462406015037594,0.21428571428571427,419,1.333718423110083,766784.6229116945,346947.0,321282757.0,0.1418090692124105,0.096,1056221.4460185121,0.13800073439178587,937637.0,0.159,132,194,93,0.315035799522673,0.4630071599045346,0.22195704057279236,2.21279946754876,3.652770966318732,4.630092941255493,0,0.0,0,0.0,1,0.0353677651315323,3,0.03819718634205488,11,0.03501408748021698,1,1,0,1,0.06548936382542091,0.12222194262948669,0.06548936382542091,0.15112331976612767,789,251.14650019901086,2735,96.73083763474084,3784,48.17938437277856,0.06548936382542091,2.3353742871686713,0.9257389400361368,2.3362421773619104,0.9078217165063288,0.38203292932821054,2,13,24,16,2,28,85,2.0,13.0,24.0,16.0,2.0,28.0,85.0,117030,1357.2071643331342,0.9986300004901911,0.8524590163934426,4,5,3,12,4,11,7,22
r0022c0026,Los Baños,1,0.12126837392076875,744569.5758928572,0.14466964285714284,224,3,3.208136000624352,0,0.0,,,,,,,,,,0,0,0,,,,36,11.459155902616464,527972.5,111007.5,19007010.0,0.1495277777777778,0.1265,1189746.5671945794,0.12761873711760377,289178.25,0.22749999999999998,11,12,13,0.3055555555555556,0.3333333333333333,0.3611111111111111,96,3.3953054526271007,285082.875,96313.5,27367956.0,0.12792708333333333,0.067,754765.2086492406,0.12585490767184138,238303.5,0.17275000000000001,22,38,36,0.22916666666666666,0.3958333333333333,0.375,224,2.8520565802067646,744569.5758928572,297085.5,166783585.0,0.14466964285714284,0.0945,1184207.5130862508,0.13945643281249767,745648.75,0.17074999999999999,69,102,53,0.3080357142857143,0.45535714285714285,0.23660714285714285,415,1.3209860276627312,773888.4554216868,353462.0,321163709.0,0.14292048192771084,0.099,1058916.9207728163,0.13847135053014245,942231.0,0.163,132,192,91,0.3180722891566265,0.46265060240963857,0.21927710843373494,3.208136000624352,4.0092780299319655,4.504715615836085,0,0.0,0,0.0,0,0.0,3,0.03819718634205488,12,0.03819718634205488,1,1,0,1,0.0174481719468372,0.03719333907449467,0.0174481719468372,0.03426661325554229,1048,333.58876072061264,2843,100.55055626894632,3868,49.248905590356095,0.034523514620243466,2.931752856446394,0.45338509272121674,3.0182384188639086,0.3727004767514477,0.15002174766163232,17,56,83,44,21,241,462,17.0,56.0,83.0,44.0,21.0,241.0,462.0,117030,1357.2071643331342,0.9297357467867223,0.8507462686567164,4,5,3,12,4,11,8,23
r0022c0027,Los Baños,2,0.29094716080145133,488782.54,0.12977999999999998,150,4,3.4504229526180348,0,0.0,,,,,,,,,,0,0,0,,,,2,0.6366197723675814,48045.5,48045.5,96091.0,0.022,0.022,3745.544619945142,0.015556349186104048,2648.5,0.011,0,0,2,0.0,0.0,1.0,100,3.53677651315323,298540.77,99354.0,29854077.0,0.12505,0.0725,745977.4270681042,0.1163617118290977,233488.25,0.158,22,43,35,0.22,0.43,0.35,150,1.909859317102744,488782.54,149658.0,73317381.0,0.12977999999999998,0.0805,950378.7411803317,0.12824619098965748,399619.75,0.13199999999999998,35,71,44,0.23333333333333334,0.47333333333333333,0.29333333333333333,399,1.2700564458733248,797518.007518797,378178.0,318209685.0,0.1435889724310777,0.099,1072011.9777241403,0.13731446680033405,980351.5,0.16000000000000003,129,186,84,0.3233082706766917,0.46616541353383456,0.21052631578947367,3.4504229526180348,4.019237353393859,4.328557926117415,0,0.0,0,0.0,0,0.0,4,0.05092958178940651,13,0.04138028520389279,1,0,2,1,0.04782782120155262,0.21493074271088522,0.04782782120155262,0.36997360754926784,375,119.36620731892151,2865,101.32864710184003,3908,49.75820140825016,0.005686087818543796,3.0946629825160077,0.4452239685312445,3.842205727681799,0.6283413778339177,0.6912475341895653,0,8,4,1,0,7,20,0.0,8.0,4.0,1.0,0.0,7.0,20.0,117030,1357.2071643331342,0.8814839016026937,0.8405797101449275,3,9,1,13,4,12,5,21
r0022c0030,Bay,1,0.10898931277059379,323887.1391304348,0.13403478260869564,115,4,2.284340699739537,0,0.0,,,,,,,,,,0,0,0,,,,0,0.0,,,,,,,,,,0,0,0,,,,25,0.8841941282883075,398693.72,206850.0,9967343.0,0.1718,0.144,481998.6886613835,0.1572291321606782,482244.0,0.151,7,13,5,0.28,0.52,0.2,115,1.464225476445437,323887.1391304348,109256.0,37247021.0,0.13403478260869564,0.079,722538.6713387963,0.12468809721290615,264556.5,0.1535,26,53,36,0.22608695652173913,0.4608695652173913,0.3130434782608696,310,0.9867606471697511,742210.2903225806,334452.5,230085190.0,0.14753225806451614,0.096,1091329.3681316355,0.14463236708901425,831406.75,0.16399999999999998,96,152,62,0.3096774193548387,0.49032258064516127,0.2,2.284340699739537,2.3296486457021524,3.2778404474816982,0,0.0,0,0.0,3,0.1061032953945969,4,0.05092958178940651,15,0.0477464829275686,0,0,2,2,0.07670236324875626,0.8147369671315687,0.07670236324875626,0.5684740713902561,68,21.645072260497766,1184,41.87543391573424,3677,46.81701805991193,0.07670236324875626,3.3488422743869237,1.2805973512893738,1.8960729038732878,1.7738850566111621,1.8139497945893495,0,0,0,2,0,0,2,0.0,0.0,0.0,2.0,0.0,0.0,2.0,69802,1131.3051384652163,0.8489479281888003,0.7761194029850746,0,4,3,7,1,12,4,17
r0022c0046,Liliw,1,0.16161160274340192,340701.625,0.1539375,16,3,2.8451053409675002,0,0.0,,,,,,,,,,0,0,0,,,,1,0.3183098861837907,93859.0,93859.0,93859.0,0.033,0.033,,,0.0,0.0,0,0,1,0.0,0.0,1.0,5,0.17683882565766149,649355.0,399145.0,3246775.0,0.2472,0.208,641459.6898609452,0.1955548516401473,522851.0,0.16699999999999998,2,2,1,0.4,0.4,0.2,16,0.20371832715762603,340701.625,157912.5,5451226.0,0.1539375,0.062,446945.7634378583,0.16304701520318202,412213.5,0.216,4,6,6,0.25,0.375,0.375,50,0.15915494309189535,433715.92,127777.5,21685796.0,0.17016,0.1305,784980.5273378089,0.16619847490643375,348741.0,0.19874999999999998,13,24,13,0.26,0.48,0.26,2.8451053409675002,3.9843742990174067,4.4072744685818614,0,0.0,0,0.0,1,0.0353677651315323,3,0.03819718634205488,81,0.2578310078088704,1,0,0,2,0.415996750933459,0.48494777518759774,0.4481749082607297,0.415996750933459,13,4.138028520389279,267,9.443193290119124,1081,13.763719478587108,0.415996750933459,12.739735368177305,2.4314430976759693,3.1970957009139873,6.150824615743243,0.6441062015457459,0,0,0,0,0,1,1,0.0,0.0,0.0,0.0,0.0,1.0,1.0,39976,969.8296736865921,3.6168955178629547,0.014285714285714285,1,1,1,3,3,4,1,8
r0022c0056,Luisiana,0,0.01598473798834243,122638.8,0.0936,5,5,1.938292259837004,0,0.0,,,,,,,,,,0,0,0,,,,0,0.0,,,,,,,,,,0,0,0,,,,2,0.0707355302630646,220986.5,220986.5,441973.0,0.1175,0.1175,295172.53341816884,0.14354267658086914,208718.5,0.1015,0,1,1,0.0,0.5,0.5,5,0.06366197723675814,122638.8,69772.0,613194.0,0.0936,0.088,174975.0584560554,0.08693848399874476,75571.0,0.11800000000000001,0,3,2,0.0,0.6,0.4,49,0.15597184423005742,216321.6326530612,88510.0,10599760.0,0.08630612244897959,0.058,329437.5863614441,0.10496690035467385,198036.0,0.08499999999999999,4,25,20,0.08163265306122448,0.5102040816326531,0.40816326530612246,1.938292259837004,3.1269026876178097,3.5435075707619914,0,0.0,0,0.0,1,0.0353677651315323,5,0.06366197723675814,75,0.238732414637843,1,0,0,4,0.2099269648604787,0.5953878871749594,0.2099269648604787,0.3065072757723927,51,16.233804195373324,328,11.600626963142593,507,6.455324491807275,0.3387201077283972,16.671474632356986,1.7088658455874755,2.414025111119468,2.5389308300222955,2.6572749071720216,0,1,0,0,0,0,1,0.0,1.0,0.0,0.0,0.0,0.0,1.0,21824,266.2056621766488,9.168898097831107,0.0,1,1,1,3,2,2,1,5
r0023c0017,Calamba,2,0.45092192034341416,851575.7519379845,0.146984496124031,258,3,2.3446995141318974,0,0.0,,,,,,,,,,0,0,0,,,,0,0.0,,,,,,,,,,0,0,0,,,,119,4.208764050652343,732655.3613445378,396250.0,87185988.0,0.12788235294117647,0.099,916730.5169174811,0.11087358632049966,956066.0,0.1465,37,53,29,0.31092436974789917,0.44537815126050423,0.24369747899159663,258,3.28495802541672,851575.7519379845,476191.5,219706544.0,0.146984496124031,0.10250000000000001,979868.8514103873,0.13474957227951287,1027842.75,0.16699999999999998,90,119,49,0.3488372093023256,0.46124031007751937,0.18992248062015504,449,1.42921138896522,708042.1469933185,296977.0,317910924.0,0.14296436525612471,0.099,1032912.2536866834,0.13371395901129185,804036.0,0.16699999999999998,140,203,106,0.311804008908686,0.4521158129175947,0.23608017817371937,2.3446995141318974,2.9781829687281793,3.9706930984391833,0,0.0,0,0.0,2,0.0707355302630646,3,0.03819718634205488,12,0.03819718634205488,0,0,0,3,0.018101243507534837,0.903487892720526,0.018101243507534837,0.4008568702078175,256,81.48733086305042,2092,73.98936465516557,4921,62.65611799641736,0.018101243507534837,2.833980038158276,0.8085979458044309,3.749277174777767,2.580617878097945,0.9548041428713723,0,0,2,7,0,0,9,0.0,0.0,2.0,7.0,0.0,0.0,9.0,575046,3430.416605553926,1.0049191607029315,0.746268656716418,1,5,5,11,2,10,13,25
r0023c0018,Calamba,2,0.31207715136958203,943561.7864406779,0.14950169491525422,295,5,1.8276611397132134,0,0.0,,,,,,,,,,0,0,0,,,,1,0.3183098861837907,651005.0,651005.0,651005.0,0.112,0.112,,,0.0,0.0,0,1,0,0.0,1.0,0.0,166,5.871049011834361,845460.8674698796,540270.5,140346504.0,0.1382469879518072,0.104,893926.7395129203,0.12318665004150547,1159961.5,0.1555,59,71,36,0.35542168674698793,0.42771084337349397,0.21686746987951808,295,3.7560566569687297,943561.7864406779,557201.0,278350727.0,0.14950169491525422,0.104,1122913.7009463427,0.1399955508179391,1149387.0,0.16999999999999998,108,133,54,0.36610169491525424,0.45084745762711864,0.18305084745762712,453,1.4419437844125718,704949.4194260485,296977.0,319342087.0,0.14525827814569534,0.101,1029662.7941200298,0.13568157006222614,798354.0,0.16999999999999998,145,201,107,0.3200883002207506,0.44370860927152317,0.23620309050772628,1.8276611397132134,2.7204326882874157,3.524595291706998,0,0.0,0,0.0,2,0.0707355302630646,5,0.06366197723675814,13,0.04138028520389279,1,1,0,3,0.038882687232426674,1.3665351389047358,0.038882687232426674,0.4828474385722445,200,63.66197723675813,1633,57.75556045979224,4322,55.02941312345373,0.038882687232426674,2.0929629428606935,1.372915413002586,3.9810693622323265,1.6493756086814728,1.4027712045744902,0,0,1,5,0,0,6,0.0,0.0,1.0,5.0,0.0,0.0,6.0,575046,3430.416605553926,0.9362386699386364,0.7538461538461538,1,4,5,10,1,10,13,24
r0023c0019,Calamba,2,0.3964508971284554,925798.4244604317,0.14531654676258993,278,4,1.2709599312340805,0,0.0,,,,,,,,,,0,0,0,,,,48,15.278874536821952,660223.0208333334,484807.5,31690705.0,0.1098125,0.0975,596710.3693755611,0.09330427374991994,921474.5,0.1195,13,20,15,0.2708333333333333,0.4166666666666667,0.3125,215,7.604069503279444,890093.1395348837,548667.0,191370025.0,0.14526046511627907,0.101,960817.4066110891,0.1333848590581063,1076672.5,0.16699999999999998,74,103,38,0.34418604651162793,0.4790697674418605,0.17674418604651163,278,3.539605934363752,925798.4244604317,559567.5,257371962.0,0.14531654676258993,0.10250000000000001,1100613.84691451,0.13752741956845718,1089568.75,0.16075,96,133,49,0.34532374100719426,0.4784172661870504,0.17625899280575538,422,1.3432677196955967,693995.7630331754,300155.0,292866212.0,0.1426113744075829,0.099,1016824.5249322738,0.13459309898029093,779110.5,0.16924999999999998,129,195,98,0.3056872037914692,0.46208530805687204,0.23222748815165878,1.2709599312340805,2.332789586351175,3.245685934841597,0,0.0,0,0.0,2,0.0707355302630646,4,0.05092958178940651,6,0.01909859317102744,1,1,0,2,0.010709318021967888,0.8493787021755729,0.010709318021967888,0.1700316404583896,172,54.749300423612,1455,51.4600982663795,3646,46.422313801044034,0.010709318021967888,1.605074554515084,1.0583139055370274,4.340520620502942,0.8807243984451313,0.40467982089159066,1,0,1,100,1,4,107,1.0,0.0,1.0,100.0,1.0,4.0,107.0,575046,3430.416605553926,0.9089897236944678,0.7258064516129032,1,4,9,14,1,8,12,21
r0023c0020,Calamba,2,0.30109710361139946,957557.5927272728,0.14469818181818184,275,4,1.3728611791555552,0,0.0,,,,,,,,,,0,0,0,,,,62,19.735212943395023,977598.5806451613,636781.0,60611112.0,0.1325322580645161,0.0905,1016544.3891920903,0.13121709176729507,1326295.0,0.14375,23,23,16,0.3709677419354839,0.3709677419354839,0.25806451612903225,243,8.594366926962348,1042117.074074074,651005.0,253234449.0,0.15032510288065845,0.112,1185098.9303616143,0.14085396747115575,1185506.0,0.1725,92,110,41,0.3786008230452675,0.45267489711934156,0.16872427983539096,275,3.5014087480216975,957557.5927272728,560712.0,263328338.0,0.14469818181818184,0.099,1148755.9823583176,0.138541305194001,1173398.0,0.17149999999999999,98,123,54,0.3563636363636364,0.44727272727272727,0.19636363636363635,422,1.3432677196955967,721561.1232227489,304531.5,304498794.0,0.14495023696682463,0.1,1052448.3545591198,0.135546978077628,791241.75,0.16999999999999998,133,193,96,0.31516587677725116,0.45734597156398105,0.22748815165876776,1.3728611791555552,2.199856346739052,3.184674290458207,0,0.0,0,0.0,2,0.0707355302630646,4,0.05092958178940651,7,0.022281692032865348,1,1,0,2,0.016043481512214283,0.3287963747972931,0.016043481512214283,0.321170865825663,189,60.16056848873644,1070,37.84350869073956,2912,37.076735542687935,0.016043481512214283,1.2689588859395795,0.9859287277192322,3.707046539664993,0.9084737246423712,0.5951287637343787,1,1,3,98,0,11,114,1.0,1.0,3.0,98.0,0.0,11.0,114.0,575046,3430.416605553926,0.9986058772592246,0.7166666666666667,1,3,10,14,3,6,12,21
r0023c0021,Calamba,2,0.30979632105966515,786764.7460815047,0.1356551724137931,319,4,1.3316883038292544,2,2.5464790894703255,1452867.0,1452867.0,2905734.0,0.3355,0.3355,902754.742259491,0.2694076836320746,638344.0,0.19050000000000003,1,1,0,0.5,0.5,0.0,72,22.91831180523293,1083145.6805555555,831006.0,77986489.0,0.17522222222222222,0.1235,1035755.837617173,0.15133706640552938,1059404.5,0.19324999999999998,30,37,5,0.4166666666666667,0.5138888888888888,0.06944444444444445,224,7.922379389463234,1046332.8705357143,724230.5,234378563.0,0.1488705357142857,0.112,1162128.3797402084,0.13656252769706692,1115090.75,0.16699999999999998,84,102,38,0.375,0.45535714285714285,0.16964285714285715,319,4.061634147705169,786764.7460815047,378178.0,250977954.0,0.1356551724137931,0.096,1062374.6146838218,0.12983458354690103,1018147.0,0.1495,100,142,77,0.31347962382445144,0.445141065830721,0.2413793103448276,408,1.298704335629866,703069.1102941176,310893.5,286852197.0,0.14382352941176468,0.101,1023655.5346112628,0.132855200907422,809035.25,0.16999999999999998,127,186,95,0.3112745098039216,0.45588235294117646,0.23284313725490197,1.3316883038292544,1.8278328903197307,3.2548921114883456,0,0.0,0,0.0,3,0.1061032953945969,4,0.05092958178940651,9,0.02864788975654116,1,1,0,2,0.013996987283551617,0.013996987283551617,0.04442367126356151,0.3908702372496461,248,78.94085177358009,863,30.522381308512372,3538,45.047215092730056,0.017929431944236917,0.8944797042861231,0.4294893230119546,2.9320235207806675,0.6917460073284288,0.4223010690295846,3,5,7,26,1,7,49,3.0,5.0,7.0,26.0,1.0,7.0,49.0,575046,3430.416605553926,0.6133246167724121,0.8035714285714286,1,2,7,10,4,7,12,23
r0023c0022,Los Baños,2,0.3632353369204927,743130.9870967742,0.13768387096774196,310,4,1.1523962437418287,0,0.0,,,,,,,,,,0,0,0,,,,48,15.278874536821952,1040795.2916666666,669684.0,49958174.0,0.15395833333333334,0.1,962781.29925173,0.13878453502865717,1325170.0,0.17200000000000001,19,23,6,0.3958333333333333,0.4791666666666667,0.125,189,6.684507609859605,973627.3703703703,712576.0,184015573.0,0.1435978835978836,0.11,923518.3986004172,0.12969176713878997,1181820.0,0.16399999999999998,72,81,36,0.38095238095238093,0.42857142857142855,0.19047619047619047,310,3.9470425886790044,743130.9870967742,346473.0,230370606.0,0.13768387096774196,0.099,929261.1878878081,0.12579493534490926,999401.0,0.1555,100,136,74,0.3225806451612903,0.43870967741935485,0.23870967741935484,391,1.2445916549786216,644627.2659846548,287886.0,252049261.0,0.1403529411764706,0.099,864261.9340814484,0.12937321577233835,758830.0,0.159,119,179,93,0.30434782608695654,0.4578005115089514,0.23785166240409208,1.1523962437418287,1.8111642809754125,3.5624231911300512,0,0.0,0,0.0,3,0.1061032953945969,4,0.05092958178940651,10,0.03183098861837907,1,1,0,2,0.019229714072011232,0.147567125422763,0.019229714072011232,0.14212235335439072,229,72.89296393608807,881,31.159001080879953,3590,45.70929965599234,0.019229714072011232,0.9764407828572763,0.7197812829713602,2.072232815269165,1.0359140644785128,0.6206084083314795,2,0,3,42,0,13,60,2.0,0.0,3.0,42.0,0.0,13.0,60.0,117030,1357.2071643331342,0.9986202754453002,0.8518518518518519,2,1,8,11,4,8,12,24
r0023c0023,Los Baños,2,0.291457865329642,829072.9637883009,0.14222562674094708,359,3,1.1552590440749635,0,0.0,,,,,,,,,,0,0,0,,,,35,11.140846016432674,1176590.857142857,739789.0,41180680.0,0.14934285714285714,0.123,1339111.2915722071,0.1648116470143923,1185001.0,0.1275,14,15,6,0.4,0.42857142857142855,0.17142857142857143,222,7.85164385920017,847524.2072072072,391400.0,188150374.0,0.14046396396396396,0.082,1158145.6903674428,0.14359658190060498,1054776.5,0.1425,71,100,51,0.31981981981981983,0.45045045045045046,0.22972972972972974,359,4.570929965599234,829072.9637883009,384259.0,297637194.0,0.14222562674094708,0.099,1111562.39206551,0.134928355955585,1020370.0,0.16549999999999998,119,158,82,0.33147632311977715,0.4401114206128134,0.22841225626740946,431,1.3719156094521379,741498.9930394432,327651.0,319586066.0,0.1424060324825986,0.099,1046124.6213019224,0.13453032807819526,916023.0,0.16399999999999998,136,197,98,0.31554524361948955,0.45707656612529,0.2273781902552204,1.1552590440749635,2.1904752239701764,3.774869229295235,0,0.0,0,0.0,2,0.0707355302630646,3,0.03819718634205488,11,0.03501408748021698,1,1,0,1,0.005515553109054666,0.15601386443199466,0.005515553109054666,0.21413744002680762,208,66.20845632622846,1914,67.69390246175281,3477,44.270538970441606,0.005515553109054666,0.7664270869758478,0.6608868541463228,1.2944313027717804,0.8875807393567112,0.7508267792273503,0,7,4,5,0,6,22,0.0,7.0,4.0,5.0,0.0,6.0,22.0,117030,1357.2071643331342,0.9986202754453002,0.8888888888888888,3,2,7,12,5,9,11,25
r0023c0024,Los Baños,2,0.31755093356123226,832578.8604651163,0.1417732558139535,344,3,1.659774120887254,0,0.0,,,,,,,,,,0,0,0,,,,6,1.909859317102744,700090.5,599193.0,4200543.0,0.082,0.07250000000000001,747844.408070489,0.07447684203831417,923245.0,0.07675000000000001,1,3,2,0.16666666666666666,0.5,0.3333333333333333,205,7.250391851964121,788338.9463414634,297194.0,161609484.0,0.1417512195121951,0.082,1248098.621965841,0.13919791792227948,787470.0,0.16999999999999998,62,93,50,0.3024390243902439,0.45365853658536587,0.24390243902439024,344,4.379944033888959,832578.8604651163,381218.5,286407128.0,0.1417732558139535,0.099,1112579.8390992375,0.13364386679178258,1027733.75,0.16549999999999998,115,150,79,0.33430232558139533,0.436046511627907,0.22965116279069767,427,1.3591832140047861,753555.3583138173,340030.0,321768138.0,0.14092271662763464,0.096,1049940.716854385,0.13313754800699998,926569.0,0.159,134,197,96,0.31381733021077285,0.4613583138173302,0.22482435597189696,1.659774120887254,2.944872552681197,4.219035481854049,0,0.0,0,0.0,2,0.0707355302630646,3,0.03819718634205488,11,0.03501408748021698,1,1,0,1,0.06287790479409804,0.2309452510873057,0.06287790479409804,0.27580279279606584,200,63.66197723675813,2571,90.93052415316954,3575,45.518313724282066,0.06287790479409804,1.0645192357911728,0.822517443094364,1.025399009020503,0.8006344621819809,0.3828370321663193,0,25,2,8,2,4,41,0.0,25.0,2.0,8.0,2.0,4.0,41.0,117030,1357.2071643331342,0.9986250255641095,0.9215686274509803,3,5,4,12,4,8,10,22
r0023c0025,Los Baños,0,0.044519514548333756,833277.3294117647,0.15343137254901962,255,3,2.4838681478073807,1,1.2732395447351628,34633.0,34633.0,34633.0,0.027,0.027,,,0.0,0.0,0,0,1,0.0,0.0,1.0,48,15.278874536821952,136368.4375,88259.5,6545685.0,0.10418749999999999,0.057499999999999996,136974.5482566877,0.10808421780397853,136625.25,0.09525,8,21,19,0.16666666666666666,0.4375,0.3958333333333333,136,4.810016057888393,649268.625,189369.5,88300533.0,0.14172058823529413,0.0985,1238422.3821034324,0.1366229573017421,537275.5,0.17074999999999999,42,56,38,0.3088235294117647,0.4117647058823529,0.27941176470588236,255,3.246760839074665,833277.3294117647,353462.0,212485719.0,0.15343137254901962,0.104,1163998.921304098,0.14486437519578305,1009943.0,0.178,89,115,51,0.34901960784313724,0.45098039215686275,0.2,409,1.3018874344917037,782973.6797066014,359340.0,320236235.0,0.14326650366748164,0.099,1063038.7971213209,0.13319273179012542,957292.0,0.16699999999999998,133,190,86,0.3251833740831296,0.46454767726161367,0.21026894865525672,2.4838681478073807,3.457696372497569,4.399173511186662,0,0.0,0,0.0,1,0.0353677651315323,3,0.03819718634205488,11,0.03501408748021698,1,1,0,1,0.003948858826702148,0.7521488055334913,0.003948858826702148,0.17591744521400765,654,208.1746655641991,2796,98.8882713077643,3752,47.7719477184633,0.003948858826702148,1.4698015816366774,1.057091574288918,1.5562292357192304,0.7576996923414185,0.727439797494671,1,3,3,10,0,3,20,1.0,3.0,3.0,10.0,0.0,3.0,20.0,117030,1357.2071643331342,0.998629751045918,0.9423076923076923,3,7,5,15,3,9,9,21
r0023c0026,Los Baños,1,0.15080632766672544,903835.0421686746,0.15792168674698798,166,5,3.402778885684931,0,0.0,,,,,,,,,,0,0,0,,,,15,4.7746482927568605,145093.66666666666,59465.0,2176405.0,0.1074,0.066,171725.8430870333,0.11015819793110529,252747.0,0.11049999999999999,2,6,7,0.13333333333333333,0.4,0.4666666666666667,44,1.5561816657874212,228814.38636363635,96148.5,10067833.0,0.13815909090909093,0.082,352152.15847805655,0.1404845341453573,297993.0,0.18025,11,15,18,0.25,0.3409090909090909,0.4090909090909091,166,2.11357764426037,903835.0421686746,405365.0,150036617.0,0.15792168674698798,0.112,1253494.7656919993,0.15148333205495243,929169.75,0.18025,58,75,33,0.3493975903614458,0.45180722891566266,0.19879518072289157,356,1.1331831948142947,839550.3202247191,450372.0,298879914.0,0.14478370786516853,0.1,1062949.2218007718,0.136537941334852,993727.5,0.16474999999999998,119,165,72,0.3342696629213483,0.46348314606741575,0.20224719101123595,3.402778885684931,3.7663014056382287,4.215750053212032,0,0.0,0,0.0,0,0.0,5,0.06366197723675814,12,0.03819718634205488,1,1,2,1,0.0008848736115144841,0.09639876635472075,0.0008848736115144841,0.05642950434346679,1128,359.0535516153159,2964,104.83005584986174,3929,50.025581712644545,0.0008848736115144841,2.121121413448861,0.5957349388742857,2.4055767547980613,0.7049239351753663,0.6274983648319,151,163,39,9,0,96,458,151.0,163.0,39.0,9.0,0.0,96.0,458.0,117030,1357.2071643331342,0.9986344518882158,0.9245283018867925,4,6,4,14,4,10,8,22
r0023c0027,Los Baños,1,0.1288006026851576,592971.1294117647,0.13691176470588237,170,4,2.710612655698786,0,0.0,,,,,,,,,,0,0,0,,,,11,3.5014087480216975,271863.8181818182,150012.0,2990502.0,0.1981818181818182,0.203,408830.2134340901,0.09643735602122051,154291.0,0.127,5,5,1,0.45454545454545453,0.45454545454545453,0.09090909090909091,104,3.678247573679359,275847.4903846154,96313.5,28688139.0,0.13163461538461538,0.0725,726155.8480335874,0.12863654357739854,223292.25,0.17875,25,41,38,0.2403846153846154,0.3942307692307692,0.36538461538461536,170,2.1645072260497766,592971.1294117647,183674.0,100805092.0,0.13691176470588237,0.08499999999999999,1131839.1721556014,0.13509995590533988,554812.5,0.1555,47,74,49,0.27647058823529413,0.43529411764705883,0.28823529411764703,416,1.3241691265245692,769558.7067307692,353216.5,320136422.0,0.14341346153846155,0.099,1057773.3089792065,0.1382925908565611,935289.25,0.16474999999999998,132,193,91,0.3173076923076923,0.4639423076923077,0.21875,2.710612655698786,3.5086400492757654,4.0209547213727435,0,0.0,0,0.0,1,0.0353677651315323,4,0.05092958178940651,13,0.04138028520389279,1,0,2,1,0.05968358886021661,0.05968358886021661,0.05990362878297675,0.2826941530395842,401,127.64226435970006,3037,107.41190270446359,3857,49.10884924043523,0.017047936688977108,1.8939145548431802,0.4688016846441891,3.319451194940224,0.5951948595242234,0.5033301596584566,5,37,20,10,4,16,92,5.0,37.0,20.0,10.0,4.0,16.0,92.0,117030,1357.2071643331342,0.9395648541672124,0.9259259259259259,3,7,3,13,4,10,7,21
r0023c0028,Los Baños,1,0.18144374121688325,332399.41732283466,0.12837795275590552,127,3,1.9172863976790762,0,0.0,,,,,,,,,,0,0,0,,,,1,0.3183098861837907,59954.0,59954.0,59954.0,0.019,0.019,,,0.0,0.0,0,0,1,0.0,0.0,1.0,99,3.5014087480216975,294222.24242424243,100159.0,29128002.0,0.13480808080808082,0.074,744122.0062057672,0.12877489272082004,230818.5,0.17,24,41,34,0.24242424242424243,0.41414141414141414,0.3434343434343434,127,1.6170142218136565,332399.41732283466,106351.0,42214726.0,0.12837795275590552,0.079,710813.0807258957,0.12182259604394677,281586.5,0.144,28,58,41,0.2204724409448819,0.4566929133858268,0.3228346456692913,401,1.2764226435970005,794240.0573566084,367638.0,318490263.0,0.1447206982543641,0.099,1070284.650351648,0.13921473268124757,970840.0,0.16099999999999998,130,186,85,0.32418952618453867,0.46384039900249374,0.2119700748129676,1.9172863976790762,2.623833093862317,3.7395586356062545,0,0.0,0,0.0,3,0.1061032953945969,3,0.03819718634205488,13,0.04138028520389279,0,0,2,1,0.01136172164704156,0.36095353562379184,0.01136172164704156,0.2688499704375476,307,97.72113505842374,2916,103.13240312354819,3842,48.91786330872495,0.005435648200238578,1.8381744438234637,0.20235060299662205,2.4240894550906726,1.0667513381349387,0.2417514758316254,3,20,22,7,3,9,64,3.0,20.0,22.0,7.0,3.0,9.0,64.0,117030,1357.2071643331342,0.9821909563912863,0.8771929824561403,2,7,2,11,4,11,6,21
r0023c0046,Magdalena,0,0.039569135806424474,390181.4285714286,0.1605714285714286,14,3,3.149238635234374,0,0.0,,,,,,,,,,0,0,0,,,,2,0.6366197723675814,229023.0,229023.0,458046.0,0.126,0.126,50276.706355925904,0.019798989873223337,35551.0,0.013999999999999999,0,2,0,0.0,1.0,0.0,3,0.1061032953945969,398219.0,264574.0,1194657.0,0.117,0.112,295204.561023369,0.02095232683975697,271569.5,0.02049999999999999,0,3,0,0.0,1.0,0.0,14,0.17825353626292278,390181.4285714286,199106.0,5462540.0,0.1605714285714286,0.10550000000000001,467509.7827902337,0.15988684185323757,575394.0,0.1725,3,7,4,0.21428571428571427,0.5,0.2857142857142857,61,0.19416903057211232,412307.9016393443,155878.0,25150782.0,0.16662295081967213,0.129,721075.7786229939,0.1546279582238635,379628.0,0.178,15,33,13,0.2459016393442623,0.5409836065573771,0.21311475409836064,3.149238635234374,3.5963625479566055,4.357647699279082,0,0.0,0,0.0,0,0.0,3,0.03819718634205488,81,0.2578310078088704,1,0,0,2,0.09746617626361738,0.226858813681465,0.09746617626361738,1.2263741841202433,36,11.459155902616464,253,8.948044578277672,986,12.554141911088704,0.09746617626361738,12.077500200963703,1.7739389973237045,2.96635871175485,6.394679349429011,1.3680666818680378,0,0,0,0,0,0,0,0.0,0.0,0.0,0.0,0.0,0.0,0.0,28131,843.3005395166293,4.489224694788971,0.014285714285714285,0,2,1,3,1,3,1,5
r0023c0056,Luisiana,2,0.24253890716269888,41114.6,0.0536,5,4,2.9549398472155644,0,0.0,,,,,,,,,,0,0,0,,,,1,0.3183098861837907,22084.0,22084.0,22084.0,0.019,0.019,,,0.0,0.0,0,0,1,0.0,0.0,1.0,4,0.1414710605261292,48158.5,45928.0,192634.0,0.06425,0.0535,36803.05456072906,0.057168610268223244,54826.5,0.08125,0,2,2,0.0,0.5,0.5,5,0.06366197723675814,41114.6,22084.0,205573.0,0.0536,0.019,35551.810851207,0.05493905714516768,56833.0,0.072,0,2,3,0.0,0.4,0.6,60,0.1909859317102744,277287.3333333333,101447.0,16637240.0,0.09501666666666668,0.058,466273.3274091593,0.11909880411340383,233159.5,0.09,6,31,23,0.1,0.5166666666666667,0.38333333333333336,2.9549398472155644,3.976341604044912,4.297019029863862,0,0.0,0,0.0,1,0.0353677651315323,4,0.05092958178940651,76,0.2419155134996809,1,0,0,3,0.0314382503369413,0.0314382503369413,0.358858337189197,0.5542701259847321,34,10.822536130248883,392,13.864163931560661,520,6.620845632622846,0.027558711180714054,15.666674945975668,0.897233967670091,1.3558505104197869,1.6244549166164277,1.7019819111316048,1,0,0,0,0,1,2,1.0,0.0,0.0,0.0,0.0,1.0,2.0,21824,266.2056621766488,7.966086914931841,0.0,2,2,0,4,2,2,0,4
r0024c0012,Calamba,0,0.062494538669976105,194731.2857142857,0.1577857142857143,42,1,3.6965312959137786,0,0.0,,,,,,,,,,0,0,0,,,,0,0.0,,,,,,,,,,0,0,0,,,,7,0.24757435592072607,275335.71428571426,138475.0,1927350.0,0.16914285714285712,0.121,311364.07330846327,0.11313624319292878,385143.0,0.09800000000000003,2,4,1,0.2857142857142857,0.5714285714285714,0.14285714285714285,42,0.5347606087887683,194731.2857142857,113435.0,8178714.0,0.1577857142857143,0.1085,201623.4244215621,0.15355884479681076,198674.5,0.15999999999999998,9,22,11,0.21428571428571427,0.5238095238095238,0.2619047619047619,436,1.3878311037613273,609506.6399082568,232789.0,265744895.0,0.1590435779816513,0.1135,877938.3902610071,0.15091731900962752,698004.0,0.17875000000000002,137,202,97,0.31422018348623854,0.463302752293578,0.22247706422018348,3.6965312959137786,5.319729363179843,5.777999643587589,0,0.0,0,0.0,0,0.0,1,0.012732395447351627,12,0.03819718634205488,0,0,0,1,0.12135586594364654,0.13713598916182468,0.12135586594364654,0.6710711610964285,325,103.45071300973197,2768,97.8979738840814,6917,88.0699793093312,0.12135586594364654,7.217347967781078,1.4837265337372152,5.341280679640499,1.7011918417691918,1.2619633151680063,0,1,0,1,0,2,4,0.0,1.0,0.0,1.0,0.0,2.0,4.0,575046,3430.416605553926,0.9985661487148068,0.8939393939393939,1,3,1,5,5,9,7,21
r0024c0015,Calamba,1,0.06582436836144782,664640.5294117647,0.14054248366013072,153,3,2.3166834646281687,0,0.0,,,,,,,,,,0,0,0,,,,0,0.0,,,,,,,,,,0,0,0,,,,31,1.0964007190775011,178595.74193548388,69604.0,5536468.0,0.11851612903225808,0.082,292306.30096561013,0.11563617397329781,154930.5,0.094,6,16,9,0.1935483870967742,0.5161290322580645,0.2903225806451613,153,1.948056503444799,664640.5294117647,281028.0,101690001.0,0.14054248366013072,0.112,868940.8451382141,0.1210650100983213,806718.0,0.16099999999999998,48,69,36,0.3137254901960784,0.45098039215686275,0.23529411764705882,442,1.4069296969323548,695523.5950226245,280386.5,307421429.0,0.1505475113122172,0.111,1001395.202466289,0.13950313110427556,808195.25,0.173,142,201,99,0.3212669683257919,0.45475113122171945,0.2239819004524887,2.3166834646281687,3.2075043442677917,4.778649132362963,0,0.0,0,0.0,2,0.0707355302630646,3,0.03819718634205488,12,0.03819718634205488,0,0,0,3,0.06458626930893262,0.06458626930893262,0.37979218442369833,0.573741017095461,183,58.250709171633694,2747,97.15525081631922,6721,85.57442980165028,0.06458626930893262,4.260333152635633,0.938993658914043,3.158044935946157,0.7627477733971313,1.1292553757628883,0,0,0,2,0,0,2,0.0,0.0,0.0,2.0,0.0,0.0,2.0,575046,3430.416605553926,0.8576096476151626,0.7714285714285715,1,5,4,10,4,11,10,25
r0024c0018,Calamba,2,0.2555838255183249,932654.8033333333,0.14873666666666666,300,4,1.351378340146107,1,1.2732395447351628,1709800.0,1709800.0,1709800.0,0.307,0.307,,,0.0,0.0,1,0,0,1.0,0.0,0.0,14,4.45633840657307,806139.7142857143,279943.0,11285956.0,0.16250000000000003,0.1,1192326.650974177,0.1693270617655484,822649.0,0.20049999999999996,4,8,2,0.2857142857142857,0.5714285714285714,0.14285714285714285,172,6.083255602623555,834219.476744186,513083.0,143485750.0,0.1372732558139535,0.10250000000000001,885945.388607018,0.12390899690693927,1165344.5,0.1495,60,74,38,0.3488372093023256,0.43023255813953487,0.22093023255813954,300,3.819718634205488,932654.8033333333,542141.0,279796441.0,0.14873666666666666,0.104,1117957.1445232325,0.13960081882859524,1138342.25,0.16775,108,136,56,0.36,0.4533333333333333,0.18666666666666668,455,1.4483099821362475,704473.1516483517,296977.0,320535284.0,0.14485054945054945,0.101,1028007.5931778533,0.13521949717810047,800830.5,0.16999999999999998,144,204,107,0.31648351648351647,0.44835164835164837,0.23516483516483516,1.351378340146107,2.2152614576482748,3.154679150880257,0,0.0,0,0.0,2,0.0707355302630646,4,0.05092958178940651,12,0.03819718634205488,0,1,0,3,0.05291379504223296,0.590545699719143,0.05291379504223296,0.2060693611510016,295,93.90141642421825,1922,67.97684458280507,5055,64.36225898636248,0.009597252296061686,1.4807145511801831,0.4604402756580437,3.1216847056546086,1.4857053664668392,1.3791345993399506,0,2,0,10,0,3,15,0.0,2.0,0.0,10.0,0.0,3.0,15.0,575046,3430.416605553926,0.9989699394528625,0.75,1,5,7,13,3,11,12,26
r0024c0019,Calamba,1,0.22323678582314516,990426.8032128514,0.15057028112449802,249,5,0.47746238620573195,0,0.0,,,,,,,,,,0,0,0,,,,36,11.459155902616464,1096362.9722222222,712771.5,39469067.0,0.14566666666666667,0.137,1072059.8987850442,0.09962300365449166,1315124.75,0.13524999999999998,14,18,4,0.3888888888888889,0.5,0.1111111111111111,179,6.330829958544282,967963.8603351956,590212.0,173265531.0,0.1516201117318436,0.112,1013658.2835090946,0.13491449992448953,1249784.5,0.178,68,81,30,0.37988826815642457,0.45251396648044695,0.16759776536312848,249,3.170366466390555,990426.8032128514,590212.0,246616274.0,0.15057028112449802,0.104,1153254.964279371,0.14012867099850676,1212107.0,0.16699999999999998,93,114,42,0.37349397590361444,0.4578313253012048,0.1686746987951807,397,1.263690248149649,713385.5768261965,287886.0,283214074.0,0.14786649874055413,0.101,1050765.2145981432,0.13637955729345477,812846.0,0.173,129,179,89,0.3249370277078086,0.4508816120906801,0.22418136020151133,0.47746238620573195,1.7568306725220626,2.8664941989295754,1,1.2732395447351628,1,0.3183098861837907,3,0.1061032953945969,5,0.06366197723675814,5,0.015915494309189534,1,1,0,3,0.03642713035105166,0.0560049572465047,0.03642713035105166,0.048040244453804705,293,93.26479665185067,1563,55.27981690058498,4196,53.425131297087425,0.02364084908800848,0.7682740381544103,0.4886781921283286,3.4776012627846487,0.5028880375638807,0.6858013451981462,3,16,6,240,0,20,285,3.0,16.0,6.0,240.0,0.0,20.0,285.0,575046,3430.416605553926,0.9089897236944678,0.734375,1,3,9,13,1,9,13,23
r0024c0020,Calamba,2,0.2425701572931651,966662.3333333334,0.14586666666666667,270,4,0.6449436799736674,0,0.0,,,,,,,,,,0,0,0,,,,77,24.50986123615188,849211.4415584416,737390.0,65389281.0,0.12658441558441558,0.11,764396.0474806665,0.11244453026052102,932586.0,0.118,27,34,16,0.35064935064935066,0.44155844155844154,0.2077922077922078,245,8.665102457225412,1026401.1428571428,651005.0,251468280.0,0.14971428571428572,0.112,1182884.7167081297,0.13941223221727453,1210264.0,0.175,94,105,46,0.3836734693877551,0.42857142857142855,0.18775510204081633,270,3.437746770784939,966662.3333333334,561518.0,260998830.0,0.14586666666666667,0.107,1152089.9622885392,0.1374813160675224,1187914.5,0.16999999999999998,99,118,53,0.36666666666666664,0.43703703703703706,0.1962962962962963,415,1.3209860276627312,718482.1903614458,294578.0,298170109.0,0.14614939759036144,0.104,1055073.796414544,0.13511121503554097,867168.5,0.17149999999999999,135,184,96,0.3253012048192771,0.4433734939759036,0.23132530120481928,0.6449436799736674,1.7128000110593826,2.8552833720312796,0,0.0,1,0.3183098861837907,3,0.1061032953945969,4,0.05092958178940651,7,0.022281692032865348,1,1,0,2,0.01894015618920863,0.5815141690605551,0.01894015618920863,0.7713806403276271,198,63.02535746439055,1166,41.23881414336666,3531,44.95808832459859,0.0030090988749926608,0.3762378767648757,0.4494804681149668,3.71953956899674,0.6353476214482847,0.42821368970576124,4,15,4,176,3,58,260,4.0,15.0,4.0,176.0,3.0,58.0,260.0,575046,3430.416605553926,1.0168987443886972,0.7678571428571429,1,2,8,11,3,7,12,22
r0024c0021,Calamba,2,0.2868771854174791,814847.175226586,0.13611178247734138,331,4,0.9730677435006984,5,6.366197723675814,2145265.4,1492016.0,10726327.0,0.2286,0.137,1474486.8607635335,0.20990188184006353,1679350.0,0.03,4,1,0,0.8,0.2,0.0,61,19.416903057211233,1285113.5081967213,989697.0,78391924.0,0.19304918032786889,0.142,1182360.21236712,0.16493174610825212,1156062.0,0.246,29,25,7,0.47540983606557374,0.4098360655737705,0.11475409836065574,243,8.594366926962348,1053139.3621399177,696286.0,255912865.0,0.14927160493827163,0.112,1181379.9296036807,0.13858383616040576,1239825.0,0.16699999999999998,93,107,43,0.38271604938271603,0.4403292181069959,0.17695473251028807,331,4.2144228930733885,814847.175226586,389846.0,269714415.0,0.13611178247734138,0.093,1093025.5389286669,0.1318705846774662,1013403.0,0.154,106,144,81,0.3202416918429003,0.4350453172205438,0.24471299093655588,426,1.3560001151429482,719629.3920187793,304531.5,306562121.0,0.14393896713615023,0.101,1046484.4347748047,0.13391975132756395,800119.0,0.16999999999999998,134,192,100,0.3145539906103286,0.4507042253521127,0.2347417840375587,0.9730677435006984,1.760936594869585,3.1054552079617306,0,0.0,1,0.3183098861837907,3,0.1061032953945969,4,0.05092958178940651,9,0.02864788975654116,1,1,0,2,0.003990935557207288,0.3497990572088313,0.003990935557207288,0.6904030677621463,232,73.84789359463944,920,32.53834392100971,3641,46.35865182380727,0.0013332002754820264,0.2962543712857356,0.7326308143796836,2.818117898225654,0.3188367966207675,0.6840944982438996,0,10,1,23,0,12,46,0.0,10.0,1.0,23.0,0.0,12.0,46.0,575046,3430.416605553926,0.6133246167724121,0.8135593220338984,1,2,8,11,4,7,12,23
r0024c0022,Los Baños,2,0.32739925007058046,789348.323699422,0.13782658959537572,346,4,0.3294216721867411,2,2.5464790894703255,255706.0,255706.0,511412.0,0.0685,0.0685,85258.69303478677,0.012020815280171309,60287.0,0.008499999999999994,0,2,0,0.0,1.0,0.0,47,14.960564650638162,1544766.3829787234,1111719.0,72604020.0,0.20325531914893616,0.153,1639349.767300286,0.16398110549762132,1246437.5,0.22449999999999998,22,22,3,0.46808510638297873,0.46808510638297873,0.06382978723404255,228,8.063850449989364,1039993.2894736842,671806.5,237118470.0,0.14627192982456141,0.111,1192326.0710264677,0.1396859463721405,1153644.25,0.16474999999999998,84,101,43,0.3684210526315789,0.44298245614035087,0.18859649122807018,346,4.405408824783663,789348.323699422,356155.5,273114520.0,0.13782658959537572,0.096,1108935.563519242,0.13116905338648457,981359.75,0.15775,109,155,82,0.315028901734104,0.4479768786127168,0.23699421965317918,410,1.3050705333535417,708817.556097561,310893.5,290615198.0,0.14249268292682926,0.099,1044450.6085852085,0.1345769471865657,809867.5,0.16399999999999998,126,187,97,0.3073170731707317,0.4560975609756098,0.23658536585365852,0.3294216721867411,1.6741756759563946,3.2475800229761482,1,1.2732395447351628,1,0.3183098861837907,3,0.1061032953945969,4,0.05092958178940651,9,0.02864788975654116,1,1,0,2,0.052330337430939886,0.32265266675860454,0.052330337430939886,0.09685213790447007,190,60.47887837492023,847,29.956497066407856,3832,48.790539354251436,0.022880893822999387,0.36885989544563946,0.08779981264471762,2.205157549663348,0.36296774095873297,1.0508358121400043,0,7,0,16,0,9,32,0.0,7.0,0.0,16.0,0.0,9.0,32.0,117030,1357.2071643331342,0.6444810926995325,0.8490566037735849,2,1,8,11,4,8,12,24
r0024c0024,Los Baños,0,0.021485848006995663,827408.4810495627,0.1412069970845481,343,3,2.136532725684539,0,0.0,,,,,,,,,,0,0,0,,,,6,1.909859317102744,491353.0,478620.0,2948118.0,0.09133333333333334,0.07250000000000001,442577.0675138964,0.09246332606318393,738142.75,0.07825000000000001,1,3,2,0.16666666666666666,0.5,0.3333333333333333,205,7.250391851964121,780181.8292682926,303443.0,159937275.0,0.1427268292682927,0.088,1231082.0899279416,0.13823035446062107,781952.0,0.16999999999999998,63,94,48,0.3073170731707317,0.4585365853658537,0.23414634146341465,343,4.367211638441608,827408.4810495627,384259.0,283801109.0,0.1412069970845481,0.099,1111658.3025482388,0.13357174193404575,1009943.0,0.159,113,152,78,0.3294460641399417,0.44314868804664725,0.22740524781341107,423,1.3464508185574344,758527.6264775414,340249.0,320857186.0,0.1412033096926714,0.099,1053645.5250749409,0.13306434422736915,932006.0,0.163,134,193,96,0.31678486997635935,0.4562647754137116,0.22695035460992907,2.136532725684539,3.094950517183307,4.224920785338602,0,0.0,0,0.0,2,0.0707355302630646,3,0.03819718634205488,10,0.03183098861837907,1,1,0,1,0.0006507752053840494,0.0006507752053840494,0.028876837338554076,0.0056041415770675,251,79.89578143213146,2303,81.45196309791888,3516,44.76710239288832,0.023506945309545276,0.14151942877636398,0.16618567206473925,0.2239686993532098,0.566794823310773,0.16202485601813232,8,30,12,13,3,41,107,8.0,30.0,12.0,13.0,3.0,41.0,107.0,117030,1357.2071643331342,0.9616059552428355,0.9523809523809523,2,5,5,12,3,8,10,21
r0024c0025,Los Baños,0,0.012266246326137993,806823.2386363636,0.1495909090909091,264,3,3.076130664910767,0,0.0,,,,,,,,,,0,0,0,,,,9,2.864788975654116,172795.66666666666,87736.0,1555161.0,0.10677777777777779,0.079,192147.35428376315,0.12183880516668097,340926.0,0.091,1,4,4,0.1111111111111111,0.4444444444444444,0.4444444444444444,134,4.739280527625328,566231.6492537314,171299.5,75875041.0,0.13506716417910447,0.092,1026454.7309837419,0.1298712605900012,535039.0,0.15325,37,59,38,0.27611940298507465,0.44029850746268656,0.2835820895522388,264,3.3613523981008293,806823.2386363636,346473.0,213001335.0,0.1495909090909091,0.096,1152811.2003004183,0.14406422598902477,1006413.75,0.178,89,117,58,0.3371212121212121,0.4431818181818182,0.2196969696969697,417,1.3273522253864072,769577.8489208634,346947.0,320913963.0,0.1423453237410072,0.099,1057348.9873561296,0.13356988477461915,934589.0,0.16699999999999998,134,190,93,0.3213429256594724,0.4556354916067146,0.22302158273381295,3.076130664910767,3.525151739448878,4.3920091508916475,0,0.0,0,0.0,0,0.0,3,0.03819718634205488,10,0.03183098861837907,1,1,0,1,0.0831974286616156,0.10711772995380037,0.0831974286616156,0.10143489099756403,569,181.1183252385769,2542,89.9048589643551,3670,46.72789129178047,0.0831974286616156,0.8028356890053856,0.8380993373347091,1.1855562800265451,0.588829268516619,0.2778179324056789,18,41,9,6,1,24,99,18.0,41.0,9.0,6.0,1.0,24.0,99.0,117030,1357.2071643331342,0.9616059552428355,0.9534883720930233,2,6,4,12,3,8,10,21
r0024c0026,Los Baños,1,0.17138287603141247,764980.66359447,0.14630875576036867,217,5,3.4077600322521935,0,0.0,,,,,,,,,,0,0,0,,,,23,7.321127382227186,148274.5652173913,106351.0,3410315.0,0.10352173913043479,0.074,126215.22363329382,0.09347039860308591,177964.5,0.077,3,12,8,0.13043478260869565,0.5217391304347826,0.34782608695652173,102,3.6075120434162944,305790.6960784314,96313.5,31190651.0,0.12560784313725493,0.0725,756785.1777921766,0.12033815036357193,234312.5,0.1685,23,42,37,0.22549019607843138,0.4117647058823529,0.3627450980392157,217,2.762929812075303,764980.66359447,296977.0,166000804.0,0.14630875576036867,0.088,1219476.660566282,0.1422521612373093,783397.0,0.178,68,97,52,0.31336405529953915,0.4470046082949309,0.23963133640552994,413,1.3146198299390555,773287.220338983,346947.0,319367622.0,0.1406779661016949,0.099,1061845.8337956902,0.13176354381750804,949826.0,0.16399999999999998,131,189,93,0.3171912832929782,0.4576271186440678,0.22518159806295399,3.4077600322521935,3.786223055329627,4.1737065433841405,0,0.0,0,0.0,0,0.0,5,0.06366197723675814,11,0.03501408748021698,1,1,2,1,0.0011676745059104377,0.28645722259066037,0.0011676745059104377,0.22221123230023784,617,196.39719977539886,2677,94.67950725711196,3846,48.96879289051436,0.0011676745059104377,1.1981174970920316,1.4073871595348983,2.184188404364675,0.41589857674053765,1.047108383759844,42,192,19,9,0,63,325,42.0,192.0,19.0,9.0,0.0,63.0,325.0,117030,1357.2071643331342,0.8008637486402295,0.9347826086956522,3,7,3,13,4,8,8,20
r0024c0027,Los Baños,1,0.22986240203795097,596301.2242424242,0.13767272727272728,165,4,2.415911683603849,0,0.0,,,,,,,,,,0,0,0,,,,2,0.6366197723675814,103902.5,103902.5,207805.0,0.181,0.181,7570.992306164364,0.04666904755831214,5353.5,0.03300000000000003,0,2,0,0.0,1.0,0.0,105,3.7136153388108912,272597.93333333335,95312.0,28622783.0,0.1295714285714286,0.071,723240.4033793282,0.12780204473075787,222023.0,0.17,24,42,39,0.22857142857142856,0.4,0.37142857142857144,165,2.1008452488130183,596301.2242424242,179917.0,98389702.0,0.13767272727272728,0.088,1146019.8827031667,0.13575094500126378,561052.0,0.151,45,73,47,0.2727272727272727,0.44242424242424244,0.28484848484848485,413,1.3146198299390555,771120.7094430993,352971.0,318472853.0,0.1413922518159806,0.099,1061291.1523837037,0.1332087971161827,937720.0,0.162,130,191,92,0.31476997578692495,0.46246973365617433,0.22276029055690072,2.415911683603849,3.30989014225675,3.948411206288289,0,0.0,0,0.0,1,0.0353677651315323,4,0.05092958178940651,12,0.03819718634205488,1,0,2,1,0.009513467329750475,0.5204811136909032,0.009513467329750475,0.282734216996836,244,77.66761222884493,2746,97.11988305118768,3761,47.88653927748947,0.009513467329750475,0.9727701598808176,1.1923590189821083,3.1828265090883856,1.412011723699263,1.0051132936744696,0,3,0,2,0,5,10,0.0,3.0,0.0,2.0,0.0,5.0,10.0,117030,1357.2071643331342,0.7259464956517305,0.9318181818181818,3,7,3,13,4,10,5,19
r0024c0029,Bay,1,0.1692990771871491,307532.82352941175,0.12863865546218486,119,3,0.5175886904399417,0,0.0,,,,,,,,,,0,0,0,,,,1,0.3183098861837907,218344.0,218344.0,218344.0,0.321,0.321,,,0.0,0.0,1,0,0,1.0,0.0,0.0,14,0.49514871184145215,215172.85714285713,200353.0,3012420.0,0.19185714285714286,0.185,167503.3172070411,0.12944369559646515,173714.5,0.23074999999999998,5,8,1,0.35714285714285715,0.5714285714285714,0.07142857142857142,119,1.5151550582348436,307532.82352941175,98549.0,36596406.0,0.12863865546218486,0.079,713063.8478796692,0.12090146787268598,252055.5,0.156,26,53,40,0.2184873949579832,0.44537815126050423,0.33613445378151263,379,1.2063944686365666,808969.1635883905,384259.0,306599313.0,0.14244591029023745,0.099,1080071.5068884199,0.13217136184499345,1013403.0,0.16549999999999998,124,173,82,0.32717678100263853,0.45646437994722955,0.21635883905013192,0.5175886904399417,1.3476994120781336,3.321742095081894,0,0.0,1,0.3183098861837907,3,0.1061032953945969,3,0.03819718634205488,12,0.03819718634205488,0,0,2,1,0.04690228879302155,0.43486318486473785,0.04690228879302155,0.4670217914369512,243,77.34930234266113,1222,43.21940899073247,3622,46.116736310307594,0.04690228879302155,1.1619623583039158,1.1963383402023458,1.279020851627544,2.45027884582618,0.4437556279877431,3,7,5,4,1,8,28,3.0,7.0,5.0,4.0,1.0,8.0,28.0,69802,1131.3051384652163,0.8139127711915807,0.8,0,6,2,8,4,10,4,18
r0024c0030,Bay,2,0.28317801791502417,326875.07476635516,0.12649532710280373,107,3,0.662776797190238,0,0.0,,,,,,,,,,0,0,0,,,,1,0.3183098861837907,175063.0,175063.0,175063.0,0.044,0.044,,,0.0,0.0,0,1,0,0.0,1.0,0.0,10,0.35367765131532297,204947.8,142159.5,2049478.0,0.143,0.0685,197843.44525788847,0.14036143819914831,247010.25,0.14525,2,7,1,0.2,0.7,0.1,107,1.3623663128666241,326875.07476635516,106351.0,34975633.0,0.12649532710280373,0.074,747036.0384641564,0.12048215822127419,244274.5,0.13199999999999998,22,51,34,0.205607476635514,0.4766355140186916,0.3177570093457944,303,0.9644789551368858,767087.1287128713,340249.0,232427400.0,0.14622442244224423,0.093,1108375.5047015029,0.1408689769718389,912451.5,0.16699999999999998,95,145,63,0.31353135313531355,0.47854785478547857,0.2079207920792079,0.662776797190238,0.7538689492544418,3.1098534782355127,0,0.0,3,0.954929658551372,3,0.1061032953945969,3,0.03819718634205488,13,0.04138028520389279,0,0,2,1,0.034939283082595175,0.03546766931323556,0.034939283082595175,0.05028995653205,287,91.35493733474793,925,32.715182746667374,3389,43.150088171074664,0.014324308647694458,1.3761472532168286,0.4311071149998962,0.33177994222765167,3.2664862857374213,0.3892128083055637,11,32,11,2,1,30,87,11.0,32.0,11.0,2.0,1.0,30.0,87.0,69802,1131.3051384652163,0.9180586117300743,0.7358490566037735,0,5,0,5,3,11,2,16
r0024c0032,Bay,1,0.10286882158138837,422288.8,0.14225,20,3,1.2436659214222245,0,0.0,,,,,,,,,,0,0,0,,,,0,0.0,,,,,,,,,,0,0,0,,,,4,0.1414710605261292,221992.25,196703.5,887969.0,0.22075,0.184,93172.80631305467,0.2114274895403465,85551.25,0.31224999999999997,2,2,0,0.5,0.5,0.0,20,0.25464790894703254,422288.8,248653.5,8445776.0,0.14225,0.1125,496078.6659418996,0.13007280350067923,390821.5,0.1,3,14,3,0.15,0.7,0.15,191,0.6079718826110402,583905.5287958115,188668.0,111525956.0,0.1406649214659686,0.09,1099180.2456172116,0.13545950171592017,496715.5,0.16450000000000004,54,88,49,0.28272251308900526,0.4607329842931937,0.25654450261780104,1.2436659214222245,1.7015080671981362,3.5096201016047885,0,0.0,0,0.0,3,0.1061032953945969,3,0.03819718634205488,14,0.044563384065730696,0,0,2,1,0.22757320661112646,0.4698970795651216,0.22757320661112646,0.533422573073346,53,16.870423967740905,565,19.98278729931575,1957,24.917297890467133,0.19072650294480642,1.760692367913236,0.53814860620962,1.671108453966273,4.537692273109538,1.2246191856552475,0,0,4,1,0,2,7,0.0,0.0,4.0,1.0,0.0,2.0,7.0,69802,1131.3051384652163,1.0174023925778266,0.6271186440677966,1,3,1,5,1,7,2,10
r0024c0035,Calauan,1,0.09954251696843773,477670.1111111111,0.11955555555555557,9,3,4.2376655541559485,0,0.0,,,,,,,,,,0,0,0,,,,0,0.0,,,,,,,,,,0,0,0,,,,1,0.0353677651315323,141100.0,141100.0,141100.0,0.047,0.047,,,0.0,0.0,0,1,0,0.0,1.0,0.0,9,0.11459155902616464,477670.1111111111,104009.0,4299031.0,0.11955555555555557,0.071,872623.2488448903,0.07009834361650621,390279.0,0.099,1,8,0,0.1111111111111111,0.8888888888888888,0.0,144,0.45836623610465854,360606.30555555556,134769.5,51927308.0,0.14452777777777776,0.079,724229.2272313385,0.13506750161393374,289797.75,0.18225000000000002,37,69,38,0.2569444444444444,0.4791666666666667,0.2638888888888889,4.2376655541559485,4.256378969191175,4.873752767119251,0,0.0,0,0.0,0,0.0,3,0.03819718634205488,16,0.05092958178940651,0,0,3,0,0.23579508182861256,0.33923165397364796,0.23579508182861256,0.45874337000140675,96,30.557749073643905,756,26.73803043943842,1633,20.792001765525207,0.23579508182861256,3.417495074869709,2.7330468026702364,4.123107158222408,1.7179623086233575,0.9962671085041713,1,0,0,2,0,1,4,1.0,0.0,0.0,2.0,0.0,1.0,4.0,89670,1067.8179423230627,0.9986798552881309,0.48484848484848486,1,1,0,2,1,3,1,5
r0024c0046,Magdalena,1,0.15231379811014822,610325.8571428572,0.20557142857142857,7,5,2.3629020426575464,0,0.0,,,,,,,,,,0,0,0,,,,0,0.0,,,,,,,,,,0,0,0,,,,3,0.1061032953945969,341314.0,193472.0,1023942.0,0.08133333333333333,0.099,345941.4344928922,0.04235957192103496,321376.0,0.03950000000000001,0,2,1,0.0,0.6666666666666666,0.3333333333333333,7,0.08912676813146139,610325.8571428572,399145.0,4272281.0,0.20557142857142857,0.132,545639.3452255279,0.1745745849609436,485283.5,0.152,2,4,1,0.2857142857142857,0.5714285714285714,0.14285714285714285,68,0.21645072260497766,387819.75,119325.0,26371743.0,0.15669117647058822,0.10350000000000001,707077.5517215973,0.15282369681774818,329335.5,0.1915,16,34,18,0.23529411764705882,0.5,0.2647058823529412,2.3629020426575464,3.373190802503188,3.8295066636169737,0,0.0,0,0.0,1,0.0353677651315323,5,0.06366197723675814,78,0.2482817112233567,2,0,0,3,0.12313201464849129,0.12313201464849129,0.2003199812754447,0.3601154575849714,52,16.552114081557114,280,9.902974236829044,736,9.371043049250797,0.12313201464849129,11.464343197818561,1.0335075140203316,1.961483715554546,6.780229446585592,1.859567053130128,0,3,0,0,0,1,4,0.0,3.0,0.0,0.0,0.0,1.0,4.0,28131,843.3005395166293,5.407825841011492,0.0,1,1,0,2,1,1,1,3
r0024c0054,Luisiana,1,0.11624606459976192,133457.25,0.08549999999999999,4,9,3.251624074735492,0,0.0,,,,,,,,,,0,0,0,,,,2,0.6366197723675814,41020.0,41020.0,82040.0,0.052,0.052,40661.468345351226,0.05091168824543142,28752.0,0.03599999999999999,0,1,1,0.0,0.5,0.5,4,0.1414710605261292,133457.25,45928.0,533829.0,0.08549999999999999,0.0535,199089.07184034487,0.09501052573267868,140125.25,0.1025,0,2,2,0.0,0.5,0.5,4,0.05092958178940651,133457.25,45928.0,533829.0,0.08549999999999999,0.0535,199089.07184034487,0.09501052573267868,140125.25,0.1025,0,2,2,0.0,0.5,0.5,72,0.22918311805232927,328934.80555555556,136582.0,23683306.0,0.10969444444444446,0.06,608441.4684116223,0.13582140706305623,327764.0,0.10325000000000001,8,39,25,0.1111111111111111,0.5416666666666666,0.3472222222222222,3.251624074735492,3.491306298519485,3.6309016400491982,0,0.0,0,0.0,0,0.0,9,0.11459155902616464,86,0.27374650211805995,5,0,0,4,0.08217357128080185,0.5040639574776086,0.16360611113381618,0.08217357128080185,183,58.250709171633694,339,11.989672379589448,532,6.7736343779910655,0.08217357128080185,13.807460645020354,0.9417404738280601,0.5831493543167432,0.5169008253869644,0.7059917403013164,0,5,2,3,0,9,19,0.0,5.0,2.0,3.0,0.0,9.0,19.0,21824,266.2056621766488,7.038484334924453,0.0,2,1,1,4,2,1,1,4
r0024c0055,Luisiana,0,0.011925076054514358,152517.75,0.11499999999999999,4,9,3.770928577870976,0,0.0,,,,,,,,,,0,0,0,,,,2,0.6366197723675814,79141.0,79141.0,158282.0,0.111,0.111,13249.766865873527,0.032526911934581196,9369.0,0.022999999999999993,0,2,0,0.0,1.0,0.0,4,0.1414710605261292,152517.75,79141.0,610071.0,0.11499999999999999,0.111,186895.32355907143,0.083908680520353,115958.75,0.0845,0,3,1,0.0,0.75,0.25,4,0.05092958178940651,152517.75,79141.0,610071.0,0.11499999999999999,0.111,186895.32355907143,0.083908680520353,115958.75,0.0845,0,3,1,0.0,0.75,0.25,67,0.21326762374313976,283692.9552238806,143162.0,19007428.0,0.10570149253731344,0.06,446748.6683342969,0.12016529208544788,322520.0,0.1015,8,37,22,0.11940298507462686,0.5522388059701493,0.3283582089552239,3.770928577870976,4.091996033523283,4.1964974021683545,0,0.0,0,0.0,0,0.0,9,0.11459155902616464,86,0.27374650211805995,5,0,0,4,0.07401620267220516,0.20620270602724858,0.16600548096505952,0.07401620267220516,231,73.52958370845565,374,13.22754415919308,542,6.900958332464581,0.05215371383205778,14.409951159026136,0.11068802044589852,0.2354682488681496,0.33001008566351875,0.39382921848035735,26,56,9,10,3,65,169,26.0,56.0,9.0,10.0,3.0,65.0,169.0,21824,266.2056621766488,7.057864517417929,0.0,1,2,1,4,1,2,1,4
r0025c0003,Cabuyao,2,0.8173758335092633,204846.80722891566,0.17104819277108435,83,1,0.9861897448460951,0,0.0,,,,,,,,,,0,0,0,,,,1,0.3183098861837907,1276528.0,1276528.0,1276528.0,0.592,0.592,,,0.0,0.0,1,0,0,1.0,0.0,0.0,4,0.1414710605261292,1505642.5,1059775.5,6022570.0,0.38925,0.3725,1536654.3600555288,0.31007781281478364,1205098.0,0.4837499999999999,2,2,0,0.5,0.5,0.0,83,1.056788822130185,204846.80722891566,105566.0,17002285.0,0.17104819277108435,0.126,441140.5243622174,0.1635119823769513,191464.5,0.1865,20,40,23,0.24096385542168675,0.4819277108433735,0.27710843373493976,155,0.49338032358487555,190609.15483870968,97713.0,29544419.0,0.1661225806451613,0.118,350420.98124252766,0.16573450586662833,199931.0,0.182,37,72,46,0.23870967741935484,0.4645161290322581,0.2967741935483871,0.9861897448460951,6.961866557701531,8.157001920272618,0,0.0,1,0.3183098861837907,1,0.0353677651315323,1,0.012732395447351627,8,0.025464790894703253,1,0,0,0,0.008800670711484942,0.07856976271800609,0.008800670711484942,0.23241159421022314,57,18.14366351247607,687,24.297654645362687,2129,27.107269907411613,0.02495230486946436,15.959761862961589,1.1015413420005307,8.633736049996903,5.9209124339896375,1.9917495980011606,0,0,0,0,0,2,2,0.0,0.0,0.0,0.0,0.0,2.0,2.0,365202,4604.861709428774,0.9621354613811,0.8285714285714286,0,0,3,3,3,1,5,9
r0025c0009,Calamba,2,0.43065428171379744,145864.07476635513,0.1531214953271028,107,0,5.039415197891901,0,0.0,,,,,,,,,,0,0,0,,,,5,1.5915494309189535,257558.0,122749.0,1287790.0,0.22959999999999997,0.153,247872.83878936796,0.18701149697277972,389330.0,0.301,2,2,1,0.4,0.4,0.2,14,0.49514871184145215,178197.57142857142,84355.0,2494766.0,0.15785714285714286,0.0765,220462.436437145,0.19795526190098034,114709.75,0.12075,3,6,5,0.21428571428571427,0.42857142857142855,0.35714285714285715,107,1.3623663128666241,145864.07476635513,93814.0,15607456.0,0.1531214953271028,0.115,170927.08192056973,0.14582599544898125,173894.0,0.182,23,50,34,0.21495327102803738,0.4672897196261682,0.3177570093457944,265,0.8435211983870453,260046.89811320754,113103.0,68912428.0,0.16530566037735842,0.11,537439.717525625,0.16248713517268573,198754.0,0.181,65,127,73,0.24528301886792453,0.47924528301886793,0.27547169811320754,5.039415197891901,5.635765559121574,5.755035631367509,0,0.0,0,0.0,0,0.0,0,0.0,11,0.03501408748021698,0,0,0,0,0.017078996489605383,0.21690654321745,0.017078996489605383,0.06736903236049571,618,196.71550966158264,3236,114.45008796563852,7023,89.41961322675047,0.017078996489605383,10.139219286562152,1.982617218383891,7.782591063198732,3.596331621082716,4.0669297523346115,0,0,5,8,0,1,14,0.0,0.0,5.0,8.0,0.0,1.0,14.0,575046,3430.416605553926,0.9985506881327258,0.9117647058823529,2,2,2,6,8,5,6,19
r0025c0013,Calamba,2,0.23532395352363591,198024.64615384614,0.14621538461538464,65,2,2.2941677301351002,0,0.0,,,,,,,,,,0,0,0,,,,3,0.954929658551372,47220.0,31228.0,141660.0,0.07366666666666666,0.06,41007.482878128474,0.0626285344977298,38598.0,0.06149999999999999,0,2,1,0.0,0.6666666666666666,0.3333333333333333,13,0.45978094670991987,150420.46153846153,104121.0,1955466.0,0.12638461538461537,0.082,162108.79908444997,0.1295720767639505,200771.0,0.10899999999999999,1,8,4,0.07692307692307693,0.6153846153846154,0.3076923076923077,65,0.8276057040778557,198024.64615384614,102062.0,12871602.0,0.14621538461538464,0.096,251892.35322041778,0.1428355142624389,195473.0,0.175,14,31,20,0.2153846153846154,0.47692307692307695,0.3076923076923077,505,1.6074649252281428,650570.0356435643,240814.0,328537868.0,0.1576316831683168,0.112,980197.7925304233,0.15061765356562193,742755.0,0.178,160,231,114,0.31683168316831684,0.45742574257425744,0.22574257425742575,2.2941677301351002,4.209483849071499,4.791408719539065,0,0.0,0,0.0,1,0.0353677651315323,2,0.025464790894703253,13,0.04138028520389279,0,0,0,2,0.1477350198109836,0.1477350198109836,0.2428065510862929,0.47423946241631404,450,143.2394487827058,3069,108.54367118867262,8001,101.87189597426037,0.1477350198109836,6.139367840774538,1.1733337589358066,3.9856887190824937,1.373638953967689,0.7448706331089477,0,1,0,4,0,0,5,0.0,1.0,0.0,4.0,0.0,0.0,5.0,575046,3430.416605553926,0.8371670085817852,0.8857142857142857,2,3,1,6,6,13,7,26
r0025c0017,Calamba,1,0.0869497136791729,842537.4933333333,0.15398666666666663,225,4,0.7103809860536932,0,0.0,,,,,,,,,,0,0,0,,,,6,1.909859317102744,342408.8333333333,242734.5,2054453.0,0.125,0.0785,318760.19711589883,0.12162072191859413,318072.75,0.20350000000000001,2,2,2,0.3333333333333333,0.3333333333333333,0.3333333333333333,89,3.1477310967063747,720392.4269662921,396250.0,64114926.0,0.1358314606741573,0.099,936375.4027117967,0.12311369800043448,754958.0,0.16899999999999998,30,37,22,0.33707865168539325,0.4157303370786517,0.24719101123595505,225,2.864788975654116,842537.4933333333,506337.0,189570936.0,0.15398666666666663,0.112,927071.5689901499,0.13889312052283737,1154654.0,0.175,84,98,43,0.37333333333333335,0.43555555555555553,0.19111111111111112,441,1.4037465980705168,731757.4603174604,311485.0,322705040.0,0.14526077097505669,0.104,1042615.7476389214,0.13409656469176054,902296.0,0.16999999999999998,143,198,100,0.3242630385487528,0.4489795918367347,0.22675736961451248,0.7103809860536932,1.894818160729768,3.4470735170997644,0,0.0,1,0.3183098861837907,3,0.1061032953945969,4,0.05092958178940651,12,0.03819718634205488,0,1,0,3,0.007699127686437901,0.4718602080243894,0.007699127686437901,0.3108442653848413,443,141.01127957941927,2700,95.4929658551372,6326,80.5451335999464,0.007699127686437901,2.140071780964209,1.2931944498496672,1.763775350883277,0.6004544556732613,0.4834686466408154,5,21,6,3,2,15,52,5.0,21.0,6.0,3.0,2.0,15.0,52.0,575046,3430.416605553926,0.9985907582326261,0.7575757575757576,2,6,6,14,3,11,13,27
r0025c0018,Calamba,1,0.1697080567612311,948964.1443298969,0.14674914089347077,291,4,0.3999284566814657,0,0.0,,,,,,,,,,0,0,0,,,,14,4.45633840657307,224578.57142857142,65699.5,3144100.0,0.12207142857142857,0.077,442239.5364616355,0.1173597128396376,159033.0,0.17575,3,6,5,0.21428571428571427,0.42857142857142855,0.35714285714285715,144,5.092958178940651,785784.3819444445,476191.5,113152951.0,0.13242361111111112,0.099,883809.7461742472,0.11771344724538978,1001174.25,0.14475,48,61,35,0.3333333333333333,0.4236111111111111,0.24305555555555555,291,3.7051270751793233,948964.1443298969,560712.0,276148566.0,0.1467491408934708,0.104,1130716.495738673,0.13817980149921638,1190578.5,0.16849999999999998,104,131,56,0.35738831615120276,0.45017182130584193,0.19243986254295534,450,1.432394487827058,716508.3,303279.5,322428735.0,0.14540444444444442,0.10250000000000001,1036823.7925440947,0.13541521062091968,834530.5,0.16999999999999998,144,200,106,0.32,0.4444444444444444,0.23555555555555555,0.3999284566814657,1.7835553481935815,3.01442946840952,1,1.2732395447351628,1,0.3183098861837907,2,0.0707355302630646,4,0.05092958178940651,12,0.03819718634205488,0,1,0,3,0.0009597939987631575,0.10250328459899478,0.0009597939987631575,0.3794938148955124,467,148.65071684783024,2243,79.32989719002694,5596,71.2504849233797,0.005310174092434182,1.1404831933588837,0.5431037961100796,2.157390934447811,1.125734807951922,0.6829833190568619,16,29,14,6,0,18,83,16.0,29.0,14.0,6.0,0.0,18.0,83.0,575046,3430.416605553926,0.8238986080491377,0.7627118644067796,1,4,7,12,3,10,13,26
r0025c0019,Calamba,0,0.06162550821413583,959930.6292517007,0.14708163265306118,294,4,0.9493242049103562,0,0.0,,,,,,,,,,0,0,0,,,,14,4.45633840657307,757448.8571428572,304339.5,10604284.0,0.18571428571428572,0.112,1167296.636024112,0.16252546715062063,450629.0,0.21099999999999997,5,8,1,0.35714285714285715,0.5714285714285714,0.07142857142857142,181,6.401565488807346,855416.5856353592,508180.0,154830402.0,0.14368508287292817,0.11,930340.6296085438,0.13069772270658558,1164648.0,0.154,64,78,39,0.35359116022099446,0.430939226519337,0.2154696132596685,294,3.743324261521378,959930.6292517007,586197.0,282219605.0,0.1470816326530612,0.104,1122118.0939715283,0.13780299586117534,1168146.25,0.16999999999999998,107,131,56,0.36394557823129253,0.445578231292517,0.19047619047619047,448,1.4260282901033823,713934.5424107143,304531.5,319842675.0,0.146609375,0.10250000000000001,1033164.9969845014,0.13588706523448987,808930.25,0.17074999999999999,145,199,104,0.3236607142857143,0.44419642857142855,0.23214285714285715,0.9493242049103562,1.7723745750749729,2.9027458206102583,0,0.0,1,0.3183098861837907,2,0.0707355302630646,4,0.05092958178940651,12,0.03819718634205488,0,1,0,3,0.12766223228253848,0.4009043503656678,0.12766223228253848,0.3633004048253093,269,85.6253593834397,1952,69.03787753675104,4643,59.1165120620536,0.13292817482065308,0.3213160904137746,0.4180818161582856,2.4016318730606443,1.414694046908448,0.4329841719990347,0,0,0,0,1,0,1,0.0,0.0,0.0,0.0,1.0,0.0,1.0,575046,3430.416605553926,0.8238986080491377,0.7719298245614035,0,5,10,15,2,10,13,25
r0025c0025,Los Baños,1,0.0904716136078195,808506.2874493927,0.14770445344129557,247,3,3.4125647267635477,0,0.0,,,,,,,,,,0,0,0,,,,1,0.3183098861837907,14109.0,14109.0,14109.0,0.011,0.011,,,0.0,0.0,0,0,1,0.0,0.0,1.0,97,3.430673217758633,317968.43298969074,98549.0,30842938.0,0.12196907216494846,0.071,774826.3697607504,0.11270051146070792,243770.0,0.164,21,41,35,0.21649484536082475,0.422680412371134,0.36082474226804123,247,3.1449016754958516,808506.2874493927,340249.0,199701053.0,0.14770445344129557,0.096,1182245.2997350749,0.14360109360926643,992657.0,0.178,83,106,58,0.3360323886639676,0.4291497975708502,0.23481781376518218,417,1.3273522253864072,769316.2613908873,346947.0,320804881.0,0.14203597122302158,0.099,1057527.8308756168,0.1338073965669971,934589.0,0.16699999999999998,134,188,95,0.3213429256594724,0.45083932853717024,0.2278177458033573,3.4125647267635477,3.8717849821370294,4.566769438493812,0,0.0,0,0.0,0,0.0,3,0.03819718634205488,8,0.025464790894703253,1,1,0,1,0.03519564799318817,0.03519564799318817,0.036700670390766084,0.10664790604475347,229,72.89296393608807,1905,67.37559257556903,3547,45.16180665175622,0.08227213582119866,0.39716041913280326,0.28902721422566396,1.7169340986879194,1.023347873906319,1.3017216832885696,3,22,3,9,0,7,44,3.0,22.0,3.0,9.0,0.0,7.0,44.0,117030,1357.2071643331342,0.8162372710912636,0.9444444444444444,3,4,2,9,4,7,9,20
r0025c0040,Liliw,2,0.7797847809377403,547291.5,0.18862500000000001,8,1,2.054981749375226,0,0.0,,,,,,,,,,0,0,0,,,,0,0.0,,,,,,,,,,0,0,0,,,,4,0.1414710605261292,784099.75,187474.0,3136399.0,0.22724999999999998,0.2395,1302286.3974421744,0.11240514519659084,678547.75,0.08675,3,1,0,0.75,0.25,0.0,8,0.10185916357881301,547291.5,192852.5,4378332.0,0.18862500000000001,0.1585,909846.070120341,0.1327639554138956,240499.5,0.2005,4,4,0,0.5,0.5,0.0,73,0.2323662169141672,347820.8219178082,153747.0,25390920.0,0.1531917808219178,0.096,608403.2052749353,0.14693665089402064,330271.0,0.173,15,45,13,0.2054794520547945,0.6164383561643836,0.1780821917808219,2.054981749375226,4.493703763948474,5.458492999931198,0,0.0,0,0.0,1,0.0353677651315323,1,0.012732395447351627,26,0.08276057040778557,1,0,0,0,0.09801043062781371,0.4292683030529652,0.09801043062781371,0.5112952663144312,71,22.600001919049138,362,12.803130977614693,1526,19.429635452658584,0.09801043062781371,6.5446546272380335,5.862372565433256,4.304818714501691,4.060628976413232,2.839792123460721,0,0,0,0,0,1,1,0.0,0.0,0.0,0.0,0.0,1.0,1.0,39976,969.8296736865921,1.9973899972403901,0.18571428571428572,0,1,1,2,1,3,1,5
r0025c0054,Luisiana,1,0.07754088398386932,138141.75,0.097,4,5,2.322115178369333,0,0.0,,,,,,,,,,0,0,0,,,,1,0.3183098861837907,88510.0,88510.0,88510.0,0.134,0.134,,,0.0,0.0,0,1,0,0.0,1.0,0.0,3,0.1061032953945969,176827.66666666666,88510.0,530483.0,0.123,0.134,222291.29521043628,0.1019460641712077,208718.5,0.10149999999999998,0,2,1,0.0,0.6666666666666666,0.3333333333333333,4,0.05092958178940651,138141.75,55297.0,552567.0,0.097,0.0765,197303.52390226081,0.09814614952542289,154178.75,0.137,0,2,2,0.0,0.5,0.5,76,0.2419155134996809,326917.4605263158,150410.0,24845727.0,0.11553947368421051,0.0645,592694.6307183027,0.1363827399430953,326271.25,0.10775000000000001,10,42,24,0.13157894736842105,0.5526315789473685,0.3157894736842105,2.322115178369333,2.667066099152765,2.838518374695716,0,0.0,0,0.0,4,0.1414710605261292,5,0.06366197723675814,82,0.26101410667070835,4,0,0,1,0.02383269525095996,0.02383269525095996,0.10333293755396364,0.26912698308591965,108,34.37746770784939,318,11.24694931182727,502,6.391662514570517,0.02383269525095996,12.951743530929765,1.3412399509621735,1.0139596886921443,0.7871789893937334,0.538247064720032,2,0,2,1,1,0,6,2.0,0.0,2.0,1.0,1.0,0.0,6.0,21824,266.2056621766488,6.045251444924047,0.0,1,1,1,3,2,1,1,4
r0026c0003,Cabuyao,2,0.9453211176362339,241759.33333333334,0.17216091954022988,87,1,0.9624555757138762,0,0.0,,,,,,,,,,0,0,0,,,,1,0.3183098861837907,843023.0,843023.0,843023.0,0.153,0.153,,,0.0,0.0,0,1,0,0.0,1.0,0.0,14,0.49514871184145215,804678.0,144747.5,11265492.0,0.22878571428571431,0.14100000000000001,1221211.2458708298,0.2696168730657602,751529.5,0.181,4,5,5,0.2857142857142857,0.35714285714285715,0.35714285714285715,87,1.1077184039195915,241759.33333333334,97821.0,21033062.0,0.17216091954022988,0.107,551204.135545095,0.17615306990329155,191202.5,0.1915,21,40,26,0.2413793103448276,0.45977011494252873,0.2988505747126437,163,0.5188451144795788,214861.74846625768,102062.0,35022465.0,0.17290184049079754,0.121,425457.71686529147,0.17232986652877746,199205.5,0.192,41,75,47,0.25153374233128833,0.4601226993865031,0.2883435582822086,0.9624555757138762,6.4788452304478525,7.582123161394646,0,0.0,1,0.3183098861837907,1,0.0353677651315323,1,0.012732395447351627,9,0.02864788975654116,1,0,0,0,0.1362087955579796,0.29788108554249765,0.1362087955579796,0.46919910863295505,39,12.414085561167836,649,22.95367957036446,2686,34.19921417158647,0.1950864739369556,15.081827568308777,0.8962660919287689,7.589382709270116,4.915307256117842,1.1083609340781557,0,0,0,0,0,0,0,0.0,0.0,0.0,0.0,0.0,0.0,0.0,365202,4604.861709428774,0.7329216606200006,0.868421052631579,1,1,3,5,2,3,5,10
r0026c0004,Cabuyao,2,0.26565280298940797,280456.93617021275,0.18230851063829787,94,1,0.6617487931609113,0,0.0,,,,,,,,,,0,0,0,,,,2,0.6366197723675814,2493988.0,2493988.0,4987976.0,0.6535,0.6535,1721748.4436467483,0.08697413408594534,1217460.0,0.06150000000000011,2,0,0,1.0,0.0,0.0,77,2.723317915127987,302633.66233766236,105566.0,23302792.0,0.1937142857142857,0.151,708474.3740977698,0.18961233700860464,193138.0,0.257,22,33,22,0.2857142857142857,0.42857142857142855,0.2857142857142857,94,1.196845172051053,280456.93617021275,103814.0,26362952.0,0.18230851063829787,0.11649999999999999,646734.3177524003,0.18736669966096955,192049.5,0.212,25,41,28,0.26595744680851063,0.43617021276595747,0.2978723404255319,170,0.5411268065124442,233018.41176470587,99941.5,39613130.0,0.17615882352941173,0.1195,500731.3822386787,0.17764572669114637,197942.5,0.193,43,79,48,0.2529411764705882,0.4647058823529412,0.2823529411764706,0.6617487931609113,5.954514766767723,7.013067961489085,0,0.0,1,0.3183098861837907,1,0.0353677651315323,1,0.012732395447351627,9,0.02864788975654116,1,0,0,0,0.10676689206915277,0.4325294088077097,0.13954973218400032,0.10676689206915277,76,24.19155134996809,1092,38.62159952363327,3581,45.59470809696617,0.1174418020983987,14.566553891369157,0.1723807675561914,7.4457906826621825,4.60018410499437,0.6381138299959744,0,0,1,0,0,2,3,0.0,0.0,1.0,0.0,0.0,2.0,3.0,365202,4604.861709428774,0.7329216606200006,0.8809523809523809,1,1,4,6,2,3,6,11
r0026c0006,Calamba,0,0.021174903013226255,263998.98148148146,0.1745833333333333,108,1,2.132409662224068,0,0.0,,,,,,,,,,0,0,0,,,,1,0.3183098861837907,32737.0,32737.0,32737.0,0.038,0.038,,,0.0,0.0,0,0,1,0.0,0.0,1.0,81,2.864788975654116,206432.58024691357,102062.0,16721039.0,0.17817283950617285,0.129,447421.95807737985,0.1666738424381175,189212.0,0.192,21,38,22,0.25925925925925924,0.4691358024691358,0.2716049382716049,108,1.3750987083139756,263998.98148148146,92550.0,28511890.0,0.1745833333333333,0.11649999999999999,611011.505181627,0.18267166423911468,189427.0,0.2015,27,47,34,0.25,0.4351851851851852,0.3148148148148148,283,0.9008169779001276,196127.43109540635,103734.0,55504063.0,0.16787985865724378,0.121,400338.47704597074,0.15883579007865017,188229.5,0.174,66,142,75,0.2332155477031802,0.5017667844522968,0.26501766784452296,2.132409662224068,5.357822273760784,6.002904796068127,0,0.0,0,0.0,1,0.0353677651315323,1,0.012732395447351627,11,0.03501408748021698,1,0,0,0,0.1347601154138599,0.44774604955814007,0.1347601154138599,0.8010190458200607,364,115.86479857089981,2413,85.34241726238744,5749,73.1985414268245,0.1347601154138599,13.172005255483844,1.0107368237881889,7.4258437999553015,3.919204813387012,1.905920660579034,0,0,0,15,0,3,18,0.0,0.0,0.0,15.0,0.0,3.0,18.0,575046,3430.416605553926,1.003349347963788,0.8983050847457628,1,2,6,9,5,4,8,17
r0026c0008,Calamba,1,0.1063690560532624,216300.0642201835,0.16416513761467888,109,1,4.080301363229912,0,0.0,,,,,,,,,,0,0,0,,,,0,0.0,,,,,,,,,,0,0,0,,,,85,3.006260036180245,135265.8705882353,78127.0,11497599.0,0.16256470588235294,0.115,151650.02787879008,0.1542744498689039,168209.0,0.2,20,38,27,0.23529411764705882,0.4470588235294118,0.3176470588235294,109,1.3878311037613273,216300.0642201835,97373.0,23576707.0,0.16416513761467888,0.115,486147.55566723493,0.1679112151726856,192947.0,0.189,25,49,35,0.22935779816513763,0.44954128440366975,0.3211009174311927,333,1.0599719209920229,208008.83483483482,103731.0,69266942.0,0.1671501501501501,0.121,415030.34798527305,0.15924801158650143,190398.0,0.192,81,159,93,0.24324324324324326,0.4774774774774775,0.27927927927927926,4.080301363229912,5.076209522514231,5.275391154371095,0,0.0,0,0.0,0,0.0,1,0.012732395447351627,12,0.03819718634205488,1,0,0,0,0.05302157178315548,0.5044755898415383,0.09938073494847234,0.05302157178315548,350,111.40846016432674,3408,120.53334356826207,7031,89.5214723903293,0.05302157178315548,11.177840888456553,0.8546741327979475,7.91493727265597,3.7103808153540783,3.8496535690206675,0,0,6,8,0,2,16,0.0,0.0,6.0,8.0,0.0,2.0,16.0,575046,3430.416605553926,0.9985504384687112,0.927536231884058,4,2,5,11,8,4,7,19
r0026c0009,Calamba,2,0.24832074527418097,136090.14563106795,0.15084466019417478,103,0,5.030312556938611,0,0.0,,,,,,,,,,0,0,0,,,,5,1.5915494309189535,177583.4,102062.0,887917.0,0.1408,0.118,201481.93821357784,0.17751816808428372,115053.0,0.121,1,2,2,0.2,0.4,0.4,20,0.7073553026306459,124729.85,48351.5,2494597.0,0.13,0.0725,171975.57836301092,0.16462205518286904,92735.75,0.0795,3,11,6,0.15,0.55,0.3,103,1.3114367310772175,136090.14563106795,79139.0,14017285.0,0.15084466019417478,0.104,160159.0160496386,0.146373599173254,159332.0,0.1835,22,47,34,0.21359223300970873,0.4563106796116505,0.3300970873786408,355,1.130000095952457,230601.4366197183,104121.0,81863510.0,0.16795211267605628,0.118,479988.0794983066,0.15954331174259603,186274.0,0.192,89,170,96,0.2507042253521127,0.4788732394366197,0.2704225352112676,5.030312556938611,5.030312556938611,5.030312556938611,0,0.0,0,0.0,0,0.0,0,0.0,12,0.03819718634205488,0,0,0,0,0.013730445388154674,0.13287832620930512,0.013730445388154674,0.20560946200828012,457,145.46761798599235,3394,120.03819485642062,7610,96.89352935434589,0.013730445388154674,10.181586323815075,1.839626861234047,7.623888178485576,2.9572503857801036,3.5622996559427307,0,1,0,13,0,5,19,0.0,1.0,0.0,13.0,0.0,5.0,19.0,575046,3430.416605553926,0.9985504384687112,0.9452054794520548,4,2,2,8,8,4,7,19
r0026c0010,Calamba,0,0.01774848645408494,138028.06603773584,0.15674528301886795,106,8,4.640148992680284,0,0.0,,,,,,,,,,0,0,0,,,,3,0.954929658551372,206851.0,48966.0,620553.0,0.14966666666666667,0.022,303751.53308419697,0.23335452284739056,271236.5,0.20550000000000002,1,0,2,0.3333333333333333,0.0,0.6666666666666666,19,0.6719875374991137,227392.7894736842,122749.0,4320463.0,0.18405263157894738,0.14,238891.3865161737,0.17546777915180847,325698.5,0.137,5,11,3,0.2631578947368421,0.5789473684210527,0.15789473684210525,106,1.3496339174192724,138028.06603773584,85797.5,14630975.0,0.15674528301886795,0.11649999999999999,158896.8278779703,0.1482113074100787,159929.25,0.184,23,50,33,0.2169811320754717,0.4716981132075472,0.3113207547169811,433,1.3782818071758136,342388.3256351039,129274.0,148254145.0,0.16249422632794455,0.118,633580.3915941343,0.1521848765692648,228493.0,0.183,119,199,115,0.2748267898383372,0.45958429561200925,0.26558891454965355,4.640148992680284,4.640148992680284,4.640148992680284,0,0.0,0,0.0,0,0.0,8,0.10185916357881301,13,0.04138028520389279,0,0,0,8,0.052528097455752966,0.11898443606446128,0.052528097455752966,0.16780591462538913,527,167.7493100188577,3408,120.53334356826207,8055,102.55944532841735,0.052528097455752966,9.18614572119043,2.835026554687937,6.630371737137142,2.179838128706374,2.6751160864365877,9,12,1,13,0,8,43,9.0,12.0,1.0,13.0,0.0,8.0,43.0,575046,3430.416605553926,0.998555533428404,0.9583333333333334,2,3,2,7,7,6,7,20
r0026c0015,Calamba,1,0.06780681552207006,441993.1388888889,0.13976851851851851,108,3,0.31073869291351647,0,0.0,,,,,,,,,,0,0,0,,,,1,0.3183098861837907,233343.0,233343.0,233343.0,0.022,0.022,,,0.0,0.0,0,0,1,0.0,0.0,1.0,38,1.3439750749982273,176127.52631578947,93112.0,6692846.0,0.1325263157894737,0.0695,206688.94590582597,0.13998083591655533,169248.0,0.15975,8,16,14,0.21052631578947367,0.42105263157894735,0.3684210526315789,108,1.3750987083139756,441993.1388888889,167703.0,47735259.0,0.13976851851851851,0.10250000000000001,701054.8464150218,0.1275639921128451,468011.0,0.16475,28,53,27,0.25925925925925924,0.49074074074074076,0.25,502,1.5979156286426293,637749.4940239044,242043.5,320150246.0,0.15291235059760958,0.112,957854.6070989426,0.14147945227495246,729643.0,0.173,158,230,114,0.3147410358565737,0.4581673306772908,0.22709163346613545,0.31073869291351647,2.7035087921508487,3.864913787784147,1,1.2732395447351628,1,0.3183098861837907,2,0.0707355302630646,3,0.03819718634205488,13,0.04138028520389279,0,0,0,3,0.010839344882812693,0.15274486610782867,0.010839344882812693,0.2451881682034388,402,127.96057424588386,3497,123.68107466496845,8300,105.6788822130185,0.06029479734536757,4.402121269850709,0.20536502325417583,1.9036053754578293,0.49407585563259226,0.45073854387218926,11,19,10,2,1,3,46,11.0,19.0,10.0,2.0,1.0,3.0,46.0,575046,3430.416605553926,0.8494817862632231,0.9066666666666666,2,5,4,11,7,14,7,28
r0026c0016,Calamba,2,0.391533960893164,659994.4404761905,0.13625,168,3,1.2262416144639177,0,0.0,,,,,,,,,,0,0,0,,,,3,0.954929658551372,121710.33333333333,90686.0,365131.0,0.061,0.079,99804.97214234035,0.03380828300875394,96120.5,0.03,0,2,1,0.0,0.6666666666666666,0.3333333333333333,38,1.3439750749982273,219725.2894736842,112264.5,8349561.0,0.11952631578947367,0.0695,323369.8753858747,0.11835762043818503,174359.0,0.1185,8,17,13,0.21052631578947367,0.4473684210526316,0.34210526315789475,168,2.139042435155073,659994.4404761905,278323.5,110879066.0,0.13625,0.104,851159.7686464393,0.11881166851303074,844754.25,0.15875,51,76,41,0.30357142857142855,0.4523809523809524,0.24404761904761904,473,1.50560576164933,665661.621564482,259330.0,314857947.0,0.14855602536997886,0.104,978934.5605768827,0.13864882756146496,762256.0,0.16999999999999998,150,212,111,0.3171247357293869,0.44820295983086683,0.2346723044397463,1.2262416144639177,2.2328969302293125,3.8710248978768482,0,0.0,0,0.0,2,0.0707355302630646,3,0.03819718634205488,12,0.03819718634205488,0,0,0,3,0.00037946963431938056,0.12305322664528104,0.00037946963431938056,0.8369873817728875,410,130.5070533353542,3269,115.61722421497909,7603,96.80440258621442,0.0008422170700104575,3.218980279256948,0.46028026505601816,1.1041543976920245,0.7680947744443957,0.24422345688197,9,29,10,5,1,15,69,9.0,29.0,10.0,5.0,1.0,15.0,69.0,575046,3430.416605553926,0.7916646932190438,0.863013698630137,3,7,3,13,5,14,9,28
r0026c0017,Calamba,1,0.09930175440985489,763102.432835821,0.14306965174129352,201,3,1.01869877373143,0,0.0,,,,,,,,,,0,0,0,,,,5,1.5915494309189535,135411.4,92410.0,677057.0,0.1244,0.041,105933.1619975539,0.1880327099203753,171054.0,0.024,1,2,2,0.2,0.4,0.4,49,1.7330204914450826,415789.7755102041,198159.0,20373699.0,0.13816326530612247,0.082,732434.7382777602,0.14356725295988979,367246.0,0.208,13,22,14,0.2653061224489796,0.4489795918367347,0.2857142857142857,201,2.559211484917677,763102.432835821,436008.0,153383589.0,0.14306965174129352,0.11,886823.436948374,0.12856175607223988,1005985.0,0.156,68,89,44,0.3383084577114428,0.4427860696517413,0.21890547263681592,465,1.4801409707546267,703426.1440860215,287886.0,327093157.0,0.14727096774193546,0.104,1024310.2751313396,0.13656948353140827,798354.0,0.16999999999999998,151,207,107,0.3247311827956989,0.44516129032258067,0.23010752688172043,1.01869877373143,2.0394342158464283,3.6945819276720657,0,0.0,0,0.0,3,0.1061032953945969,3,0.03819718634205488,12,0.03819718634205488,0,0,0,3,0.004333223942259223,0.04209161969686204,0.004333223942259223,0.3800829883341752,638,203.08170738525845,2824,99.87856873144722,6982,88.89758501340906,0.004333223942259223,2.3290244458053753,1.065103778439539,0.8169434488945995,0.4076742685685269,0.34051532972177984,23,41,24,5,5,40,138,23.0,41.0,24.0,5.0,5.0,40.0,138.0,575046,3430.416605553926,0.790230442893218,0.8571428571428571,3,7,3,13,4,11,12,27
r0026c0034,Victoria,0,0.058770247070765974,465673.77777777775,0.1496666666666667,9,3,3.7356390117760228,0,0.0,,,,,,,,,,0,0,0,,,,0,0.0,,,,,,,,,,0,0,0,,,,3,0.1061032953945969,152289.0,104009.0,456867.0,0.14400000000000002,0.153,110731.38649904101,0.07192357054540603,102534.0,0.0715,0,3,0,0.0,1.0,0.0,9,0.11459155902616464,465673.77777777775,104009.0,4191064.0,0.1496666666666667,0.153,872048.4813413153,0.09135507648729763,205068.0,0.143,2,7,0,0.2222222222222222,0.7777777777777778,0.0,148,0.4710986315520102,331562.50675675675,109534.5,49071251.0,0.1318108108108108,0.079,710311.4511585936,0.1227005841539439,270981.75,0.1575,33,72,43,0.22297297297297297,0.4864864864864865,0.2905405405405405,3.7356390117760228,4.121758454975995,5.0270993960861485,0,0.0,0,0.0,0,0.0,3,0.03819718634205488,11,0.03501408748021698,0,0,2,1,0.12276910611381651,2.3369543961656416,0.12276910611381651,0.7908742351468343,21,6.684507609859605,442,15.632552188137275,1606,20.448227088446714,0.12276910611381651,1.4113030147819368,2.778357410333501,2.5932648642632756,3.8287125972583915,2.3803069589368433,0,0,0,0,0,1,1,0.0,0.0,0.0,0.0,0.0,1.0,1.0,45230,1097.4057289832929,1.9973542564131976,0.4230769230769231,0,3,0,3,1,3,2,6
r0026c0038,Victoria,2,0.6604200235059768,411437.0,0.17758333333333332,12,1,4.192203895219351,0,0.0,,,,,,,,,,0,0,0,,,,0,0.0,,,,,,,,,,0,0,0,,,,5,0.17683882565766149,648637.4,186280.0,3243187.0,0.22139999999999999,0.252,1205120.3578339387,0.14655135618615064,147676.0,0.27199999999999996,3,2,0,0.6,0.4,0.0,12,0.15278874536821951,411437.0,180196.0,4937244.0,0.17758333333333332,0.1215,774023.3588851297,0.13070748628023174,121038.0,0.20650000000000002,4,8,0,0.3333333333333333,0.6666666666666666,0.0,59,0.1878028328484365,270639.8813559322,151919.0,15967753.0,0.14132203389830508,0.09,421193.7409509771,0.132509523493527,241931.5,0.16699999999999998,11,38,10,0.1864406779661017,0.6440677966101694,0.1694915254237288,4.192203895219351,4.925559800087735,5.855807412959631,0,0.0,0,0.0,0,0.0,1,0.012732395447351627,17,0.054112680651244416,1,0,0,0,0.021644773964737997,0.24784662795187865,0.021644773964737997,0.2832129322680437,76,24.19155134996809,765,27.05634032562221,1838,23.40214283223229,0.021644773964737997,4.74754057793265,5.207180370929713,3.1812550603142578,3.345131005912182,2.613333089277047,0,0,0,0,0,0,0,0.0,0.0,0.0,0.0,0.0,0.0,0.0,45230,1097.4057289832929,1.0050157662745443,0.23943661971830985,1,2,1,4,2,6,1,9
r0027c0005,Cabuyao,2,0.2803772043760827,241276.744,0.174832,125,1,2.084124808490601,0,0.0,,,,,,,,,,0,0,0,,,,56,17.82535362629228,130436.01785714286,92604.0,7304417.0,0.16558928571428572,0.1305,134560.5832973644,0.146273315379832,172518.25,0.19025,13,26,17,0.23214285714285715,0.4642857142857143,0.30357142857142855,81,2.864788975654116,260925.03703703705,87387.0,21134928.0,0.18487654320987656,0.129,614637.7171115405,0.18530126704343183,192333.0,0.216,21,36,24,0.25925925925925924,0.4444444444444444,0.2962962962962963,125,1.5915494309189533,241276.744,81982.0,30159593.0,0.174832,0.118,570141.4095169852,0.1789926442893043,188728.0,0.197,30,57,38,0.24,0.456,0.304,293,0.9326479665185067,192892.9590443686,101162.0,56517637.0,0.16882935153583617,0.121,398317.6967998923,0.16139277652243036,181537.0,0.183,68,143,82,0.23208191126279865,0.4880546075085324,0.27986348122866894,2.084124808490601,5.384619479060629,6.044718413174635,0,0.0,0,0.0,1,0.0353677651315323,1,0.012732395447351627,11,0.03501408748021698,1,0,0,0,0.0323601792729462,0.5528201317495894,0.0323601792729462,0.035116713191451196,172,54.749300423612,1949,68.93177424135645,5346,68.0673860615418,0.08883772047014613,13.000145815302611,0.18819785704569864,6.370719799715145,3.319072118226895,1.1093611055964419,0,0,0,0,0,0,0,0.0,0.0,0.0,0.0,0.0,0.0,0.0,365202,4604.861709428774,0.7617620804205321,0.9807692307692307,2,2,5,9,5,6,7,18
r0027c0006,Calamba,1,0.14185591853956445,379531.10169491527,0.1903728813559322,59,1,2.6194184576656876,0,0.0,,,,,,,,,,0,0,0,,,,1,0.3183098861837907,208581.0,208581.0,208581.0,0.375,0.375,,,0.0,0.0,1,0,0,1.0,0.0,0.0,13,0.45978094670991987,513283.3076923077,132402.0,6672683.0,0.1992307692307692,0.118,1001621.7394050165,0.23625944561228793,607046.0,0.172,4,5,4,0.3076923076923077,0.38461538461538464,0.3076923076923077,59,0.751211331393746,379531.10169491527,81982.0,22392335.0,0.1903728813559322,0.118,802832.8889284042,0.21317573277698124,211284.0,0.219,16,24,19,0.2711864406779661,0.4067796610169492,0.3220338983050847,243,0.7734930234266113,216784.85185185185,103731.0,52678719.0,0.16955144032921812,0.118,442614.3836940017,0.16641514487008613,185067.5,0.178,58,116,69,0.23868312757201646,0.4773662551440329,0.2839506172839506,2.6194184576656876,5.126229052347896,5.6275911712843385,0,0.0,0,0.0,1,0.0353677651315323,1,0.012732395447351627,11,0.03501408748021698,1,0,0,0,0.07610351117364358,0.7179426569661531,0.07610351117364358,0.34850839674485107,340,108.22536130248884,2284,80.77997556041977,5999,76.38164028866241,0.07610351117364358,12.494549183490866,0.8071471214290125,6.429179768755937,3.0018024894184276,1.843160207087291,0,0,3,7,0,2,12,0.0,0.0,3.0,7.0,0.0,2.0,12.0,575046,3430.416605553926,0.7617620804205321,0.9818181818181818,2,2,5,9,5,5,8,18
r0027c0007,Calamba,2,0.24954411130568,238771.99212598425,0.1715748031496063,127,1,3.451856763926687,0,0.0,,,,,,,,,,0,0,0,,,,69,21.963382146681557,121993.23188405797,78127.0,8417533.0,0.16049275362318843,0.126,127108.40907297631,0.14303173477449044,168823.0,0.197,16,32,21,0.2318840579710145,0.463768115942029,0.30434782608695654,83,2.9355245059171806,136745.31325301205,79139.0,11349861.0,0.15995180722891567,0.126,152501.68317271268,0.1458978847382111,173894.0,0.1945,20,36,27,0.24096385542168675,0.43373493975903615,0.3253012048192771,127,1.6170142218136565,238771.99212598425,81982.0,30324043.0,0.1715748031496063,0.121,566074.6544061758,0.17257970413902937,188997.5,0.1875,30,58,39,0.23622047244094488,0.4566929133858268,0.30708661417322836,322,1.024957833511806,206963.1645962733,102944.0,66642139.0,0.16872981366459625,0.121,420314.79623284296,0.1596266037621098,188669.25,0.18525000000000003,79,153,90,0.2453416149068323,0.4751552795031056,0.2795031055900621,3.451856763926687,4.859129029189916,5.140583482242562,0,0.0,0,0.0,0,0.0,1,0.012732395447351627,11,0.03501408748021698,1,0,0,0,0.01531436311632403,0.048480748375234625,0.01531436311632403,0.11017631033255842,471,149.9239563925654,2999,106.06792762946536,6698,85.2815847063612,0.01531436311632403,11.76930665611816,1.2194526694040293,6.6399495310381615,2.6865013378278944,2.827365337301622,0,0,12,65,0,10,87,0.0,0.0,12.0,65.0,0.0,10.0,87.0,575046,3430.416605553926,0.8599482992876161,0.9838709677419355,3,3,4,10,5,7,7,19
r0027c0009,Calamba,1,0.12589343461408328,138607.87401574804,0.15863779527559058,127,7,4.173250859986214,0,0.0,,,,,,,,,,0,0,0,,,,1,0.3183098861837907,48966.0,48966.0,48966.0,0.008,0.008,,,0.0,0.0,0,0,1,0.0,0.0,1.0,88,3.1123633315748425,134376.6590909091,78633.0,11825146.0,0.16044318181818182,0.11649999999999999,150425.00033478986,0.1525080633221254,171051.5,0.19175,20,40,28,0.22727272727272727,0.45454545454545453,0.3181818181818182,127,1.6170142218136565,138607.87401574804,69604.0,17603200.0,0.15863779527559058,0.118,159405.7224975569,0.14868533244402252,164719.0,0.1845,29,59,39,0.2283464566929134,0.4645669291338583,0.30708661417322836,367,1.1681972822945117,219027.54223433242,103734.0,80383108.0,0.16905994550408715,0.121,418446.19849180547,0.1588717966249471,189679.0,0.193,95,171,101,0.25885558583106266,0.4659400544959128,0.27520435967302453,4.173250859986214,4.173250859986214,4.173250859986214,0,0.0,0,0.0,0,0.0,7,0.08912676813146139,12,0.03819718634205488,0,0,0,7,0.030902041881043348,0.07827740709103975,0.030902041881043348,0.5458829542015123,430,136.87325105903,3238,114.52082349590158,8221,104.67302297267773,0.030902041881043348,10.11032081778997,2.1946769186495088,7.455246693772061,2.5644964366290006,3.2953954274360795,0,0,4,4,0,0,8,0.0,0.0,4.0,4.0,0.0,0.0,8.0,575046,3430.416605553926,0.9985501886596246,0.9722222222222222,4,3,3,10,6,6,7,19
r0027c0010,Calamba,0,0.03882655749480909,141315.42056074768,0.16167289719626168,107,8,3.693660664524334,0,0.0,,,,,,,,,,0,0,0,,,,2,0.6366197723675814,31956.0,31956.0,63912.0,0.019,0.019,18929.248532363876,0.015556349186104044,13385.0,0.011000000000000001,0,0,2,0.0,0.0,1.0,18,0.6366197723675814,200577.66666666666,125316.0,3610398.0,0.1842777777777778,0.1345,210118.287986161,0.18343609419521223,195542.25,0.175,4,9,5,0.2222222222222222,0.5,0.2777777777777778,107,1.3623663128666241,141315.42056074768,93814.0,15120750.0,0.16167289719626168,0.126,159001.88261126107,0.148243793067489,163241.0,0.185,24,52,31,0.22429906542056074,0.48598130841121495,0.2897196261682243,425,1.3528170162811104,307166.6611764706,122071.0,130545831.0,0.16480470588235288,0.121,597312.4950278215,0.15398216319293617,218551.0,0.189,115,196,114,0.27058823529411763,0.4611764705882353,0.26823529411764707,3.693660664524334,3.693660664524334,3.6936606645243346,0,0.0,0,0.0,0,0.0,8,0.10185916357881301,13,0.04138028520389279,0,0,0,8,0.0025120177328860874,0.07986312620933213,0.0025120177328860874,0.07410871226062991,627,199.58029863723675,3274,115.79406304063674,8218,104.63482578633567,0.0025120177328860874,9.184957478108867,3.0773959596634315,6.598228438097417,1.6072347715112856,2.307833960696189,34,79,8,10,0,44,175,34.0,79.0,8.0,10.0,0.0,44.0,175.0,575046,3430.416605553926,0.9985552836050391,0.9861111111111112,2,3,4,9,7,7,7,21
r0027c0012,Calamba,1,0.15346662032045327,165129.40740740742,0.17340740740740743,54,8,2.966396980802476,0,0.0,,,,,,,,,,0,0,0,,,,1,0.3183098861837907,138475.0,138475.0,138475.0,0.227,0.227,,,0.0,0.0,0,1,0,0.0,1.0,0.0,15,0.5305164769729844,146666.26666666666,48966.0,2199994.0,0.13833333333333334,0.107,219049.2862656604,0.13938982677915848,79812.0,0.13999999999999999,3,7,5,0.2,0.4666666666666667,0.3333333333333333,54,0.6875493541569878,165129.40740740742,107246.5,8916988.0,0.17340740740740743,0.118,176111.42507381228,0.16017826372673086,158394.75,0.24574999999999997,16,23,15,0.2962962962962963,0.42592592592592593,0.2777777777777778,516,1.64247901270836,439704.9748062015,152560.0,226887767.0,0.16221317829457357,0.1195,716469.1866070123,0.15189764406532869,421094.0,0.183,151,234,131,0.2926356589147287,0.45348837209302323,0.25387596899224807,2.966396980802476,3.305889198612002,3.3737876421739075,0,0.0,0,0.0,1,0.0353677651315323,8,0.10185916357881301,13,0.04138028520389279,0,0,0,8,0.0038723634022153138,0.0629895161572182,0.0038723634022153138,0.3345074843778814,465,148.01409707546267,3293,116.46605057813586,8576,109.19302335648756,0.0038723634022153138,7.387011840462695,2.3079527843261913,4.603899276335026,0.5748436469683486,0.4916288483245539,13,14,14,12,1,11,65,13.0,14.0,14.0,12.0,1.0,11.0,65.0,575046,3430.416605553926,0.998565399603298,0.9857142857142858,4,2,2,8,7,11,7,25
r0027c0013,Calamba,2,0.33830891778614974,160828.15277777778,0.14691666666666667,72,9,2.0099845379292147,0,0.0,,,,,,,,,,0,0,0,,,,0,0.0,,,,,,,,,,0,0,0,,,,20,0.7073553026306459,135243.95,78438.0,2704879.0,0.12329999999999999,0.0945,166701.09573266475,0.11668676017440882,121580.25,0.10425,3,10,7,0.15,0.5,0.35,72,0.9167324722093171,160828.15277777778,103758.0,11579627.0,0.14691666666666667,0.11249999999999999,174539.5716851819,0.13351549469609758,168148.75,0.1765,17,33,22,0.2361111111111111,0.4583333333333333,0.3055555555555556,591,1.8812114273462028,524360.6074450085,189170.0,309897119.0,0.15765989847715733,0.118,853631.4579018446,0.14460532282437674,532952.5,0.178,178,272,141,0.3011844331641286,0.4602368866328257,0.23857868020304568,2.0099845379292147,3.1901277007217614,3.4261563332802707,0,0.0,0,0.0,1,0.0353677651315323,9,0.11459155902616464,14,0.044563384065730696,0,0,0,9,8.257352896450247e-05,0.100970781460886,8.257352896450247e-05,0.3571019303898842,584,185.89297353133375,3329,117.73929012287103,8832,112.45251659100957,8.257352896450247e-05,6.433147476344522,1.4175773333976454,3.6078875449103522,0.14648956478705738,0.8312005043889344,14,73,13,3,0,16,119,14.0,73.0,13.0,3.0,0.0,16.0,119.0,575046,3430.416605553926,0.9985704206566093,0.971830985915493,4,4,2,10,7,13,5,25
r0027c0015,Calamba,0,0.045198358314793685,279751.55263157893,0.16086842105263158,76,9,0.7098950992407551,0,0.0,,,,,,,,,,0,0,0,,,,2,0.6366197723675814,180268.0,180268.0,360536.0,0.277,0.277,186174.1444186061,0.24041630560342617,131645.0,0.16999999999999998,1,1,0,0.5,0.5,0.0,23,0.8134585980252429,211816.73913043478,124756.0,4871785.0,0.17095652173913042,0.118,236416.14050041224,0.15462608219974625,176793.0,0.20650000000000002,7,10,6,0.30434782608695654,0.43478260869565216,0.2608695652173913,76,0.9676620539987236,279751.55263157893,126319.5,21261118.0,0.16086842105263158,0.1195,577388.6218721297,0.13653164147115135,177335.75,0.20300000000000004,21,39,16,0.27631578947368424,0.5131578947368421,0.21052631578947367,580,1.8461973398659859,566849.0344827586,204256.0,328772440.0,0.155301724137931,0.11649999999999999,909628.4434249164,0.14050390561370324,625546.5,0.17575000000000002,176,274,130,0.30344827586206896,0.4724137931034483,0.22413793103448276,0.7098950992407551,2.96037369475739,3.7638905062568417,0,0.0,1,0.3183098861837907,1,0.0353677651315323,9,0.11459155902616464,13,0.04138028520389279,0,0,0,9,0.011977516706819976,0.5263239242428047,0.011977516706819976,0.05433892010555044,477,151.83381570966816,3460,122.37246735510175,8767,111.62491088693172,0.011977516706819976,4.474295061933555,0.9692664363892546,1.6252967506853069,0.979616875880724,1.322789608788142,0,0,0,3,0,5,8,0.0,0.0,0.0,3.0,0.0,5.0,8.0,575046,3430.416605553926,0.7516868055801216,0.9583333333333334,2,7,4,13,5,14,6,25
r0027c0016,Calamba,2,0.3967437940874307,464392.8103448276,0.1375258620689655,116,3,1.1186309455806482,1,1.2732395447351628,148905.0,148905.0,148905.0,0.019,0.019,,,0.0,0.0,0,0,1,0.0,0.0,1.0,4,1.2732395447351628,126488.25,119795.5,505953.0,0.04025,0.0315,85515.59327348824,0.027608875384557047,93745.25,0.029250000000000005,0,1,3,0.0,0.25,0.75,36,1.2732395447351628,161669.55555555556,91548.0,5820104.0,0.12558333333333335,0.0695,191087.8008123034,0.1303602426245934,161988.25,0.17425000000000002,7,14,15,0.19444444444444445,0.3888888888888889,0.4166666666666667,116,1.4769578718927887,464392.8103448276,184207.0,53869566.0,0.1375258620689655,0.1095,695400.2212661727,0.11876974151378109,534514.75,0.16475,32,55,29,0.27586206896551724,0.47413793103448276,0.25,505,1.6074649252281428,633465.2633663366,237581.0,319899958.0,0.1512019801980198,0.11,956455.7091410724,0.14045197308013435,728865.0,0.173,157,232,116,0.3108910891089109,0.4594059405940594,0.2297029702970297,1.1186309455806482,2.7688559669834087,3.8745505567509895,0,0.0,0,0.0,2,0.0707355302630646,3,0.03819718634205488,13,0.04138028520389279,0,0,0,3,0.022941666389140292,0.022941666389140292,0.02398707382350985,0.30956603980285674,561,178.57184614910656,3390,119.89672379589449,8099,103.11967072810083,0.026734488133373195,3.7256029152219563,0.237634616047008,0.8988850066991073,0.4640849294898806,0.6946825546940033,25,93,17,5,1,40,181,25.0,93.0,17.0,5.0,1.0,40.0,181.0,575046,3430.416605553926,0.7516868055801216,0.9428571428571428,3,7,2,12,5,15,6,26
r0027c0017,Calamba,1,0.15928147727317843,744386.876344086,0.13840322580645162,186,3,1.6957439507402765,0,0.0,,,,,,,,,,0,0,0,,,,3,0.954929658551372,105071.66666666667,99773.0,315215.0,0.041666666666666664,0.027,17642.22566269158,0.032578111260988314,17035.0,0.03,0,1,2,0.0,0.3333333333333333,0.6666666666666666,37,1.308607309866695,221951.1891891892,99773.0,8212194.0,0.12667567567567567,0.082,327089.8910513607,0.12620509191480836,170445.0,0.126,8,17,12,0.21621621621621623,0.4594594594594595,0.32432432432432434,186,2.368225553207403,744386.876344086,432495.5,138455959.0,0.13840322580645162,0.1055,855567.9159232635,0.1235820934738353,1001714.0,0.15325,62,82,42,0.3333333333333333,0.44086021505376344,0.22580645161290322,487,1.5501691457150606,682023.930184805,275619.0,332145654.0,0.14377823408624232,0.104,1008747.4153074558,0.13386483608507876,762540.5,0.16699999999999998,150,222,115,0.3080082135523614,0.45585215605749485,0.23613963039014374,1.6957439507402765,2.454777826544873,3.922306136662597,0,0.0,0,0.0,2,0.0707355302630646,3,0.03819718634205488,12,0.03819718634205488,0,0,0,3,0.010384631813415769,0.08140480610353482,0.010384631813415769,0.061413531767180625,616,196.07888988921505,3150,111.40846016432674,7069,90.00530341732865,0.02753026938163801,2.4631693047463714,0.45902877103998263,0.276398648334317,0.29012999266504924,0.4442207112822601,18,108,15,5,4,83,233,18.0,108.0,15.0,5.0,4.0,83.0,233.0,575046,3430.416605553926,0.790230442893218,0.890625,3,5,2,10,4,11,10,25
r0027c0040,Pila,1,0.18176393981642341,592644.5384615385,0.15846153846153846,13,2,2.9257861806904004,0,0.0,,,,,,,,,,0,0,0,,,,1,0.3183098861837907,188668.0,188668.0,188668.0,0.252,0.252,,,0.0,0.0,1,0,0,1.0,0.0,0.0,6,0.2122065907891938,1114318.6666666667,460989.0,6685912.0,0.22966666666666669,0.2395,1301357.8567168473,0.1357654840770167,2041154.25,0.214,4,2,0,0.6666666666666666,0.3333333333333333,0.0,13,0.16552114081557115,592644.5384615385,174112.0,7704379.0,0.15846153846153846,0.09,982441.9750144378,0.12393588085821863,284818.0,0.181,4,8,1,0.3076923076923077,0.6153846153846154,0.07692307692307693,56,0.17825353626292278,414906.125,153857.0,23234743.0,0.15850000000000003,0.1205,738070.0233067089,0.1447922649867734,329113.5,0.161,12,36,8,0.21428571428571427,0.6428571428571429,0.14285714285714285,2.9257861806904004,4.8504531718900665,5.7525040290442515,0,0.0,0,0.0,1,0.0353677651315323,2,0.025464790894703253,16,0.05092958178940651,1,0,0,1,0.0004338219411683086,0.42540796543666554,0.0004338219411683086,1.0395116516826037,70,22.281692032865347,629,22.246324267733815,1908,24.293410513546903,0.0004338219411683086,4.961036384472869,3.8630951423374933,2.321746470759,5.32721134551751,2.922981057170117,0,0,0,1,0,0,1,0.0,0.0,0.0,1.0,0.0,0.0,1.0,57776,1527.9354664794291,2.244394020304732,0.18055555555555555,1,2,2,5,2,4,3,9
r0028c0006,Cabuyao,2,0.3229402770122038,239508.6328125,0.1730703125,128,1,3.3458932721339174,0,0.0,,,,,,,,,,0,0,0,,,,66,21.008452488130185,124036.65151515152,78633.0,8186419.0,0.16203030303030305,0.1305,128462.41974732622,0.14230973475507783,164818.75,0.19425,15,32,19,0.22727272727272727,0.48484848484848486,0.2878787878787879,88,3.1123633315748425,133794.11363636365,73838.0,11773882.0,0.1482727272727273,0.096,161418.14795993207,0.14285671040388342,139157.25,0.1815,18,42,28,0.20454545454545456,0.4772727272727273,0.3181818181818182,128,1.6297466172610082,239508.6328125,78633.0,30657105.0,0.1730703125,0.118,565512.916733382,0.17742933310355102,188862.75,0.1895,31,58,39,0.2421875,0.453125,0.3046875,314,0.9994930426171027,210376.02229299364,102944.0,66058071.0,0.167796178343949,0.121,427007.7726425813,0.16032796813263736,187944.5,0.18475,77,147,90,0.24522292993630573,0.4681528662420382,0.28662420382165604,3.3458932721339174,5.049803282928898,5.3905852850878935,0,0.0,0,0.0,0,0.0,1,0.012732395447351627,11,0.03501408748021698,1,0,0,0,0.003141334109779903,0.1694863661778935,0.003141334109779903,0.003881436824841008,465,148.01409707546267,2662,94.14899078013897,6172,78.58434470105423,0.003141334109779903,11.747794502274873,1.309729927783558,5.435534897675337,2.16355695800421,1.8450289095685977,0,0,0,2,0,0,2,0.0,0.0,0.0,2.0,0.0,0.0,2.0,365202,4604.861709428774,0.8888065031935383,1.0,2,3,3,8,5,8,7,20
r0028c0007,Calamba,0,0.027643802470798708,218538.71875,0.17360937499999998,128,1,4.031029077890654,0,0.0,,,,,,,,,,0,0,0,,,,5,1.5915494309189535,106038.2,43446.0,530191.0,0.172,0.071,100020.13691602305,0.1550902962792966,179579.0,0.249,2,3,0,0.4,0.6,0.0,89,3.1477310967063747,129721.52808988764,79139.0,11545216.0,0.1518988764044944,0.115,144004.74059266635,0.14367221570959712,153420.0,0.183,19,43,27,0.21348314606741572,0.48314606741573035,0.30337078651685395,128,1.6297466172610082,218538.71875,84684.5,27972956.0,0.17360937499999998,0.1235,500193.2898064512,0.1702350498425101,188556.5,0.18725,31,61,36,0.2421875,0.4765625,0.28125,339,1.0790705141630503,210964.14159292035,103731.0,71516844.0,0.17165486725663714,0.126,417269.6511168895,0.16110732410441767,188785.5,0.189,87,160,92,0.25663716814159293,0.471976401179941,0.2713864306784661,4.031029077890654,4.68204291994993,4.812245688361785,0,0.0,0,0.0,0,0.0,1,0.012732395447351627,11,0.03501408748021698,1,0,0,0,0.00299934586973922,0.04540942169009306,0.00299934586973922,0.1792297670529258,448,142.60282901033824,3115,110.1705883847231,6850,87.21690881435865,0.00299934586973922,11.086038041371912,1.5232239861042007,5.683288264881463,1.6993052768091552,2.497798854467125,2,0,1,20,0,2,25,2.0,0.0,1.0,20.0,0.0,2.0,25.0,575046,3430.416605553926,0.9979865420656174,1.0,2,4,4,10,4,8,8,20
r0028c0014,Calamba,1,0.11268294305757079,160436.24615384615,0.14661538461538462,65,9,1.8699717054031304,0,0.0,,,,,,,,,,0,0,0,,,,2,0.6366197723675814,52620.0,52620.0,105240.0,0.0315,0.0315,28352.15349845581,0.024748737341529166,20048.0,0.0175,0,0,2,0.0,0.0,1.0,23,0.8134585980252429,174819.78260869565,113103.0,4020855.0,0.15378260869565216,0.14,183671.36031236892,0.13504711518636042,142495.5,0.16149999999999998,5,11,7,0.21739130434782608,0.4782608695652174,0.30434782608695654,65,0.8276057040778557,160436.24615384615,104121.0,10428356.0,0.14661538461538462,0.096,171822.98840895013,0.1326104129946641,171094.0,0.191,16,29,20,0.24615384615384617,0.4461538461538462,0.3076923076923077,614,1.9544227011684747,542357.5765472313,194739.0,333007552.0,0.156700325732899,0.11649999999999999,888266.0589281634,0.1445082275520543,574483.5,0.178,186,283,145,0.30293159609120524,0.4609120521172638,0.23615635179153094,1.8699717054031304,3.0189473905423143,3.248742527570151,0,0.0,0,0.0,1,0.0353677651315323,9,0.11459155902616464,13,0.04138028520389279,0,0,0,9,0.006887408961579944,0.43977781424949636,0.006887408961579944,0.25832576441810123,424,134.96339174192724,3419,120.92238898470893,9070,115.48282670747925,0.020448768736005325,5.182198351642767,0.6650990083856752,2.8773445029154616,0.46520312493880855,1.8050528920722873,1,19,8,3,0,8,39,1.0,19.0,8.0,3.0,0.0,8.0,39.0,575046,3430.416605553926,0.9463935772634042,1.0,3,5,3,11,6,14,4,24
r0028c0015,Calamba,0,0.021178964717753757,195800.47887323942,0.15516901408450703,71,9,1.5262050319418525,0,0.0,,,,,,,,,,0,0,0,,,,4,1.2732395447351628,78577.0,66415.5,314308.0,0.08424999999999999,0.078,51612.1364474158,0.06341069836129126,55772.0,0.07924999999999999,0,2,2,0.0,0.5,0.5,21,0.7427230677621782,150129.80952380953,103785.0,3152726.0,0.15976190476190477,0.082,139949.75989676404,0.15712889764836535,116795.0,0.186,5,8,8,0.23809523809523808,0.38095238095238093,0.38095238095238093,71,0.9040000767619655,195800.47887323942,122412.0,13901834.0,0.15516901408450703,0.118,260902.27163517757,0.1289592389550715,173395.0,0.21300000000000002,19,35,17,0.2676056338028169,0.49295774647887325,0.23943661971830985,614,1.9544227011684747,547690.157980456,197549.0,336281757.0,0.15685667752442992,0.115,889840.4637589812,0.14440356823203435,587397.5,0.178,186,284,144,0.30293159609120524,0.46254071661237783,0.23452768729641693,1.5262050319418525,3.2299961783591953,3.715502297423401,0,0.0,0,0.0,1,0.0353677651315323,9,0.11459155902616464,13,0.04138028520389279,0,0,0,9,0.025607505545489618,0.2832965821337277,0.025607505545489618,0.17073661560366668,472,150.2422662787492,3689,130.47168557022266,8627,109.84237552430248,0.007370783641712709,4.405083491832555,0.5124374896314363,1.9479575781139267,0.8920722558417413,1.7784721188300823,17,43,11,3,0,15,89,17.0,43.0,11.0,3.0,0.0,15.0,89.0,575046,3430.416605553926,0.8211920743126991,0.9868421052631579,2,7,3,12,4,15,5,24
r0028c0035,Victoria,1,0.15321972946586956,594407.1666666666,0.09350000000000001,6,1,4.056747965717875,0,0.0,,,,,,,,,,0,0,0,,,,0,0.0,,,,,,,,,,0,0,0,,,,1,0.0353677651315323,141100.0,141100.0,141100.0,0.047,0.047,,,0.0,0.0,0,1,0,0.0,1.0,0.0,6,0.07639437268410976,594407.1666666666,185574.5,3566443.0,0.09350000000000001,0.0695,1051160.5117924507,0.06695296856749519,109128.5,0.024749999999999987,1,5,0,0.16666666666666666,0.8333333333333334,0.0,55,0.17507043740108486,345085.0181818182,140605.0,18979676.0,0.14465454545454545,0.099,587579.9604546346,0.1198236695503513,286456.5,0.16,11,35,9,0.2,0.6363636363636364,0.16363636363636364,4.056747965717875,5.1794399961613,5.986825935255865,0,0.0,0,0.0,0,0.0,1,0.012732395447351627,7,0.022281692032865348,0,0,0,1,0.195062479711411,0.8913441265121186,0.195062479711411,0.8349626625778136,75,23.8732414637843,596,21.07918801839325,1304,16.603043663346522,0.195062479711411,1.1816233920306138,4.482945130388478,0.41755653876591065,5.169935810492079,1.103341605337841,0,0,0,0,0,0,0,0.0,0.0,0.0,0.0,0.0,0.0,0.0,45230,1097.4057289832929,0.998678854920049,0.26666666666666666,2,0,0,2,2,5,1,8
r0028c0038,Pila,0,0.04933981453955284,564342.4285714285,0.18407142857142852,14,1,3.0416171364404168,0,0.0,,,,,,,,,,0,0,0,,,,0,0.0,,,,,,,,,,0,0,0,,,,6,0.2122065907891938,584591.3333333334,187474.0,3507548.0,0.17833333333333334,0.1585,1055059.776557834,0.11558488943917655,17790.75,0.16399999999999998,3,3,0,0.5,0.5,0.0,14,0.17825353626292278,564342.4285714285,180196.0,7900794.0,0.18407142857142852,0.182,949894.4126226883,0.12429398418867464,223165.25,0.16949999999999998,5,8,1,0.35714285714285715,0.5714285714285714,0.07142857142857142,53,0.16870423967740905,372218.56603773584,153747.0,19727584.0,0.1639622641509434,0.129,732675.5107623205,0.15266503834616676,215441.0,0.159,11,35,7,0.20754716981132076,0.660377358490566,0.1320754716981132,3.0416171364404168,5.226025146735708,6.417394859726758,0,0.0,0,0.0,0,0.0,1,0.012732395447351627,11,0.03501408748021698,0,0,0,1,0.29861552662802443,0.44439376355203775,0.29861552662802443,0.4534033335964489,92,29.284509528908742,873,30.876058959827695,1981,25.222875381203572,0.29861552662802443,2.9401175258695975,3.4146331532380674,1.2252138025545791,5.207662406277591,2.0370997184654507,1,3,2,1,0,3,10,1.0,3.0,2.0,1.0,0.0,3.0,10.0,57776,1527.9354664794291,0.9986876896923723,0.28125,0,5,1,6,1,7,3,11
r0028c0040,Pila,1,0.22483992675792458,376163.95454545453,0.13795454545454544,22,2,3.7093264161880524,0,0.0,,,,,,,,,,0,0,0,,,,1,0.3183098861837907,186280.0,186280.0,186280.0,0.351,0.351,,,0.0,0.0,1,0,0,1.0,0.0,0.0,7,0.24757435592072607,560440.4285714285,186280.0,3923083.0,0.17300000000000001,0.09,989869.1844095455,0.14768886213929605,426887.0,0.22049999999999997,3,3,1,0.42857142857142855,0.42857142857142855,0.14285714285714285,22,0.2801126998417358,376163.95454545453,104405.0,8275607.0,0.13795454545454544,0.0835,789356.3196102359,0.1180828914960557,128242.25,0.17149999999999999,4,14,4,0.18181818181818182,0.6363636363636364,0.18181818181818182,53,0.16870423967740905,383797.9433962264,140605.0,20341291.0,0.15222641509433962,0.108,753516.7183987873,0.14558484725534743,212030.0,0.151,9,36,8,0.16981132075471697,0.6792452830188679,0.1509433962264151,3.7093264161880524,4.819554426289382,5.683148384664316,0,0.0,0,0.0,0,0.0,2,0.025464790894703253,15,0.0477464829275686,1,0,0,1,0.048327302923518306,0.11153593984732146,0.048327302923518306,1.5201392000395986,87,27.69296009798979,768,27.162443621016806,2182,27.78208686612125,0.048327302923518306,4.267277129210992,2.8638348538550638,1.3602370271248123,4.505464032847594,1.9961531428390382,0,0,0,0,0,1,1,0.0,0.0,0.0,0.0,0.0,1.0,1.0,57776,1527.9354664794291,1.4167859207886915,0.23943661971830985,1,3,2,6,3,7,3,13
r0029c0014,Calamba,0,0.03774515760591141,234101.09433962265,0.16045283018867926,53,8,2.8001530936157817,0,0.0,,,,,,,,,,0,0,0,,,,0,0.0,,,,,,,,,,0,0,0,,,,30,1.0610329539459689,167712.23333333334,133179.0,5031367.0,0.18943333333333331,0.1935,128396.6042516603,0.13460022117452067,135410.0,0.22874999999999998,9,15,6,0.3,0.5,0.2,53,0.6748169587096362,234101.09433962265,110708.0,12407358.0,0.16045283018867926,0.14,424094.58255600993,0.13404312825438167,177858.0,0.178,15,24,14,0.2830188679245283,0.4528301886792453,0.2641509433962264,589,1.874845229622527,496449.2699490662,166696.0,292408620.0,0.15848556876061112,0.118,834878.9032524051,0.1434769715773852,489997.0,0.181,176,271,142,0.298811544991511,0.4601018675721562,0.24108658743633277,2.8001530936157817,2.8001530936157817,2.8001530936157817,0,0.0,0,0.0,8,0.2829421210522584,8,0.10185916357881301,13,0.04138028520389279,0,0,0,8,0.32120608110277665,0.8753900198642074,0.32120608110277665,0.7807312903143497,197,62.70704757820676,3487,123.32739701365313,8965,114.14592518550734,0.30243797021129004,4.9017539796906355,0.3108145528681149,3.498387822548031,1.5377267907537864,1.4280742276385576,0,0,0,0,0,1,1,0.0,0.0,0.0,0.0,0.0,1.0,1.0,575046,3430.416605553926,0.8106818253372864,1.0,2,7,2,11,5,12,5,22
r0029c0015,Calamba,1,0.12547556360414308,238456.88135593222,0.16227118644067795,59,9,2.7620983288223395,0,0.0,,,,,,,,,,0,0,0,,,,3,0.954929658551372,154724.0,72668.0,464172.0,0.08433333333333333,0.047,186409.63827281035,0.09469072464256113,172333.0,0.089,0,1,2,0.0,0.3333333333333333,0.6666666666666666,22,0.7780908328937106,171670.4090909091,131220.0,3776749.0,0.18549999999999997,0.177,143471.4704006337,0.14563743304783253,157483.0,0.25825,7,9,6,0.3181818181818182,0.4090909090909091,0.2727272727272727,59,0.751211331393746,238456.88135593222,122412.0,14068956.0,0.16227118644067795,0.123,404615.04889935884,0.1313350322921831,167839.0,0.2025,17,27,15,0.288135593220339,0.4576271186440678,0.2542372881355932,617,1.9639719977539885,540809.5542949757,194059.0,333679495.0,0.1572285251215559,0.115,886671.0537404475,0.14507085582904153,566231.0,0.178,186,287,144,0.3014586709886548,0.4651539708265802,0.233387358184765,2.7620983288223395,3.4889723272939093,3.634347126988223,0,0.0,0,0.0,1,0.0353677651315323,9,0.11459155902616464,13,0.04138028520389279,0,0,0,9,0.002963773718570511,0.12109643600123811,0.002963773718570511,0.4011365828657897,311,98.9943746031589,3611,127.71299988996313,8259,105.15685399967708,0.0020128038817633885,3.783103998277282,0.6194717961987064,2.5059557991899806,0.7883682606519272,1.6664587179269972,5,16,2,2,0,10,35,5.0,16.0,2.0,2.0,0.0,10.0,35.0,575046,3430.416605553926,0.9557465829733462,1.0,3,5,2,10,3,12,4,19
r0029c0018,Calamba,1,0.08232884468131835,484554.2911392405,0.14159493670886075,79,3,3.4602475770929875,0,0.0,,,,,,,,,,0,0,0,,,,0,0.0,,,,,,,,,,0,0,0,,,,8,0.2829421210522584,235196.75,136830.5,1881574.0,0.135875,0.06,283336.2531570421,0.16374321141871587,104540.5,0.14925000000000002,2,2,4,0.25,0.25,0.5,79,1.0058592403407784,484554.2911392405,175957.0,38279789.0,0.14159493670886075,0.096,788649.2910012818,0.12790887371106982,419478.0,0.1805,24,34,21,0.3037974683544304,0.43037974683544306,0.26582278481012656,472,1.502422662787492,696569.5063559322,281727.5,328780807.0,0.14452754237288135,0.104,1020719.5944310995,0.1327344749995088,805015.0,0.16699999999999998,148,215,109,0.3135593220338983,0.4555084745762712,0.2309322033898305,3.4602475770929875,4.016054806415833,4.972122001708965,0,0.0,0,0.0,0,0.0,3,0.03819718634205488,12,0.03819718634205488,0,0,0,3,0.0004735474871232472,0.6763826182961389,0.0004735474871232472,0.46554781131419126,527,167.7493100188577,2777,98.21628377026519,5742,73.10941465869304,0.022477687083900244,1.6884261413994213,0.3918962151375818,0.9767380601607543,2.1741766806855787,0.9695754754317673,0,32,0,2,0,2,36,0.0,32.0,0.0,2.0,0.0,2.0,36.0,575046,3430.416605553926,0.9895622976720447,1.0,0,2,1,3,4,10,3,17
r0029c0039,Pila,1,0.10181554635624257,351880.9166666667,0.148375,24,1,2.400927814209066,0,0.0,,,,,,,,,,0,0,0,,,,1,0.3183098861837907,40992.0,40992.0,40992.0,0.058,0.058,,,0.0,0.0,0,1,0,0.0,1.0,0.0,9,0.3183098861837907,471421.44444444444,174112.0,4242793.0,0.18722222222222226,0.227,875239.2235306458,0.1338990083773754,147676.0,0.181,4,4,1,0.4444444444444444,0.4444444444444444,0.1111111111111111,24,0.30557749073643903,351880.9166666667,101054.0,8445142.0,0.148375,0.119,758691.7375520963,0.11543445815888244,117254.75,0.168,5,15,4,0.20833333333333334,0.625,0.16666666666666666,52,0.16552114081557115,364977.1346153846,127777.5,18978811.0,0.1458846153846154,0.11,748439.1099220713,0.13017991379145682,168697.75,0.1535,9,35,8,0.17307692307692307,0.6730769230769231,0.15384615384615385,2.400927814209066,4.79481396752416,6.0730259731275655,0,0.0,0,0.0,1,0.0353677651315323,1,0.012732395447351627,16,0.05092958178940651,0,0,0,1,0.0027573013840773296,0.1076390959628371,0.0027573013840773296,1.2452484071643717,208,66.20845632622846,945,33.42253804929802,2198,27.985805193278875,0.0027573013840773296,2.862595600477029,2.0524934870240004,0.5458234987275273,4.256902462979518,0.763759784588283,1,14,10,3,0,11,39,1.0,14.0,10.0,3.0,0.0,11.0,39.0,57776,1527.9354664794291,2.010033506675742,0.3064516129032258,1,4,1,6,3,7,3,13
r0029c0046,Magdalena,1,0.08692511206837689,408711.9,0.16704999999999998,20,9,1.1547504862978015,0,0.0,,,,,,,,,,0,0,0,,,,0,0.0,,,,,,,,,,0,0,0,,,,7,0.24757435592072607,742409.5714285715,202947.0,5196867.0,0.21642857142857141,0.132,1384118.571597566,0.23314648981763741,338640.0,0.12949999999999998,1,5,1,0.14285714285714285,0.7142857142857143,0.14285714285714285,20,0.25464790894703254,408711.9,127777.5,8174238.0,0.16704999999999998,0.1525,881731.7046983767,0.15216039840282117,192678.5,0.1395,3,14,3,0.15,0.7,0.15,78,0.2482817112233567,329620.3846153846,96762.0,25710390.0,0.13302564102564104,0.0835,678004.333377797,0.13379747967643324,145308.25,0.14999999999999997,13,44,21,0.16666666666666666,0.5641025641025641,0.2692307692307692,1.1547504862978015,1.585376126503321,1.929876638667737,0,0.0,0,0.0,7,0.24757435592072607,9,0.11459155902616464,28,0.08912676813146139,2,0,0,7,0.03336743356709123,0.19263420999725142,0.03336743356709123,0.24303527831799515,114,36.28732702495214,607,21.468233434840105,1797,22.88011461889087,0.03336743356709123,7.0247577576869284,2.2649178922421536,3.0646186137811036,2.889505813997593,3.109632912027288,0,5,0,1,0,6,12,0.0,5.0,0.0,1.0,0.0,6.0,12.0,28131,843.3005395166293,1.9727675935718472,0.15492957746478872,1,3,1,5,4,7,2,13
r0029c0047,Magdalena,1,0.16321311902355531,382431.9583333333,0.16758333333333333,24,11,0.6184653345981157,0,0.0,,,,,,,,,,0,0,0,,,,1,0.3183098861837907,36253.0,36253.0,36253.0,0.108,0.108,,,0.0,0.0,0,1,0,0.0,1.0,0.0,5,0.17683882565766149,897218.0,40492.0,4486090.0,0.2226,0.108,1667674.2582009234,0.2836711123819272,505608.0,0.13899999999999998,1,3,1,0.2,0.6,0.2,24,0.30557749073643903,382431.9583333333,119325.0,9178367.0,0.16758333333333333,0.1525,819239.4924409004,0.1472569232643252,148352.75,0.14375,4,16,4,0.16666666666666666,0.6666666666666666,0.16666666666666666,84,0.26738030439438415,311456.0119047619,94642.0,26162305.0,0.12701190476190477,0.082,656530.1251242034,0.13117490338573107,146428.5,0.12225,13,46,25,0.15476190476190477,0.5476190476190477,0.2976190476190476,0.6184653345981157,0.997934177841676,1.3015092524365242,0,0.0,2,0.6366197723675814,7,0.24757435592072607,11,0.1400563499208679,31,0.09867606471697511,5,0,0,6,0.18256902969048686,0.5312966748323061,0.18256902969048686,0.5158323189005806,77,24.50986123615188,506,17.896089156555345,1636,20.83019895186726,0.18256902969048686,6.944242496741282,1.7135866206463204,3.237319952870804,3.268912317473434,3.253780686515104,0,0,0,0,0,0,0,0.0,0.0,0.0,0.0,0.0,0.0,0.0,28131,843.3005395166293,0.9987301341030689,0.14084507042253522,1,2,1,4,3,8,2,13
r0029c0059,Cavinti,1,0.11645149343939963,278662.1304347826,0.09445652173913045,46,4,3.287961464096866,0,0.0,,,,,,,,,,0,0,0,,,,1,0.3183098861837907,1054790.0,1054790.0,1054790.0,0.195,0.195,,,0.0,0.0,1,0,0,1.0,0.0,0.0,23,0.8134585980252429,383201.4347826087,174284.0,8813633.0,0.0947391304347826,0.06,619263.2222347212,0.1213481907537541,383808.5,0.114,2,13,8,0.08695652173913043,0.5652173913043478,0.34782608695652173,46,0.5856901905781748,278662.1304347826,159586.0,12818458.0,0.09445652173913045,0.058,456791.58389087924,0.10641276166612079,289531.25,0.09775,5,26,15,0.10869565217391304,0.5652173913043478,0.32608695652173914,89,0.2832957987035737,294344.8314606742,143162.0,26196690.0,0.092123595505618,0.06,430798.0987601868,0.09100372372809795,301717.0,0.10700000000000001,10,48,31,0.11235955056179775,0.5393258426966292,0.34831460674157305,3.287961464096866,4.0019637822180885,4.437521434423362,0,0.0,0,0.0,0,0.0,4,0.05092958178940651,24,0.07639437268410976,2,1,0,1,0.43659758474449867,0.43659758474449867,0.5965933850095665,0.8287247384622684,12,3.819718634205488,69,2.4403757940757287,295,3.7560566569687297,0.43659758474449867,12.733775682432443,0.7996713766304918,4.480218855463637,6.474085316602372,3.475563741016674,0,0,0,0,0,0,0,0.0,0.0,0.0,0.0,0.0,0.0,0.0,24740,192.37021408415063,4.441832264712312,0.015151515151515152,2,1,2,5,5,4,3,12
r0030c0006,Santa Rosa,1,0.09667928677094707,191949.40322580645,0.17958870967741933,124,0,5.03053011091066,0,0.0,,,,,,,,,,0,0,0,,,,4,1.2732395447351628,63928.0,75765.5,255712.0,0.059000000000000004,0.0505,40002.58484148243,0.05045790324617146,32136.0,0.06949999999999999,0,2,2,0.0,0.5,0.5,100,3.53677651315323,124021.07,68846.0,12402107.0,0.15774999999999997,0.121,130852.37146851578,0.1401441087314098,152836.0,0.1745,22,50,28,0.22,0.5,0.28,124,1.5788170354716018,191949.40322580645,92550.0,23801726.0,0.17958870967741933,0.129,377931.7590504161,0.1725369295733937,193609.75,0.20525,33,57,34,0.2661290322580645,0.4596774193548387,0.27419354838709675,372,1.1841127766037014,212468.52150537635,103953.0,79038290.0,0.18152956989247304,0.1385,403511.57327678235,0.16792101752300115,190280.0,0.20925000000000005,104,170,98,0.27956989247311825,0.45698924731182794,0.26344086021505375,5.03053011091066,5.279389412287675,5.391867204999341,0,0.0,0,0.0,0,0.0,0,0.0,11,0.03501408748021698,0,0,0,0,0.035566796438471646,0.08384209020316877,0.035566796438471646,0.06507143258483218,839,267.06199450820037,2754,97.40282517223994,5996,76.34344310232035,0.0014211533887644593,10.506921304075165,0.2734288452573416,3.4283247919051174,0.3098000145350403,0.2694192298658632,36,35,17,4,1,21,114,36.0,35.0,17.0,4.0,1.0,21.0,114.0,430920,4805.966685296433,1.0196574457004586,1.0,1,4,1,6,4,7,8,19
r0030c0009,Santa Rosa,0,0.011346926739771371,151482.29824561405,0.1639941520467836,171,8,2.472036457194433,0,0.0,,,,,,,,,,0,0,0,,,,0,0.0,,,,,,,,,,0,0,0,,,,27,0.954929658551372,107096.07407407407,61678.0,2891594.0,0.13785185185185186,0.107,108957.22041521475,0.1398833865166333,121585.0,0.1125,4,14,9,0.14814814814814814,0.5185185185185185,0.3333333333333333,171,2.177239621497128,151482.29824561405,99215.0,25903473.0,0.1639941520467836,0.121,168078.31862721528,0.15445282916213773,187578.0,0.181,39,84,48,0.22807017543859648,0.49122807017543857,0.2807017543859649,414,1.3178029288008934,209987.79468599035,103170.5,86934947.0,0.17588164251207722,0.126,389694.4644368276,0.16504887529467308,191562.75,0.20725,114,188,112,0.2753623188405797,0.45410628019323673,0.27053140096618356,2.472036457194433,2.472036457194433,2.472036457194433,0,0.0,0,0.0,7,0.24757435592072607,8,0.10185916357881301,12,0.03819718634205488,1,0,0,7,0.010922659520867328,0.12099885139298068,0.010922659520867328,0.2063553079893806,307,97.72113505842374,2525,89.30360695711906,8568,109.09116419290874,0.012481317535679354,8.453141155346595,0.32426466337861354,5.279601560429054,0.6912007359312997,1.5007760274274402,0,0,0,7,0,0,7,0.0,0.0,0.0,7.0,0.0,0.0,7.0,430920,4805.966685296433,0.7740437452820903,1.0,2,2,0,4,6,13,10,29
r0030c0013,Cabuyao,1,0.10739831851200274,226178.9295774648,0.1594507042253521,71,8,1.6569719385315431,0,0.0,,,,,,,,,,0,0,0,,,,0,0.0,,,,,,,,,,0,0,0,,,,23,0.8134585980252429,164350.21739130435,122412.0,3780055.0,0.1956521739130435,0.192,137818.0450554467,0.13170097283262297,129974.0,0.2095,8,11,4,0.34782608695652173,0.4782608695652174,0.17391304347826086,71,0.9040000767619655,226178.9295774648,118007.0,16058704.0,0.1594507042253521,0.14,390164.364327846,0.13023734254181527,180143.0,0.1875,20,30,21,0.28169014084507044,0.4225352112676056,0.29577464788732394,541,1.7220564842543076,352231.95563770796,140028.0,190557488.0,0.16464510166358592,0.126,581719.5634036167,0.14921820872107006,317736.0,0.192,161,242,138,0.2975970425138632,0.44731977818853974,0.25508317929759705,1.6569719385315431,1.6569719385315433,1.6569719385315431,0,0.0,0,0.0,7,0.24757435592072607,8,0.10185916357881301,13,0.04138028520389279,0,0,0,8,0.005775607322552533,0.46935227882595965,0.005775607322552533,0.09090011978688126,335,106.63381187156988,3115,110.1705883847231,8655,110.19888259682833,0.005775607322552533,5.318785070896226,1.3539928483853971,4.557958720037493,1.4770350711305218,1.109263905166492,0,0,1,6,0,4,11,0.0,0.0,1.0,6.0,0.0,4.0,11.0,365202,4604.861709428774,0.998569670190846,1.0,2,6,0,8,6,10,5,21
r0030c0015,Cabuyao,1,0.19331547569422908,286220.70454545453,0.17970454545454545,44,8,3.6262034807775185,0,0.0,,,,,,,,,,0,0,0,,,,3,0.954929658551372,65400.666666666664,23419.0,196202.0,0.11333333333333334,0.047,85676.2748509372,0.13984396066092142,77579.5,0.1275,1,0,2,0.3333333333333333,0.0,0.6666666666666666,23,0.8134585980252429,134876.91304347827,113103.0,3102169.0,0.17834782608695654,0.162,99870.83955558574,0.1379343087044937,140200.0,0.2535,8,9,6,0.34782608695652173,0.391304347826087,0.2608695652173913,44,0.5602253996834716,286220.70454545453,133179.0,12593711.0,0.17970454545454545,0.1535,476115.50060524716,0.13868981276541137,152481.5,0.232,16,17,11,0.36363636363636365,0.38636363636363635,0.25,631,2.008535381819719,502043.35816164815,184655.0,316789359.0,0.1641996830427892,0.123,822832.1318241187,0.14968752023527243,498363.5,0.192,200,284,147,0.31695721077654515,0.4500792393026941,0.2329635499207607,3.6262034807775185,3.626203480777518,3.6262034807775185,0,0.0,0,0.0,0,0.0,8,0.10185916357881301,13,0.04138028520389279,0,0,0,8,0.007373003764227434,0.32163769624486666,0.007373003764227434,0.6834187720014474,539,171.56902865306319,3337,118.02223224392328,8036,102.31752981491768,0.007373003764227434,3.414614663859742,0.9215553503895813,3.181477443603908,0.5019676442537314,1.045071260832254,1,4,1,3,0,6,15,1.0,4.0,1.0,3.0,0.0,6.0,15.0,365202,4604.861709428774,0.9557465829733462,1.0,2,6,0,8,4,11,5,20
r0030c0038,Pila,1,0.08311557585108101,317065.25,0.14325,16,1,1.0592991191737704,0,0.0,,,,,,,,,,0,0,0,,,,0,0.0,,,,,,,,,,0,0,0,,,,7,0.24757435592072607,242986.2857142857,188668.0,1700904.0,0.16128571428571428,0.09,244549.66289196032,0.1326784512593188,192497.5,0.1765,2,4,1,0.2857142857142857,0.5714285714285714,0.14285714285714285,16,0.20371832715762603,317065.25,93024.5,5073044.0,0.14325,0.086,668767.1250786281,0.11964140866216288,133749.0,0.17525000000000002,4,9,3,0.25,0.5625,0.1875,46,0.1464225476445437,352148.6956521739,112830.5,16198840.0,0.15204347826086956,0.1305,770576.9713726885,0.13451327179819494,157589.5,0.15625,8,32,6,0.17391304347826086,0.6956521739130435,0.13043478260869565,1.0592991191737704,4.8872809182090515,6.576667243210134,0,0.0,0,0.0,1,0.0353677651315323,1,0.012732395447351627,11,0.03501408748021698,0,0,0,1,0.21818947029354133,0.5843351245774363,0.21818947029354133,1.1514058506442548,119,37.878876455871094,968,34.23599664732326,1804,22.969241387022336,0.21818947029354133,1.473093114595371,2.0492416925974153,0.5656132176031893,4.467418835208795,1.0228073142299485,0,0,0,0,0,0,0,0.0,0.0,0.0,0.0,0.0,0.0,0.0,57776,1527.9354664794291,1.0050119744476538,0.35294117647058826,1,4,1,6,3,6,2,11
r0030c0041,Santa Cruz,2,0.4221117965405536,213363.73076923078,0.12792307692307692,26,2,3.445315476888322,0,0.0,,,,,,,,,,0,0,0,,,,0,0.0,,,,,,,,,,0,0,0,,,,18,0.6366197723675814,101270.27777777778,80198.5,1822865.0,0.10072222222222223,0.07100000000000001,91138.28657388828,0.08549840422009646,90311.25,0.13375,1,12,5,0.05555555555555555,0.6666666666666666,0.2777777777777778,26,0.3310422816311423,213363.73076923078,104405.0,5547457.0,0.12792307692307692,0.0875,521208.7825658779,0.09678633088486124,138034.0,0.17149999999999999,4,17,5,0.15384615384615385,0.6538461538461539,0.19230769230769232,62,0.19735212943395022,316572.2419354839,112830.5,19627479.0,0.13130645161290325,0.085,694283.7442357336,0.12404290488688302,138750.5,0.14775,9,39,14,0.14516129032258066,0.6290322580645161,0.22580645161290322,3.445315476888322,4.469498743726372,5.15596259417832,0,0.0,0,0.0,0,0.0,2,0.025464790894703253,13,0.04138028520389279,0,0,0,2,0.1443890182673977,1.2968396263601984,0.1443890182673977,0.7917839823291182,11,3.5014087480216975,1271,44.95242948217755,2454,31.245298427800893,0.1443890182673977,3.871121668717083,1.3924008766268634,1.6903577289624567,2.261001724265076,1.3775069987079687,0,0,0,0,0,0,0,0.0,0.0,0.0,0.0,0.0,0.0,0.0,126844,2051.213068708045,1.5783536086790007,0.30303030303030304,3,6,0,9,4,10,0,14
r0030c0043,Santa Cruz,0,0.04878169607335754,262420.9411764706,0.15794117647058825,34,6,3.762881868815748,0,0.0,,,,,,,,,,0,0,0,,,,2,0.6366197723675814,89236.0,89236.0,178472.0,0.1905,0.1905,36365.087542861766,0.040305086527633205,25714.0,0.02849999999999997,0,2,0,0.0,1.0,0.0,16,0.5658842421045168,129780.8125,80198.5,2076493.0,0.13706249999999998,0.1405,169924.56008837913,0.10903667196559758,99815.75,0.17825,2,10,4,0.125,0.625,0.25,34,0.4329014452099553,262420.9411764706,112830.5,8922312.0,0.15794117647058825,0.1305,654958.4072054866,0.14623661631099485,147454.0,0.16275,6,22,6,0.17647058823529413,0.6470588235294118,0.17647058823529413,66,0.21008452488130183,340117.6666666667,118599.0,22447766.0,0.1382121212121212,0.088,707881.161217297,0.1292970955889533,149465.5,0.16049999999999998,11,39,16,0.16666666666666666,0.5909090909090909,0.24242424242424243,3.762881868815748,4.114537778697752,4.456477376244246,0,0.0,0,0.0,0,0.0,6,0.07639437268410976,20,0.06366197723675814,2,0,0,4,0.0044542933725563345,0.20596729530694918,0.0044542933725563345,1.3670618013167375,137,43.60845440717932,935,33.0688603979827,3001,38.209918737502235,0.0044542933725563345,4.810046170554599,2.1768118744649243,3.591123331228252,2.277932837510147,2.1732034570954846,0,15,0,1,0,2,18,0.0,15.0,0.0,1.0,0.0,2.0,18.0,126844,2051.213068708045,1.0050344818280255,0.3287671232876712,2,4,1,7,4,13,3,20
r0030c0047,Pagsanjan,2,0.7436892465107171,162860.52631578947,0.11671052631578946,38,11,1.0624123619826966,0,0.0,,,,,,,,,,0,0,0,,,,1,0.3183098861837907,40492.0,40492.0,40492.0,0.066,0.066,,,0.0,0.0,0,1,0,0.0,1.0,0.0,8,0.2829421210522584,178826.375,178375.5,1430611.0,0.11762500000000001,0.1185,150576.937784488,0.06802927416088712,202777.25,0.05700000000000001,0,7,1,0.0,0.875,0.125,38,0.4838310269993618,162860.52631578947,85859.5,6188700.0,0.11671052631578946,0.085,286263.66267932154,0.098225858844102,112966.5,0.11575,4,23,11,0.10526315789473684,0.6052631578947368,0.2894736842105263,88,0.2801126998417358,278437.7840909091,96762.0,24502525.0,0.11714772727272726,0.0835,530785.8900394111,0.109441480691394,149420.5,0.10575,12,51,25,0.13636363636363635,0.5795454545454546,0.2840909090909091,1.0624123619826966,1.0624123619826966,1.2867460406378908,0,0.0,0,0.0,7,0.24757435592072607,11,0.1400563499208679,30,0.0954929658551372,4,0,0,7,0.24777442174876724,0.5248814654061338,0.24777442174876724,0.8723855894572047,96,30.557749073643905,605,21.39749790457704,1976,25.159213403966813,0.24777442174876724,5.944289600096351,1.9788130244334936,4.201197660552188,2.458958721156236,3.27459261861519,1,11,0,0,0,11,23,1.0,11.0,0.0,0.0,0.0,11.0,23.0,45602,1683.540633719821,1.3906024960069865,0.22535211267605634,2,5,0,7,5,11,1,17
r0030c0052,Cavinti,1,0.08563847401762276,376037.17647058825,0.12417647058823528,17,19,2.6247814819476614,0,0.0,,,,,,,,,,0,0,0,,,,0,0.0,,,,,,,,,,0,0,0,,,,9,0.3183098861837907,151190.55555555556,55155.0,1360715.0,0.07177777777777777,0.047,302651.8695932305,0.10413666234542206,50416.0,0.038,1,3,5,0.1111111111111111,0.3333333333333333,0.5555555555555556,17,0.21645072260497766,376037.17647058825,75122.0,6392632.0,0.12417647058823528,0.06,928105.6933717353,0.17731759476082656,150023.0,0.07600000000000001,2,8,7,0.11764705882352941,0.47058823529411764,0.4117647058823529,130,0.41380285203892786,289833.72307692305,118599.0,37678384.0,0.10520769230769231,0.082,523480.83828821324,0.10821402108310345,260920.25,0.10700000000000001,14,73,43,0.1076923076923077,0.5615384615384615,0.33076923076923076,2.6247814819476614,2.866617765385206,2.940752617374234,0,0.0,0,0.0,2,0.0707355302630646,19,0.2419155134996809,38,0.12095775674984045,11,0,0,8,0.44214994604543423,0.7542500559203767,0.44214994604543423,1.2307493087655004,4,1.2732395447351628,177,6.260094428281217,555,7.066479473280153,0.44214994604543423,7.718982049785138,2.3901187731006086,3.0801425813509935,6.0962969011172055,1.9061075898823792,0,0,0,0,0,0,0,0.0,0.0,0.0,0.0,0.0,0.0,0.0,24740,192.37021408415063,3.0763577282185124,0.08333333333333333,4,1,0,5,4,4,1,9
r0030c0054,Cavinti,0,0.05024093672285801,180976.04545454544,0.06813636363636365,22,14,1.1938922580600402,0,0.0,,,,,,,,,,0,0,0,,,,0,0.0,,,,,,,,,,0,0,0,,,,11,0.3890454164468553,63842.27272727273,48075.0,702265.0,0.05081818181818181,0.049,51659.563534917535,0.030756521850879633,46093.5,0.034,0,5,6,0.0,0.45454545454545453,0.5454545454545454,22,0.2801126998417358,180976.04545454544,51615.0,3981473.0,0.06813636363636365,0.045,300827.0552635212,0.07883756383768761,149397.5,0.06349999999999999,2,9,11,0.09090909090909091,0.4090909090909091,0.5,119,0.3787887645587109,312962.80672268907,141992.0,37242574.0,0.10027731092436974,0.066,542575.3344417226,0.10690348287279844,298620.0,0.10250000000000001,13,65,41,0.1092436974789916,0.5462184873949579,0.3445378151260504,1.1938922580600402,1.4764432051213727,2.0237448496228256,0,0.0,0,0.0,5,0.17683882565766149,14,0.17825353626292278,37,0.11777465788800255,10,0,0,4,0.5371046331747428,0.5371046331747428,0.7180714685150821,0.9651157013128798,33,10.504226244065093,186,6.578404314465008,320,4.074366543152521,0.5371046331747428,9.078334569101441,1.3011131504697906,1.3130260507920248,5.717315968060057,0.9839463524992598,0,0,0,0,0,0,0,0.0,0.0,0.0,0.0,0.0,0.0,0.0,24740,192.37021408415063,1.3693186600340477,0.02857142857142857,3,2,0,5,6,3,1,10
r0030c0055,Cavinti,0,0.045831090134318284,187348.63636363635,0.08381818181818182,33,14,0.20823466431264667,0,0.0,,,,,,,,,,0,0,0,,,,1,0.3183098861837907,184213.0,184213.0,184213.0,0.112,0.112,,,0.0,0.0,0,1,0,0.0,1.0,0.0,7,0.24757435592072607,73903.85714285714,75122.0,517327.0,0.048857142857142856,0.047,58569.70192123959,0.03427549450860664,50669.0,0.031,0,4,3,0.0,0.5714285714285714,0.42857142857142855,33,0.42016904976260366,187348.63636363635,83823.0,6182505.0,0.08381818181818182,0.055,257854.86945722226,0.09144856974874407,150806.0,0.08199999999999999,4,18,11,0.12121212121212122,0.5454545454545454,0.3333333333333333,117,0.3724225668350351,317235.9145299145,141992.0,37116602.0,0.09957264957264957,0.063,546232.2849953118,0.1069437748054714,302162.0,0.10400000000000001,13,64,40,0.1111111111111111,0.5470085470085471,0.3418803418803419,0.20823466431264667,1.1101364394733702,1.9277070438646782,1,1.2732395447351628,1,0.3183098861837907,3,0.1061032953945969,14,0.17825353626292278,37,0.11777465788800255,10,1,0,3,0.09753371118509685,0.6050161021216116,0.09753371118509685,0.29736651650838863,65,20.690142601946395,164,5.800313481571297,305,3.883380611442246,0.09753371118509685,9.721177048473066,1.4385105732548646,0.9137487694285477,5.7347145541958975,1.023217138166333,0,4,0,0,0,0,4,0.0,4.0,0.0,0.0,0.0,0.0,4.0,24740,192.37021408415063,0.9366791358827454,0.014084507042253521,3,2,1,6,6,6,2,14
r0030c0058,Cavinti,2,0.3357703180561833,247617.42,0.08439999999999999,50,6,2.368908910035374,0,0.0,,,,,,,,,,0,0,0,,,,9,2.864788975654116,141109.88888888888,19353.0,1269989.0,0.044444444444444446,0.016,208188.77666942356,0.049955257759096566,203446.0,0.047,0,4,5,0.0,0.4444444444444444,0.5555555555555556,25,0.8841941282883075,273815.36,101113.0,6845384.0,0.0796,0.049,569895.147474507,0.11412931262388291,185375.0,0.088,1,14,10,0.04,0.56,0.4,50,0.6366197723675814,247617.42,101447.0,12380871.0,0.08439999999999999,0.0565,443119.42656607664,0.10074599298255398,246242.75,0.08374999999999999,3,29,18,0.06,0.58,0.36,98,0.31194368846011483,290505.52040816325,142604.0,28469541.0,0.09220408163265306,0.06,442515.1476317751,0.09322856948776773,292821.25,0.10575000000000001,10,54,34,0.10204081632653061,0.5510204081632653,0.3469387755102041,2.368908910035374,2.86819669804809,3.301200091301209,0,0.0,0,0.0,2,0.0707355302630646,6,0.07639437268410976,24,0.07639437268410976,3,1,0,2,0.2683824521993271,0.4878693520100487,0.2683824521993271,0.610391823069192,21,6.684507609859605,103,3.6428798085478267,359,4.570929965599234,0.2683824521993271,11.32640791517914,0.6622511770033669,3.1840225944656066,5.657804487037838,2.8044076306799917,0,2,0,1,0,3,6,0.0,2.0,0.0,1.0,0.0,3.0,6.0,24740,192.37021408415063,3.1392248710170407,0.014925373134328358,3,2,0,5,10,5,2,17
r0030c0059,Cavinti,0,0.028401869146519123,280206.38,0.09374000000000002,50,6,2.267610133705932,1,1.2732395447351628,1054790.0,1054790.0,1054790.0,0.195,0.195,,,0.0,0.0,1,0,0,1.0,0.0,0.0,9,2.864788975654116,244372.44444444444,82036.0,2199352.0,0.06977777777777779,0.058,364294.70373281266,0.06844300142778986,204170.0,0.093,1,4,4,0.1111111111111111,0.4444444444444444,0.4444444444444444,26,0.9195618934198397,372008.1923076923,167814.0,9672213.0,0.09796153846153845,0.07250000000000001,582620.8936423765,0.11260851860111856,353582.0,0.092,2,17,7,0.07692307692307693,0.6538461538461539,0.2692307692307692,50,0.6366197723675814,280206.38,154592.0,14010319.0,0.09374000000000002,0.06,453461.7648205851,0.10231001507024358,285725.0,0.08074999999999999,5,30,15,0.1,0.6,0.3,90,0.2864788975654116,316545.2111111111,154008.5,28489069.0,0.09798888888888888,0.0615,464198.291764075,0.09612684672698313,315520.0,0.10550000000000001,11,49,30,0.12222222222222222,0.5444444444444444,0.3333333333333333,2.267610133705932,3.269472478389153,3.7295102508144646,0,0.0,0,0.0,1,0.0353677651315323,6,0.07639437268410976,23,0.07321127382227186,3,1,0,2,0.008297021281004211,0.008297021281004211,0.018960579313685107,0.021073898730867402,18,5.729577951308232,93,3.289202157232504,351,4.469070802020421,0.11510609621883527,11.771626858834189,0.03990143606756434,3.847497212143598,5.796645889737139,2.5423829353403886,0,1,4,1,0,5,11,0.0,1.0,4.0,1.0,0.0,5.0,11.0,24740,192.37021408415063,3.8006905254880343,0.014084507042253521,2,2,2,6,8,5,3,16
r0030c0061,Cavinti,1,0.13399813219425788,277473.0789473684,0.09781578947368422,38,3,3.238377927283157,0,0.0,,,,,,,,,,0,0,0,,,,2,0.6366197723675814,1443720.0,1443720.0,2887440.0,0.2975,0.2975,1990304.7707142744,0.40092954493277244,1407358.0,0.2835,1,0,1,0.5,0.0,0.5,25,0.8841941282883075,323040.68,111651.0,8076017.0,0.086,0.058,585608.2777763875,0.12050380353609864,246445.0,0.09,3,12,10,0.12,0.48,0.4,38,0.4838310269993618,277473.0789473684,150495.0,10543977.0,0.09781578947368422,0.058,484386.37136408355,0.11558122340334498,248501.25,0.11450000000000002,5,20,13,0.13157894736842105,0.5263157894736842,0.34210526315789475,82,0.26101410667070835,280296.243902439,117089.0,22984292.0,0.08890243902439024,0.058,434752.6137313166,0.08954116368451841,289013.25,0.11125000000000002,9,43,30,0.10975609756097561,0.524390243902439,0.36585365853658536,3.238377927283157,4.196529407024255,4.924574301276901,0,0.0,0,0.0,0,0.0,3,0.03819718634205488,22,0.07002817496043395,2,1,0,0,0.006388461464853801,0.05358148284281766,0.006388461464853801,0.04616639934598381,15,4.7746482927568605,59,2.0866981427604054,242,3.0812396982590937,0.006388461464853801,13.419112629547682,0.5480880732388681,6.115316869893624,6.772989532872509,2.9462198599260496,0,0,0,0,0,2,2,0.0,0.0,0.0,0.0,0.0,2.0,2.0,24740,192.37021408415063,6.065322048193264,0.0,2,2,2,6,5,4,3,12
r0030c0063,Cavinti,1,0.11107078548782977,324200.9032258064,0.08774193548387096,31,4,2.9413799054065857,0,0.0,,,,,,,,,,0,0,0,,,,0,0.0,,,,,,,,,,0,0,0,,,,11,0.3890454164468553,569778.0909090909,249127.0,6267559.0,0.14163636363636364,0.096,804750.5473929738,0.15462423660427413,335510.5,0.07650000000000001,1,8,2,0.09090909090909091,0.7272727272727273,0.18181818181818182,31,0.39470425886790045,324200.9032258064,157828.0,10050228.0,0.08774193548387096,0.058,545362.0007088475,0.10793824399224325,333925.5,0.109,2,17,12,0.06451612903225806,0.5483870967741935,0.3870967741935484,72,0.22918311805232927,300148.2361111111,157244.5,21610673.0,0.09369444444444446,0.0615,443098.88921490056,0.09169248036025957,306136.25,0.10250000000000001,7,42,23,0.09722222222222222,0.5833333333333334,0.3194444444444444,2.9413799054065857,3.8209096928923962,4.826091870002856,0,0.0,0,0.0,1,0.0353677651315323,4,0.05092958178940651,16,0.05092958178940651,3,1,0,0,0.03565979782188756,0.03565979782188756,1.365054098060616,1.8601386376731466,1,0.3183098861837907,62,2.1928014381550023,139,1.769802967181876,0.03565979782188756,14.985479762899049,2.0265849721330547,8.096030867110926,8.067896246348262,2.92598147330977,0,0,0,0,0,0,0,0.0,0.0,0.0,0.0,0.0,0.0,0.0,24740,192.37021408415063,7.986587155442789,0.0,0,2,1,3,3,3,2,8
r0031c0006,Santa Rosa,1,0.12062512115540569,146757.8524590164,0.16950819672131148,122,1,4.349543016734492,1,1.2732395447351628,153928.0,153928.0,153928.0,0.167,0.167,,,0.0,0.0,0,1,0,0.0,1.0,0.0,24,7.639437268410976,118698.41666666667,67758.0,2848762.0,0.143875,0.11249999999999999,110980.06405653563,0.1379150061198689,128912.75,0.12674999999999997,4,13,7,0.16666666666666666,0.5416666666666666,0.2916666666666667,33,1.167136249340566,127265.48484848485,69489.0,4199761.0,0.1508787878787879,0.118,117826.66988210935,0.13687922540869688,161677.0,0.16499999999999998,8,15,10,0.24242424242424243,0.45454545454545453,0.30303030303030304,122,1.5533522445768986,146757.8524590164,83263.0,17904458.0,0.16950819672131148,0.129,167183.2910475766,0.16259757380305118,191110.25,0.19724999999999998,31,55,36,0.2540983606557377,0.45081967213114754,0.29508196721311475,464,1.4769578718927887,200919.79094827586,104678.5,93226783.0,0.18003232758620683,0.14,369576.23072810535,0.16296905399363845,186898.5,0.20725,129,216,119,0.27801724137931033,0.46551724137931033,0.25646551724137934,4.349543016734492,4.93653766695081,5.110853844272313,0,0.0,0,0.0,0,0.0,1,0.012732395447351627,11,0.03501408748021698,1,0,0,0,0.011110485407021623,0.02169830740949852,0.011110485407021623,0.056915579601903334,936,297.9380534680281,3129,110.66573709656456,6364,81.02896462694575,0.0035925505827952074,9.723774204169477,0.2827237127390225,2.519289682071939,0.5666754034869749,0.32756640696238365,37,30,26,10,1,15,119,37.0,30.0,26.0,10.0,1.0,15.0,119.0,430920,4805.966685296433,0.9531749832477309,1.0,0,4,2,6,4,7,7,18
r0031c0007,Santa Rosa,1,0.1292174640298107,142899.2857142857,0.16452000000000006,175,9,3.7529507245547253,0,0.0,,,,,,,,,,0,0,0,,,,4,1.2732395447351628,105834.5,58865.5,423338.0,0.17125,0.1055,103636.83382047781,0.15374302152184557,64960.5,0.10475000000000001,1,3,0,0.25,0.75,0.0,27,0.954929658551372,206104.25925925927,97713.0,5564815.0,0.2051851851851852,0.121,224387.1293797315,0.2087689258186294,244775.0,0.2815,10,9,8,0.37037037037037035,0.3333333333333333,0.2962962962962963,175,2.2281692032865346,142899.2857142857,97713.0,25007375.0,0.16452000000000006,0.121,156036.30779872398,0.1486926104881917,164579.0,0.1795,41,88,46,0.2342857142857143,0.5028571428571429,0.26285714285714284,453,1.4419437844125718,203600.12141280354,105351.0,92230855.0,0.18122295805739508,0.14,373145.4774128272,0.1634872764476095,186441.0,0.21400000000000002,128,210,115,0.282560706401766,0.46357615894039733,0.25386313465783666,3.7529507245547253,4.201424167707004,4.2911188563374605,0,0.0,0,0.0,0,0.0,9,0.11459155902616464,12,0.03819718634205488,1,0,0,8,0.019165508292008724,0.10642435424687945,0.019165508292008724,0.2599128515002492,535,170.29578910832802,3409,120.56871133339361,7361,93.72316288795533,0.019165508292008724,8.976023416735488,1.0345377786504524,3.0081946623204283,0.5935225619319477,1.0022923786354607,4,14,3,6,0,71,98,4.0,14.0,3.0,6.0,0.0,71.0,98.0,430920,4805.966685296433,0.8587320681046731,1.0,1,4,2,7,4,9,8,21
r0031c0013,Cabuyao,1,0.1790486546005776,249176.47826086957,0.16355072463768117,69,7,1.7136698930497116,0,0.0,,,,,,,,,,0,0,0,,,,3,0.954929658551372,81537.33333333333,110708.0,244612.0,0.15,0.195,52612.837276973885,0.08231038816577164,46151.0,0.07250000000000001,0,3,0,0.0,1.0,0.0,18,0.6366197723675814,363650.6666666667,131220.0,6545712.0,0.18533333333333335,0.1975,665952.0051679224,0.11030545824050168,135607.25,0.191,7,8,3,0.3888888888888889,0.4444444444444444,0.16666666666666666,69,0.8785352858672623,249176.47826086957,122412.0,17193177.0,0.16355072463768117,0.145,426833.94821683393,0.12250072463553792,170046.0,0.17200000000000001,19,34,16,0.2753623188405797,0.4927536231884058,0.2318840579710145,491,1.562901541162412,287192.183299389,122749.0,141011362.0,0.1677902240325865,0.126,522459.9170042392,0.15269333942328794,223846.0,0.1925,141,224,126,0.28716904276985744,0.45621181262729127,0.25661914460285135,1.7136698930497116,1.7136698930497116,1.7136698930497114,0,0.0,0,0.0,7,0.24757435592072607,7,0.08912676813146139,13,0.04138028520389279,0,0,0,7,0.002606699594305357,0.07556752730491718,0.002606699594305357,0.5316349018023371,456,145.14930809980856,2772,98.03944494460752,8672,110.4153333194333,0.002606699594305357,4.739686212585257,1.953046177301404,3.553610215807135,0.7488368098326651,0.7993470585369982,1,7,8,8,0,4,28,1.0,7.0,8.0,8.0,0.0,4.0,28.0,365202,4604.861709428774,0.998569419745907,1.0,1,5,1,7,7,11,7,25
r0031c0014,Cabuyao,1,0.20852984056534654,249813.9420289855,0.15920289855072464,69,8,2.67237657294611,0,0.0,,,,,,,,,,0,0,0,,,,3,0.954929658551372,244648.0,241764.0,733944.0,0.23399999999999999,0.195,135405.0368930196,0.11363538181394031,135382.0,0.10849999999999999,1,2,0,0.3333333333333333,0.6666666666666666,0.0,17,0.6012520072360491,374792.35294117645,113103.0,6371470.0,0.17505882352941177,0.195,685057.4587558277,0.12193362466329545,169096.0,0.197,6,7,4,0.35294117647058826,0.4117647058823529,0.23529411764705882,69,0.8785352858672623,249813.9420289855,118007.0,17237162.0,0.15920289855072464,0.14,427057.5529443201,0.12646303571889914,177072.0,0.16699999999999998,18,32,19,0.2608695652173913,0.463768115942029,0.2753623188405797,533,1.6965916933596044,356405.89305816137,138923.0,189964341.0,0.164452157598499,0.126,588506.2337380874,0.14927354180158706,322798.0,0.192,157,242,134,0.2945590994371482,0.4540337711069418,0.25140712945590993,2.67237657294611,2.67237657294611,2.67237657294611,0,0.0,0,0.0,7,0.24757435592072607,8,0.10185916357881301,13,0.04138028520389279,0,0,0,8,0.023876653147430038,0.14790472900392362,0.023876653147430038,0.3244677776401621,514,163.6112814984684,3256,115.15744326826916,8320,105.93353012196553,0.023876653147430038,4.072584483450794,1.594754898762009,3.726840535729599,0.43717997869033276,0.20994697356423445,6,29,9,9,1,15,69,6.0,29.0,9.0,9.0,1.0,15.0,69.0,365202,4604.861709428774,0.998574416109348,1.0,1,5,0,6,5,11,8,24
r0031c0040,Pila,1,0.11337121624095374,140492.08333333334,0.13416666666666666,24,2,2.302287663755296,0,0.0,,,,,,,,,,0,0,0,,,,1,0.3183098861837907,382917.0,382917.0,382917.0,0.082,0.082,,,0.0,0.0,0,1,0,0.0,1.0,0.0,9,0.3183098861837907,192324.55555555556,82040.0,1730921.0,0.08600000000000001,0.06,230693.66019578386,0.11576268828944844,134686.0,0.063,1,5,3,0.1111111111111111,0.5555555555555556,0.3333333333333333,24,0.30557749073643903,140492.08333333334,104405.0,3371810.0,0.13416666666666666,0.0875,151369.9440673388,0.10734084949828977,134978.5,0.1645,4,16,4,0.16666666666666666,0.6666666666666666,0.16666666666666666,57,0.1814366351247607,319433.3333333333,110711.0,18207700.0,0.1346140350877193,0.085,717175.7927278343,0.12824986137363226,138034.0,0.15799999999999997,9,36,12,0.15789473684210525,0.631578947368421,0.21052631578947367,2.302287663755296,4.565975510644285,5.750031565997433,0,0.0,0,0.0,1,0.0353677651315323,2,0.025464790894703253,13,0.04138028520389279,0,0,0,2,0.017196138197891724,0.13520613154556432,0.017196138197891724,0.18561897338414302,240,76.39437268410977,1078,38.12645081179182,2301,29.297241924356094,0.008874729913156515,2.337711454326081,0.3006786971249745,1.2969991351238621,2.139590649235291,0.20136670955251143,1,13,4,5,1,7,31,1.0,13.0,4.0,5.0,1.0,7.0,31.0,57776,1527.9354664794291,0.7877451753768447,0.39285714285714285,1,3,1,5,4,7,2,13
r0031c0043,Santa Cruz,1,0.12458033702860649,313159.9259259259,0.16296296296296298,27,6,2.819205098973518,0,0.0,,,,,,,,,,0,0,0,,,,1,0.3183098861837907,98099.0,98099.0,98099.0,0.044,0.044,,,0.0,0.0,0,1,0,0.0,1.0,0.0,11,0.3890454164468553,152518.45454545456,82040.0,1677703.0,0.12363636363636364,0.06,201022.14277256303,0.12428537542870659,128407.5,0.169,2,6,3,0.18181818181818182,0.5454545454545454,0.2727272727272727,27,0.3437746770784939,313159.9259259259,153967.0,8455318.0,0.16296296296296298,0.129,728658.3116779099,0.1606373080244584,148570.5,0.197,6,16,5,0.2222222222222222,0.5925925925925926,0.18518518518518517,60,0.1909859317102744,362833.55,122528.5,21770013.0,0.13701666666666668,0.08549999999999999,738605.7494210596,0.13404318702828788,153496.25,0.15949999999999998,11,34,15,0.18333333333333332,0.5666666666666667,0.25,2.819205098973518,4.114577603288521,4.4589825330160915,0,0.0,0,0.0,1,0.0353677651315323,6,0.07639437268410976,20,0.06366197723675814,2,0,0,4,0.03270957662113782,0.17140226612964418,0.03270957662113782,0.8279172388800788,157,49.97465213085514,1254,44.3511774749415,3159,40.22163721818379,0.03270957662113782,3.96656262022254,1.260179641118739,3.881708012609715,1.4501931062763629,1.2181609482013922,0,6,0,0,0,4,10,0.0,6.0,0.0,0.0,0.0,4.0,10.0,126844,2051.213068708045,1.0050329627938412,0.42028985507246375,3,3,1,7,5,12,3,20
r0031c0045,Santa Cruz,1,0.22171538024849846,294165.63636363635,0.1424242424242424,33,10,2.951269336043679,0,0.0,,,,,,,,,,0,0,0,,,,1,0.3183098861837907,202947.0,202947.0,202947.0,0.129,0.129,,,0.0,0.0,0,1,0,0.0,1.0,0.0,18,0.6366197723675814,349209.27777777775,104405.0,6285767.0,0.15888888888888889,0.14200000000000002,887710.1893827608,0.15736951229095428,155698.25,0.12399999999999997,2,13,3,0.1111111111111111,0.7222222222222222,0.16666666666666666,33,0.42016904976260366,294165.63636363635,82040.0,9707466.0,0.1424242424242424,0.108,704082.8270155268,0.14633053985391906,135080.0,0.16099999999999998,5,19,9,0.15151515151515152,0.5757575757575758,0.2727272727272727,72,0.22918311805232927,316835.1666666667,96762.0,22812132.0,0.12445833333333334,0.082,682237.8891548186,0.12665845584334162,149420.5,0.11125,11,41,20,0.1527777777777778,0.5694444444444444,0.2777777777777778,2.951269336043679,2.9604632767629906,2.990492605135904,0,0.0,0,0.0,4,0.1414710605261292,10,0.12732395447351627,26,0.08276057040778557,4,0,0,6,0.17783489119515294,0.8876445044486604,0.17783489119515294,0.2239614017297519,69,21.963382146681557,1108,39.18748376573779,2924,37.229524288056155,0.07248023752635306,5.1232311510553155,0.27322119860129396,3.699365078566209,1.0816420015483754,2.005313221279487,0,1,0,0,0,0,1,0.0,1.0,0.0,0.0,0.0,0.0,1.0,126844,2051.213068708045,1.0171683237122349,0.32051282051282054,4,6,1,11,6,9,4,19
r0031c0047,Pagsanjan,0,0.05539959974584554,267831.625,0.13344999999999999,40,11,1.091377652294883,0,0.0,,,,,,,,,,0,0,0,,,,3,0.954929658551372,1469781.6666666667,541861.0,4409345.0,0.313,0.205,2081564.567627277,0.36034983002632315,1920191.0,0.348,1,1,1,0.3333333333333333,0.3333333333333333,0.3333333333333333,12,0.4244131815783876,631302.6666666666,193516.5,7575632.0,0.19225,0.14250000000000002,1098364.714823346,0.18268409146044237,311852.5,0.1325,2,8,2,0.16666666666666666,0.6666666666666666,0.16666666666666666,40,0.5092958178940651,267831.625,104405.0,10713265.0,0.13344999999999999,0.08549999999999999,647361.5437995588,0.1352621291779173,133530.75,0.13025000000000003,5,24,11,0.125,0.6,0.275,94,0.2992112930127632,270267.09574468085,104401.5,25405107.0,0.11482978723404254,0.082,562654.0687288032,0.11503516417014915,150707.5,0.10125,11,54,29,0.11702127659574468,0.574468085106383,0.30851063829787234,1.091377652294883,1.091377652294883,1.7061200417985454,0,0.0,0,0.0,7,0.24757435592072607,11,0.1400563499208679,35,0.11140846016432673,4,0,0,7,0.24238322095275136,0.4098730405427105,0.24238322095275136,0.6763963439560788,131,41.69859509007658,876,30.982162255222292,2359,30.035720860302487,0.24238322095275136,4.944355756423651,1.4325737816390651,3.5967300506993567,1.851327166075884,2.2709898222175986,0,11,0,0,0,10,21,0.0,11.0,0.0,0.0,0.0,10.0,21.0,45602,1683.540633719821,0.9994259148061159,0.25,1,6,2,9,4,10,4,18
r0031c0051,Cavinti,1,0.22672460943075937,314231.1212121212,0.10227272727272728,33,23,2.2276371761742007,0,0.0,,,,,,,,,,0,0,0,,,,1,0.3183098861837907,123700.0,123700.0,123700.0,0.086,0.086,,,0.0,0.0,0,1,0,0.0,1.0,0.0,7,0.24757435592072607,58965.142857142855,55155.0,412756.0,0.04357142857142857,0.047,41631.16746072415,0.026209776438428103,54013.5,0.025500000000000002,0,3,4,0.0,0.42857142857142855,0.5714285714285714,33,0.42016904976260366,314231.1212121212,75122.0,10369627.0,0.10227272727272728,0.06,765744.07588864,0.13851946450031685,107575.0,0.049999999999999996,3,17,13,0.09090909090909091,0.5151515151515151,0.3939393939393939,127,0.4042535554534141,273418.48818897636,101113.0,34724148.0,0.10220472440944882,0.066,523202.76736729086,0.10723126902572723,219760.5,0.10700000000000001,13,71,43,0.10236220472440945,0.5590551181102362,0.33858267716535434,2.2276371761742007,2.715181987323587,2.864856444580062,0,0.0,0,0.0,2,0.0707355302630646,23,0.2928450952890874,36,0.11459155902616464,14,0,0,9,0.18207287950063647,1.3935587388067143,0.18207287950063647,0.19128268902218362,7,2.228169203286535,202,7.144288556569524,1004,12.783325029141034,0.18207287950063647,6.312500221075199,1.784952070693188,3.7958794004792833,4.737185677930796,3.134613991463832,0,0,0,0,0,0,0,0.0,0.0,0.0,0.0,0.0,0.0,0.0,24740,192.37021408415063,2.06247032043538,0.125,2,1,0,3,8,5,3,16
r0031c0054,Cavinti,0,0.034134200219940125,205074.1052631579,0.08081578947368422,38,15,0.5037968664017672,1,1.2732395447351628,93360.0,93360.0,93360.0,0.047,0.047,,,0.0,0.0,0,1,0,0.0,1.0,0.0,1,0.3183098861837907,93360.0,93360.0,93360.0,0.047,0.047,,,0.0,0.0,0,1,0,0.0,1.0,0.0,7,0.24757435592072607,79410.14285714286,48075.0,555871.0,0.06042857142857143,0.049,57635.62432624627,0.03030322943657514,71944.0,0.032,0,4,3,0.0,0.5714285714285714,0.42857142857142855,38,0.4838310269993618,205074.1052631579,102032.0,7792816.0,0.08081578947368422,0.053500000000000006,263716.8073814183,0.08104114912846798,207532.5,0.1005,3,19,16,0.07894736842105263,0.5,0.42105263157894735,117,0.3724225668350351,318067.62393162394,142046.0,37213912.0,0.10283760683760684,0.082,545802.0541434275,0.10705919706864059,301492.0,0.10400000000000001,13,66,38,0.1111111111111111,0.5641025641025641,0.3247863247863248,0.5037968664017672,1.0874746691242274,1.441065598199568,0,0.0,1,0.3183098861837907,8,0.2829421210522584,15,0.1909859317102744,35,0.11140846016432673,10,1,0,4,0.18116877360699624,0.18116877360699624,0.2218702709767755,0.36113258862254005,80,25.464790894703256,173,6.118623367755087,369,4.698253920072751,0.07065666436023511,8.500417146907415,0.47718134051403926,0.9447133598633909,5.683369619011735,0.4410064882267678,2,15,0,2,2,12,33,2.0,15.0,0.0,2.0,2.0,12.0,33.0,24740,192.37021408415063,0.9999345601726495,0.02702702702702703,3,3,0,6,7,5,2,14
r0031c0055,Cavinti,1,0.11643445768081187,206634.12068965516,0.08087931034482758,58,11,0.6916906871667463,0,0.0,,,,,,,,,,0,0,0,,,,3,0.954929658551372,55083.0,48075.0,165249.0,0.05566666666666667,0.06,25955.533976398943,0.013051181300301262,25236.0,0.012499999999999997,0,2,1,0.0,0.6666666666666666,0.3333333333333333,9,0.3183098861837907,50478.333333333336,48075.0,454305.0,0.04288888888888889,0.047,29480.251991799527,0.019675139417831607,41771.0,0.024,0,4,5,0.0,0.4444444444444444,0.5555555555555556,58,0.7384789359463944,206634.12068965516,97236.5,11984779.0,0.08087931034482758,0.055,268474.35729621694,0.07999277984659743,244123.75,0.10125,5,30,23,0.08620689655172414,0.5172413793103449,0.39655172413793105,118,0.375605665696873,313676.39830508473,123254.5,37013815.0,0.0986864406779661,0.0615,544943.6129561431,0.10665862943698833,300780.5,0.10325000000000001,13,64,41,0.11016949152542373,0.5423728813559322,0.3474576271186441,0.6916906871667463,0.8457147597310177,1.4022283555711605,0,0.0,2,0.6366197723675814,7,0.24757435592072607,11,0.1400563499208679,36,0.11459155902616464,6,1,0,4,0.06656871537755692,0.20448417511697384,0.06656871537755692,0.14105590630471007,99,31.512678732195276,166,5.871049011834361,371,4.723718710967454,0.031804773710423784,8.88644707047054,0.5948690497395639,0.05963495933798652,5.147089925307144,0.5344593093785304,0,9,0,0,0,5,14,0.0,9.0,0.0,0.0,0.0,5.0,14.0,24740,192.37021408415063,5.3175990047788,0.0,5,0,0,5,9,6,2,17
r0031c0058,Cavinti,0,0.008430983508291745,278469.962962963,0.09012962962962964,54,8,1.443845460032568,0,0.0,,,,,,,,,,0,0,0,,,,4,1.2732395447351628,187345.0,48658.0,749380.0,0.05775,0.036000000000000004,301772.05238170526,0.0638872705109033,205805.0,0.06725,0,2,2,0.0,0.5,0.5,31,1.0964007190775011,295880.93548387097,143162.0,9172309.0,0.10535483870967742,0.058,531732.6647367037,0.12105606094893853,278240.0,0.10700000000000001,4,18,9,0.12903225806451613,0.5806451612903226,0.2903225806451613,54,0.6875493541569878,278469.962962963,147259.0,15037378.0,0.09012962962962964,0.059,447842.6919340268,0.09986198897162858,304575.25,0.0865,5,31,18,0.09259259259259259,0.5740740740740741,0.3333333333333333,105,0.33422538049298023,286462.6666666667,142046.0,30078580.0,0.0935142857142857,0.06,436732.653451185,0.09194167405791254,290398.0,0.10400000000000001,11,59,35,0.10476190476190476,0.5619047619047619,0.3333333333333333,1.443845460032568,2.5047775346598917,2.793767158109534,0,0.0,0,0.0,2,0.0707355302630646,8,0.10185916357881301,24,0.07639437268410976,5,1,0,2,0.00237194070764229,0.00237194070764229,0.29869296857794747,1.0419825762459145,14,4.45633840657307,124,4.385602876310005,449,5.71684555586088,0.024546711221177176,10.563897544741662,0.3738712782125694,3.0421070200613722,4.666856957725655,1.995757267228752,0,0,0,0,0,1,1,0.0,0.0,0.0,0.0,0.0,1.0,1.0,24740,192.37021408415063,2.987144153263498,0.014705882352941176,2,3,2,7,9,6,4,19
r0031c0061,Cavinti,2,0.48404276904968296,247927.24444444446,0.08688888888888889,45,1,2.6443989107361627,0,0.0,,,,,,,,,,0,0,0,,,,1,0.3183098861837907,654297.0,654297.0,654297.0,0.14,0.14,,,0.0,0.0,0,1,0,0.0,1.0,0.0,35,1.2378717796036305,244992.11428571428,174284.0,8574724.0,0.07634285714285716,0.058,263560.629631832,0.06257463442921245,270573.0,0.08249999999999999,2,21,12,0.05714285714285714,0.6,0.34285714285714286,45,0.5729577951308232,247927.24444444446,174284.0,11156726.0,0.08688888888888889,0.058,268654.8247040797,0.07862402542313242,300433.0,0.10200000000000001,4,27,14,0.08888888888888889,0.6,0.3111111111111111,86,0.27374650211805995,262226.31395348837,147259.0,22551463.0,0.08539534883720931,0.06,327833.8915791587,0.06950569660441593,297685.0,0.10275000000000001,8,49,29,0.09302325581395349,0.5697674418604651,0.3372093023255814,2.6443989107361627,4.371678412028351,4.964631771935431,0,0.0,0,0.0,1,0.0353677651315323,1,0.012732395447351627,21,0.06684507609859604,0,1,0,0,0.13243172064612313,0.45631507854405845,0.13243172064612313,0.40209234025882595,20,6.366197723675814,64,2.2635369684180673,298,3.7942538433107846,0.12224374326132946,12.795052874779778,0.10753909451010892,6.058811704037481,5.976885000936812,2.14771298617066,0,0,0,0,0,1,1,0.0,0.0,0.0,0.0,0.0,1.0,1.0,24740,192.37021408415063,6.004141982899995,0.0,3,3,0,6,6,5,3,14
r0032c0006,Santa Rosa,1,0.16466625441356753,141137.71144278607,0.16945273631840796,201,2,3.7325632490629594,0,0.0,,,,,,,,,,0,0,0,,,,3,0.954929658551372,113729.33333333333,44892.0,341188.0,0.18800000000000003,0.09,127378.42570205261,0.1837715973702139,112567.0,0.163,1,2,0,0.3333333333333333,0.6666666666666666,0.0,45,1.5915494309189535,173614.66666666666,81982.0,7812660.0,0.18873333333333334,0.121,192352.8913191018,0.18586889318695976,217615.0,0.23000000000000004,14,19,12,0.3111111111111111,0.4222222222222222,0.26666666666666666,201,2.559211484917677,141137.71144278607,92127.0,28368680.0,0.16945273631840796,0.129,163383.31428412854,0.15250275081117431,163969.0,0.187,48,100,53,0.23880597014925373,0.4975124378109453,0.263681592039801,490,1.5597184423005743,194970.8693877551,101529.0,95535726.0,0.17748571428571425,0.132,361141.66288115206,0.16241480636060673,182068.75,0.20175000000000004,132,232,126,0.2693877551020408,0.47346938775510206,0.2571428571428571,3.7325632490629594,4.527173354721367,4.9599479137279925,0,0.0,0,0.0,0,0.0,2,0.025464790894703253,11,0.03501408748021698,1,0,0,1,0.0058216113451021135,0.0115962392623269,0.0058216113451021135,0.33435184859951395,576,183.34649444186343,3288,116.2892117524782,6490,82.63324645331205,0.004435278418844217,9.19679340377917,1.0379329783477487,1.6134625430853717,0.8345122202470724,1.323995507044734,1,10,6,6,0,5,28,1.0,10.0,6.0,6.0,0.0,5.0,28.0,430920,4805.966685296433,0.7739739080984349,1.0,1,4,3,8,5,7,5,17
r0032c0014,Cabuyao,1,0.221005898504899,236461.7,0.15584285714285714,70,7,3.058189648928817,0,0.0,,,,,,,,,,0,0,0,,,,4,1.2732395447351628,172153.5,167043.5,688614.0,0.28425,0.304,50270.92262597402,0.04757012367722694,67949.0,0.037250000000000005,3,1,0,0.75,0.25,0.0,22,0.7780908328937106,381284.5,151999.5,8388259.0,0.1965,0.211,634949.4045969144,0.12190306453431408,138588.5,0.23,11,7,4,0.5,0.3181818181818182,0.18181818181818182,70,0.8912676813146139,236461.7,111983.0,16552319.0,0.15584285714285714,0.134,425803.4909920251,0.1211973639779211,161391.75,0.1635,19,33,18,0.2714285714285714,0.4714285714285714,0.2571428571428571,471,1.4992395639256542,254643.33757961783,114608.0,119937012.0,0.16784288747346063,0.126,440551.63522579026,0.15405661002670853,209002.0,0.1985,133,213,125,0.2823779193205945,0.45222929936305734,0.2653927813163482,3.058189648928817,3.058189648928817,3.058189648928817,0,0.0,0,0.0,0,0.0,7,0.08912676813146139,13,0.04138028520389279,0,0,0,7,0.012067186877615673,0.39272445424089797,0.012067186877615673,0.638842828257729,471,149.9239563925654,3331,117.81002565313409,7970,101.47719171539246,0.012067186877615673,3.32616156809202,2.5854391290929106,2.78608995689365,0.6238980649769587,0.9669180462365776,5,12,6,11,0,14,48,5.0,12.0,6.0,11.0,0.0,14.0,48.0,365202,4604.861709428774,0.9985741655034276,1.0,1,4,2,7,5,12,6,23
r0032c0040,Santa Cruz,1,0.1288760701632548,126485.76,0.14104,25,2,2.498895780929216,0,0.0,,,,,,,,,,0,0,0,,,,1,0.3183098861837907,62351.0,62351.0,62351.0,0.019,0.019,,,0.0,0.0,0,0,1,0.0,0.0,1.0,9,0.3183098861837907,146368.44444444444,78357.0,1317316.0,0.0961111111111111,0.047,224792.06498901994,0.12960366935820572,130210.0,0.05199999999999999,1,4,4,0.1111111111111111,0.4444444444444444,0.4444444444444444,25,0.3183098861837907,126485.76,98099.0,3162144.0,0.14104,0.129,140032.01376122294,0.11447215090725488,121568.0,0.175,4,16,5,0.16,0.64,0.2,58,0.1846197339865986,310191.9310344828,107360.0,17991132.0,0.13541379310344828,0.085,712245.9982912679,0.12857410102946623,141116.5,0.16249999999999998,9,36,13,0.15517241379310345,0.6206896551724138,0.22413793103448276,2.498895780929216,4.769228278978704,6.0025769507702424,0,0.0,0,0.0,1,0.0353677651315323,2,0.025464790894703253,13,0.04138028520389279,0,0,0,2,0.15164396132630326,0.9186363109309923,0.15164396132630326,0.17080230834104712,242,77.03099245647735,1115,39.435058121658514,2306,29.360903901592852,0.15164396132630326,1.6376582535756798,1.0724501973086347,1.97711870513156,1.978197427500869,0.9448463250472496,0,0,0,0,0,1,1,0.0,0.0,0.0,0.0,0.0,1.0,1.0,126844,2051.213068708045,0.7877451753768447,0.4489795918367347,2,2,1,5,4,8,2,14
r0032c0041,Santa Cruz,0,0.035731976132601886,150774.73913043478,0.15282608695652175,23,2,3.4383618795205106,0,0.0,,,,,,,,,,0,0,0,,,,0,0.0,,,,,,,,,,0,0,0,,,,14,0.49514871184145215,149308.57142857142,104405.0,2090320.0,0.1472857142857143,0.157,191795.56978909936,0.11002337413996563,107252.0,0.16775,2,9,3,0.14285714285714285,0.6428571428571429,0.21428571428571427,23,0.2928450952890874,150774.73913043478,140605.0,3467819.0,0.15282608695652175,0.139,151608.76800988227,0.11227306492084095,121709.0,0.16699999999999998,4,16,3,0.17391304347826086,0.6956521739130435,0.13043478260869565,55,0.17507043740108486,341872.9090909091,122248.0,18803010.0,0.14674545454545454,0.108,733215.3977533748,0.1316659941166815,142855.0,0.17149999999999999,10,34,11,0.18181818181818182,0.6181818181818182,0.2,3.4383618795205106,4.605322278139417,5.537156385825171,0,0.0,0,0.0,0,0.0,2,0.025464790894703253,15,0.0477464829275686,0,0,0,2,0.0058185934199152115,0.46272967736255033,0.0058185934199152115,0.47309611989306916,259,82.44226052160178,1376,48.66604482098844,2774,35.31966497095341,0.0058185934199152115,2.0915630064715622,1.5307965477913745,2.5510995331403805,0.9796964872661683,1.271016223750361,0,10,0,0,0,1,11,0.0,10.0,0.0,0.0,0.0,1.0,11.0,126844,2051.213068708045,0.9986997540629646,0.4716981132075472,2,3,1,6,2,10,2,14
r0032c0043,Santa Cruz,0,0.002244600751947203,316714.2580645161,0.15545161290322582,31,3,1.9382343293357718,0,0.0,,,,,,,,,,0,0,0,,,,6,1.909859317102744,89022.16666666667,81627.5,534133.0,0.1505,0.158,62991.73328434983,0.08515573967736997,89757.0,0.10575000000000001,1,4,1,0.16666666666666666,0.6666666666666666,0.16666666666666666,17,0.6012520072360491,97919.76470588235,82040.0,1664636.0,0.1413529411764706,0.139,56865.07645573139,0.10784070496365841,78254.0,0.172,2,12,3,0.11764705882352941,0.7058823529411765,0.17647058823529413,31,0.39470425886790045,316714.2580645161,110711.0,9818142.0,0.15545161290322582,0.129,722384.2473700991,0.14817373557408375,144043.5,0.1725,5,20,6,0.16129032258064516,0.6451612903225806,0.1935483870967742,62,0.19735212943395022,342541.1451612903,112830.5,21237551.0,0.1427258064516129,0.088,727383.6660905571,0.13171605941082515,142926.0,0.16799999999999998,11,37,14,0.1774193548387097,0.5967741935483871,0.22580645161290322,1.9382343293357718,3.9630410755007333,4.450056692993042,0,0.0,0,0.0,1,0.0353677651315323,3,0.03819718634205488,18,0.05729577951308232,2,0,0,1,0.000755729741892907,0.01040687570085191,0.000755729741892907,0.11985483921068837,342,108.86198107485642,1528,54.04194512098135,3072,39.113918814264196,0.000755729741892907,3.0274071902856456,0.6552864205242457,3.0668128085452455,1.018488580135685,0.5149844148828348,2,24,3,7,0,7,43,2.0,24.0,3.0,7.0,0.0,7.0,43.0,126844,2051.213068708045,0.9987083422688559,0.4393939393939394,2,5,2,9,4,10,4,18
r0032c0044,Santa Cruz,1,0.1731232573024094,292145.77142857143,0.13962857142857144,35,8,1.8013976625883645,0,0.0,,,,,,,,,,0,0,0,,,,4,1.2732395447351628,113533.5,118315.0,454134.0,0.122,0.10700000000000001,93965.41190069176,0.09479099816614094,145754.0,0.089,0,3,1,0.0,0.75,0.25,19,0.6719875374991137,107152.84210526316,82040.0,2035904.0,0.11942105263157896,0.085,96532.10349657614,0.10457337444720263,100658.0,0.11750000000000001,1,14,4,0.05263157894736842,0.7368421052631579,0.21052631578947367,35,0.44563384065730693,292145.77142857143,98099.0,10225102.0,0.13962857142857144,0.085,683929.1524831349,0.14464908566317755,144354.0,0.16799999999999998,4,21,10,0.11428571428571428,0.6,0.2857142857142857,68,0.21645072260497766,319376.8676470588,101054.0,21717627.0,0.1279558823529412,0.082,698516.9297729725,0.12964537553540928,146010.0,0.13025000000000003,10,39,19,0.14705882352941177,0.5735294117647058,0.27941176470588236,1.8013976625883645,3.3682140234043083,3.6865811819252685,0,0.0,0,0.0,1,0.0353677651315323,8,0.10185916357881301,23,0.07321127382227186,4,0,0,4,0.06426559890698819,0.42050853022748763,0.06426559890698819,0.19635238067336258,173,55.06761030979579,1627,57.54335386900305,3000,38.19718634205488,0.03591736977455955,3.710605386443743,0.43885342462602134,2.801756002588116,1.326858093885826,0.5880702441972399,0,1,0,3,1,1,6,0.0,1.0,0.0,3.0,1.0,1.0,6.0,126844,2051.213068708045,1.0215518740271143,0.40540540540540543,2,4,1,7,6,10,4,20
r0032c0045,Santa Cruz,1,0.13284837791578755,247874.2857142857,0.12733333333333335,42,8,1.9911874191540597,0,0.0,,,,,,,,,,0,0,0,,,,1,0.3183098861837907,184086.0,184086.0,184086.0,0.249,0.249,,,0.0,0.0,0,1,0,0.0,1.0,0.0,20,0.7073553026306459,314828.3,104405.0,6296566.0,0.1726,0.1525,843833.4428688551,0.16259876350924946,130348.25,0.158,3,14,3,0.15,0.7,0.15,42,0.5347606087887683,247874.2857142857,80198.5,10410720.0,0.12733333333333335,0.082,628757.2861006449,0.13611395273843643,125022.5,0.11950000000000001,5,25,12,0.11904761904761904,0.5952380952380952,0.2857142857142857,74,0.2355493157760051,300786.6621621622,94642.0,22258213.0,0.12233783783783785,0.082,672852.1853483589,0.12737403415171764,143560.5,0.12325,11,40,23,0.14864864864864866,0.5405405405405406,0.3108108108108108,1.9911874191540597,2.82179312908816,3.000110582717215,0,0.0,0,0.0,1,0.0353677651315323,8,0.10185916357881301,26,0.08276057040778557,4,0,0,4,0.009068178082559386,0.25725001066606795,0.009068178082559386,0.5716426779932264,87,27.69296009798979,1510,53.40532534861377,2929,37.29318626529292,0.00298928521466363,4.198596512812361,0.32396869240293674,2.6702665607665765,0.3280994020349032,1.5244857633637647,0,8,1,5,0,7,21,0.0,8.0,1.0,5.0,0.0,7.0,21.0,126844,2051.213068708045,1.2128539735091874,0.38961038961038963,4,6,3,13,6,10,4,20
r0032c0047,Pagsanjan,0,0.01446021756105507,311099.26829268294,0.14148780487804877,41,12,1.8093506090215465,0,0.0,,,,,,,,,,0,0,0,,,,0,0.0,,,,,,,,,,0,0,0,,,,19,0.6719875374991137,405107.7368421053,122248.0,7697047.0,0.1346842105263158,0.082,908300.1881076079,0.1619475404195853,156232.0,0.14049999999999999,2,10,7,0.10526315789473684,0.5263157894736842,0.3684210526315789,41,0.5220282133414167,311099.26829268294,110711.0,12755070.0,0.14148780487804877,0.086,694737.2328473198,0.1398368910465367,134906.0,0.15799999999999997,6,25,10,0.14634146341463414,0.6097560975609756,0.24390243902439024,91,0.2896619964272495,239430.82417582418,98099.0,21788205.0,0.11262637362637361,0.082,502215.8813683966,0.113473604209344,146732.0,0.1005,10,53,28,0.10989010989010989,0.5824175824175825,0.3076923076923077,1.8093506090215465,1.8093506090215465,1.8308797686014402,0,0.0,0,0.0,5,0.17683882565766149,12,0.15278874536821951,34,0.10822536130248883,4,0,0,8,0.06335999340113639,0.28912980432425517,0.06335999340113639,0.2245648351075525,80,25.464790894703256,1027,36.32269479008367,2629,33.47346763108742,0.06335999340113639,3.9444554557436367,1.2393992089938015,2.690461823341844,1.1352893906650994,1.2696808959933086,0,7,1,1,0,7,16,0.0,7.0,1.0,1.0,0.0,7.0,16.0,45602,1683.540633719821,1.0050491541569688,0.3055555555555556,2,5,2,9,4,11,4,19
r0032c0048,Pagsanjan,1,0.0936180054602289,313305.325,0.14337499999999997,40,13,1.5461821316725641,0,0.0,,,,,,,,,,0,0,0,,,,0,0.0,,,,,,,,,,0,0,0,,,,20,0.7073553026306459,374025.15,67761.5,7480503.0,0.11555000000000001,0.062,891566.4150778481,0.15865403440057535,119344.5,0.093,2,10,8,0.1,0.5,0.4,40,0.5092958178940651,313305.325,103068.0,12532213.0,0.14337499999999997,0.097,703660.3164475717,0.14090052637706266,137226.25,0.15999999999999998,6,23,11,0.15,0.575,0.275,94,0.2992112930127632,242744.72340425532,94642.0,22818004.0,0.11253191489361701,0.082,499569.55854048114,0.11299316775688084,151909.5,0.10200000000000001,11,53,30,0.11702127659574468,0.5638297872340425,0.3191489361702128,1.5461821316725641,1.5461821316725641,1.6273107496092287,0,0.0,0,0.0,5,0.17683882565766149,13,0.16552114081557115,33,0.10504226244065092,4,0,0,9,0.16802729726761106,0.16802729726761106,0.24043524836238836,0.5186974288447951,50,15.915494309189533,909,32.14929850456286,2201,28.02400237962093,0.08637935081115238,4.025104403320134,0.38002905667041914,2.3668856999199033,1.58916653289604,1.4636991205769787,0,0,0,0,0,0,0,0.0,0.0,0.0,0.0,0.0,0.0,0.0,45602,1683.540633719821,1.3443925374905379,0.25333333333333335,3,3,2,8,4,11,4,19
r0032c0053,Cavinti,0,0.042202841040714416,233177.13333333333,0.08597777777777778,45,10,1.0290450669498326,0,0.0,,,,,,,,,,0,0,0,,,,0,0.0,,,,,,,,,,0,0,0,,,,12,0.4244131815783876,142524.08333333334,65138.5,1710289.0,0.07516666666666666,0.0535,260390.17527180884,0.08989876461213402,67552.0,0.038500000000000006,1,6,5,0.08333333333333333,0.5,0.4166666666666667,45,0.5729577951308232,233177.13333333333,93360.0,10492971.0,0.08597777777777778,0.06,397189.16848093015,0.08463598227083735,144335.0,0.093,4,23,18,0.08888888888888889,0.5111111111111111,0.4,127,0.4042535554534141,293355.03937007877,122248.0,37256090.0,0.10645669291338582,0.082,528860.8403932313,0.10878876837929694,265495.0,0.10550000000000001,14,73,40,0.11023622047244094,0.5748031496062992,0.31496062992125984,1.0290450669498326,1.0671660089996244,1.3564351310144798,0,0.0,0,0.0,8,0.2829421210522584,10,0.12732395447351627,36,0.11459155902616464,6,0,0,4,0.03925419079128877,0.03925419079128877,0.321299543107364,0.403712201462574,18,5.729577951308232,146,5.163693709203716,681,8.670761299646458,0.09465024089209623,6.981653986980869,0.43250324380060373,2.283107752012517,4.596052776182902,0.9701053744197232,0,1,1,0,0,2,4,0.0,1.0,1.0,0.0,0.0,2.0,4.0,24740,192.37021408415063,2.3197223443491017,0.1,3,3,0,6,5,6,1,12
r0032c0060,Cavinti,0,0.043171066422461594,310600.9,0.0981,50,3,1.5643048518105687,1,1.2732395447351628,456309.0,456309.0,456309.0,0.14,0.14,,,0.0,0.0,0,1,0,0.0,1.0,0.0,5,1.5915494309189535,261785.2,101781.0,1308926.0,0.0796,0.058,278245.4057737522,0.05789041371418934,385704.0,0.09100000000000001,0,4,1,0.0,0.8,0.2,38,1.3439750749982273,299444.9210526316,159586.0,11378907.0,0.09881578947368422,0.059,497865.077584951,0.11307874684129518,320863.0,0.11175000000000002,4,22,12,0.10526315789473684,0.5789473684210527,0.3157894736842105,50,0.6366197723675814,310600.9,177937.5,15530045.0,0.0981,0.059,457043.4930874317,0.10489085678329972,318714.25,0.11075000000000002,6,29,15,0.12,0.58,0.3,90,0.2864788975654116,295985.2111111111,154008.5,26638669.0,0.09335555555555557,0.06,428022.3154827352,0.09048499920510893,301339.75,0.10850000000000001,10,50,30,0.1111111111111111,0.5555555555555556,0.3333333333333333,1.5643048518105687,3.728073418670432,4.3788714344971424,0,0.0,0,0.0,1,0.0353677651315323,3,0.03819718634205488,20,0.06366197723675814,2,1,0,0,0.025959487831452622,1.5811596257584721,0.025959487831452622,1.1389735544671895,8,2.5464790894703255,135,4.7746482927568605,336,4.278084870310146,0.08958638574614274,11.568703618217544,0.05720585258535723,5.391491433044661,4.704237451700409,0.9711619497718533,0,0,0,0,0,0,0,0.0,0.0,0.0,0.0,0.0,0.0,0.0,24740,192.37021408415063,5.146967802300907,0.0,5,2,2,9,6,5,4,15
r0032c0064,Cavinti,1,0.16108360319572226,369190.8181818182,0.09954545454545455,22,2,3.185892696240892,0,0.0,,,,,,,,,,0,0,0,,,,0,0.0,,,,,,,,,,0,0,0,,,,5,0.17683882565766149,258305.0,267584.0,1291525.0,0.08779999999999999,0.058,111549.46130977056,0.08397737790619567,53369.0,0.001999999999999995,1,3,1,0.2,0.6,0.2,22,0.2801126998417358,369190.8181818182,197512.5,8122198.0,0.09954545454545455,0.059,601838.849641001,0.12207754259865491,264768.25,0.07599999999999998,2,13,7,0.09090909090909091,0.5909090909090909,0.3181818181818182,70,0.22281692032865347,313915.35714285716,175149.5,21974075.0,0.09487142857142856,0.0615,444729.55222967453,0.09216461665491263,312649.0,0.09975,8,41,21,0.11428571428571428,0.5857142857142857,0.3,3.185892696240892,3.937752038088373,5.239528576549825,0,0.0,0,0.0,0,0.0,2,0.025464790894703253,12,0.03819718634205488,2,0,0,0,0.14907638918970545,1.4441130606802726,0.14907638918970545,0.7698100959919159,13,4.138028520389279,35,1.2378717796036305,135,1.7188733853924696,0.14907638918970545,14.77529616733971,1.5526211615643022,9.109849520764993,7.695832664014381,1.9874894956855313,0,0,0,0,0,0,0,0.0,0.0,0.0,0.0,0.0,0.0,0.0,24740,192.37021408415063,6.915397567255099,0.0,0,1,0,1,2,2,1,5
r0033c0006,Santa Rosa,1,0.07296954024958509,150578.87662337662,0.16784415584415585,154,2,3.3601860919142745,0,0.0,,,,,,,,,,0,0,0,,,,0,0.0,,,,,,,,,,0,0,0,,,,45,1.5915494309189535,178772.64444444445,97713.0,8044769.0,0.19315555555555555,0.137,190117.4358540908,0.1835929236549209,209186.0,0.21900000000000003,14,20,11,0.3111111111111111,0.4444444444444444,0.24444444444444444,154,1.9607888988921505,150578.87662337662,99073.5,23189147.0,0.16784415584415585,0.1235,176003.17505117852,0.15535332404689642,153122.75,0.17975000000000002,35,79,40,0.22727272727272727,0.512987012987013,0.2597402597402597,502,1.5979156286426293,196405.484063745,103758.0,98595553.0,0.17969721115537843,0.137,359047.30723115976,0.16322771021315094,183862.5,0.20525,138,235,129,0.2749003984063745,0.4681274900398406,0.25697211155378485,3.3601860919142745,4.287582597634824,4.92592716639264,0,0.0,0,0.0,0,0.0,2,0.025464790894703253,11,0.03501408748021698,1,0,0,1,0.0071848331284527995,0.19430104556670813,0.0071848331284527995,0.36937938570378354,564,179.52677580765794,3412,120.6748146287882,6669,84.912345238388,0.016022093515921616,8.822080901907901,0.26966251514037143,1.0507280022911736,1.5284066290437623,1.6835899426979002,1,3,5,3,0,3,15,1.0,3.0,5.0,3.0,0.0,3.0,15.0,430920,4805.966685296433,0.7739739080984349,1.0,1,5,3,9,5,8,6,19
r0033c0007,Santa Rosa,2,0.2976948558596615,146435.421686747,0.15795180722891566,166,2,2.3591129887382483,0,0.0,,,,,,,,,,0,0,0,,,,7,2.228169203286535,293035.14285714284,365922.0,2051246.0,0.24700000000000003,0.247,180003.61898253468,0.17446107493268137,261838.5,0.24,4,1,2,0.5714285714285714,0.14285714285714285,0.2857142857142857,45,1.5915494309189535,174205.57777777777,81982.0,7839251.0,0.1855333333333333,0.132,192616.5622409512,0.18389876167460875,217615.0,0.203,13,20,12,0.28888888888888886,0.4444444444444444,0.26666666666666666,166,2.11357764426037,146435.421686747,95725.0,24308280.0,0.15795180722891566,0.111,180441.63019349988,0.1526102505484861,138363.75,0.16999999999999998,35,81,50,0.21084337349397592,0.4879518072289157,0.30120481927710846,503,1.601098727504467,195854.24652087476,102610.0,98514686.0,0.17890854870775338,0.137,358829.1803089405,0.16302676064907318,184985.5,0.203,137,236,130,0.27236580516898606,0.4691848906560636,0.2584493041749503,2.3591129887382483,3.443370830417752,4.106603160625896,0,0.0,0,0.0,2,0.0707355302630646,2,0.025464790894703253,11,0.03501408748021698,1,0,0,1,0.010350322138509548,0.0344339836669236,0.010350322138509548,0.0353421939523926,480,152.78874536821954,3946,139.56120120902645,7786,99.13443095307977,0.010350322138509548,7.831785405673988,0.8337120610381915,1.9095299239657941,1.745615499358217,2.4688193908168845,1,8,8,3,0,3,23,1.0,8.0,8.0,3.0,0.0,3.0,23.0,430920,4805.966685296433,0.9985435672689372,1.0,2,5,3,10,5,12,4,21
r0033c0008,Santa Rosa,2,0.30808895033216227,152612.94082840238,0.15653846153846152,169,9,1.5524022395831387,0,0.0,,,,,,,,,,0,0,0,,,,5,1.5915494309189535,347516.0,414590.0,1737580.0,0.34140000000000004,0.356,136577.243155659,0.11747893428185326,175788.0,0.16399999999999998,4,1,0,0.8,0.2,0.0,129,4.562441701967667,149256.83720930232,101162.0,19254132.0,0.1717984496124031,0.132,169290.72020975442,0.1468308114296094,148740.0,0.165,28,73,28,0.21705426356589147,0.5658914728682171,0.21705426356589147,169,2.151774830602425,152612.94082840238,95080.0,25791587.0,0.15653846153846152,0.11,208158.37416629677,0.1461933651025244,138757.0,0.16999999999999998,36,83,50,0.21301775147928995,0.4911242603550296,0.2958579881656805,506,1.6106480240899808,193580.89920948618,102383.5,97951935.0,0.177592885375494,0.133,356397.69245897053,0.16117434219796045,183329.0,0.203,137,237,132,0.2707509881422925,0.4683794466403162,0.2608695652173913,1.5524022395831387,2.799230500233463,3.38903207067582,0,0.0,0,0.0,2,0.0707355302630646,9,0.11459155902616464,12,0.03819718634205488,1,0,0,8,0.00022048507814689962,0.33998239059758073,0.00022048507814689962,0.0396855177722314,453,144.1943784412572,3692,130.57778886561724,8801,112.05781233214167,0.00022048507814689962,6.9774971872616,0.926222007821555,2.8976058890993435,2.241408670396625,1.9119346063527907,7,23,6,8,0,9,53,7.0,23.0,6.0,8.0,0.0,9.0,53.0,430920,4805.966685296433,0.8460315886923656,1.0,2,7,4,13,7,12,5,24
r0033c0011,Santa Rosa,2,0.30318374959162714,181272.6269430052,0.17239896373056995,193,9,2.2155721960886012,0,0.0,,,,,,,,,,0,0,0,,,,3,0.954929658551372,77241.66666666667,112268.0,231725.0,0.07666666666666666,0.079,65700.20230055104,0.07252815545244021,58278.5,0.07249999999999998,0,2,1,0.0,0.6666666666666666,0.3333333333333333,116,4.102660755257746,181812.41379310345,99476.0,21090240.0,0.16819827586206898,0.126,339663.2786802905,0.1514933902893104,144596.0,0.187,29,56,31,0.25,0.4827586206896552,0.2672413793103448,193,2.457352321338864,181272.6269430052,101615.0,34985617.0,0.17239896373056995,0.137,295116.9692887602,0.150865873788344,172553.0,0.186,51,94,48,0.26424870466321243,0.48704663212435234,0.24870466321243523,489,1.5565353434387363,168117.14110429448,101282.0,82209282.0,0.17133537832310836,0.129,231446.11874398377,0.15310896284674574,170263.0,0.192,128,235,126,0.261758691206544,0.48057259713701433,0.25766871165644173,2.2155721960886012,2.4960267597312202,2.552117672459744,0,0.0,0,0.0,8,0.2829421210522584,9,0.11459155902616464,11,0.03501408748021698,1,0,0,8,0.1036800412344815,0.1525544248252623,0.1036800412344815,0.42916597180627397,296,94.21972631040204,3452,122.08952523404949,9541,121.47978496318187,0.1036800412344815,4.684657169449884,0.9442525041822425,2.4193137734834425,1.3154769398126813,2.2870147886412897,0,0,1,6,0,1,8,0.0,0.0,1.0,6.0,0.0,1.0,8.0,430920,4805.966685296433,0.9985638974468874,1.0,2,5,4,11,9,17,10,36
r0033c0046,Pagsanjan,1,0.1901855579352109,235143.875,0.12302499999999998,40,10,1.8077448330716077,0,0.0,,,,,,,,,,0,0,0,,,,0,0.0,,,,,,,,,,0,0,0,,,,19,0.6719875374991137,397915.36842105264,153747.0,7560392.0,0.1676842105263158,0.129,907844.0563907567,0.17037639789320683,143353.0,0.1915,4,10,5,0.21052631578947367,0.5263157894736842,0.2631578947368421,40,0.5092958178940651,235143.875,80198.5,9405755.0,0.12302499999999998,0.082,638757.769249923,0.13210281300989848,117808.5,0.11850000000000001,4,25,11,0.1,0.625,0.275,89,0.2832957987035737,237009.04494382022,95425.0,21093805.0,0.11202247191011237,0.082,507827.7944588399,0.11479358723854285,143895.0,0.10200000000000001,10,51,28,0.11235955056179775,0.5730337078651685,0.3146067415730337,1.8077448330716077,1.8601145961327221,2.402119064296482,0,0.0,0,0.0,3,0.1061032953945969,10,0.12732395447351627,34,0.10822536130248883,4,0,0,6,0.023894435701080043,0.10979525592543025,0.023894435701080043,0.24118513672849162,242,77.03099245647735,1423,50.328329782170464,2904,36.974876379109126,0.011943806983516665,3.0424825067415764,0.35178721844307015,1.855441369733528,0.14095751423938976,0.40409146943485447,21,92,10,6,1,23,153,21.0,92.0,10.0,6.0,1.0,23.0,153.0,45602,1683.540633719821,0.9883297187116851,0.39436619718309857,3,6,2,11,5,9,4,18
r0033c0048,Pagsanjan,2,0.4735748442226727,282924.4358974359,0.13728205128205126,39,13,0.746394009324877,0,0.0,,,,,,,,,,0,0,0,,,,2,0.6366197723675814,110873.0,110873.0,221746.0,0.1285,0.1285,102611.09344510466,0.14354267658086914,72557.0,0.10150000000000002,0,1,1,0.0,0.5,0.5,20,0.7073553026306459,304259.75,67761.5,6085195.0,0.10705,0.062,846684.3380643465,0.15530834355870057,116653.25,0.061,1,11,8,0.05,0.55,0.4,39,0.4965634224467134,282924.4358974359,95425.0,11034053.0,0.13728205128205126,0.085,682022.285848714,0.1417742736513424,133990.0,0.131,5,23,11,0.1282051282051282,0.5897435897435898,0.28205128205128205,91,0.2896619964272495,242329.04395604396,98099.0,22051943.0,0.11232967032967031,0.082,495230.191086168,0.11378000751401851,152811.0,0.10200000000000001,11,51,29,0.12087912087912088,0.5604395604395604,0.31868131868131866,0.746394009324877,1.3458597076141945,1.8254322662456481,0,0.0,2,0.6366197723675814,5,0.17683882565766149,13,0.16552114081557115,35,0.11140846016432673,4,0,0,9,0.02443273214675206,0.04668858005996022,0.02443273214675206,0.345917339709186,171,54.43099053742821,982,34.731145359164714,2406,30.634143446328014,0.05443278839843633,3.02857299514394,0.2064233968657262,1.4616461383093224,0.9959483745275094,0.6541176911860465,0,0,0,0,0,0,0,0.0,0.0,0.0,0.0,0.0,0.0,0.0,45602,1683.540633719821,0.7450722094968195,0.3013698630136986,3,4,1,8,4,11,3,18
r0033c0058,Cavinti,2,0.2491900054542909,295486.1690140845,0.08492957746478876,71,11,1.2072400305820914,0,0.0,,,,,,,,,,0,0,0,,,,6,1.909859317102744,165360.0,152253.0,992160.0,0.10816666666666667,0.0495,130218.61352049484,0.10881069187661048,193065.5,0.12425,1,4,1,0.16666666666666666,0.6666666666666666,0.16666666666666666,27,0.954929658551372,252467.62962962964,101113.0,6816626.0,0.0804074074074074,0.055,316753.7765552471,0.07557892423932606,310640.0,0.10950000000000001,3,14,10,0.1111111111111111,0.5185185185185185,0.37037037037037035,71,0.9040000767619655,295486.1690140845,143162.0,20979518.0,0.08492957746478876,0.06,448412.6870156866,0.08608041488609222,302664.0,0.10400000000000001,6,39,26,0.08450704225352113,0.5492957746478874,0.36619718309859156,106,0.3374084793548181,274950.62264150946,122387.5,29144766.0,0.0880754716981132,0.06,436790.596591492,0.08728635938959574,260920.25,0.09325,10,58,38,0.09433962264150944,0.5471698113207547,0.3584905660377358,1.2072400305820914,2.042931407678908,2.664607006610313,0,0.0,0,0.0,3,0.1061032953945969,11,0.1400563499208679,28,0.08912676813146139,5,4,0,2,0.3157168819722034,0.38378958394827495,0.3157168819722034,0.5811648061702559,28,8.91267681314614,248,8.77120575262001,488,6.213408978307594,0.21358472843918247,9.03864620418554,0.40755983747771796,3.8510945209433345,2.4746180211904485,1.584999748075139,0,6,0,0,0,2,8,0.0,6.0,0.0,0.0,0.0,2.0,8.0,24740,192.37021408415063,3.7930852233787387,0.09230769230769231,5,2,1,8,10,6,4,20
r0033c0059,Cavinti,1,0.1463374455909328,325736.2950819672,0.09206557377049181,61,9,0.7689746081793861,3,3.819718634205488,256080.33333333334,179860.0,768241.0,0.18400000000000002,0.168,148341.99328690892,0.1546221200216838,132846.5,0.154,1,2,0,0.3333333333333333,0.6666666666666666,0.0,7,2.228169203286535,207354.14285714287,161344.0,1451479.0,0.11728571428571428,0.063,178199.23635024234,0.11365989366778163,212627.0,0.10650000000000003,1,5,1,0.14285714285714285,0.7142857142857143,0.14285714285714285,30,1.0610329539459689,279949.5,80949.0,8398485.0,0.08463333333333334,0.0435,545521.1807189051,0.11888083959574186,320818.0,0.11325,2,14,14,0.06666666666666667,0.4666666666666667,0.4666666666666667,61,0.7766761222884493,325736.2950819672,161344.0,19869914.0,0.09206557377049181,0.066,473759.8401963926,0.09174473079373714,322075.0,0.10200000000000001,6,35,20,0.09836065573770492,0.5737704918032787,0.32786885245901637,99,0.31512678732195276,288952.5252525252,122809.0,28606300.0,0.08914141414141413,0.06,448712.0980250564,0.08975306374180785,280273.5,0.099,10,54,35,0.10101010101010101,0.5454545454545454,0.35353535353535354,0.7689746081793861,2.3899108979153785,3.0854824670710506,0,0.0,1,0.3183098861837907,1,0.0353677651315323,9,0.11459155902616464,28,0.08912676813146139,3,4,0,2,0.0264899652123344,0.12298611696797593,0.0264899652123344,0.23735929986341986,22,7.002817496043395,254,8.983412343409205,461,5.8696343012291,0.04346074899851204,9.768764923395281,0.10818963025604399,4.347698821090016,3.0009895015424517,0.849800626232543,0,16,1,2,0,0,19,0.0,16.0,1.0,2.0,0.0,0.0,19.0,24740,192.37021408415063,4.070653845962923,0.046153846153846156,6,0,2,8,8,5,5,18
r0033c0061,Cavinti,0,0.03397720809598166,326870.137254902,0.0966078431372549,51,1,2.5827335429525515,0,0.0,,,,,,,,,,0,0,0,,,,2,0.6366197723675814,20692.0,20692.0,41384.0,0.0135,0.0135,7413.3074939597645,0.0035355339059327385,5242.0,0.0024999999999999988,0,0,2,0.0,0.0,1.0,19,0.6719875374991137,340803.3157894737,143162.0,6475263.0,0.12647368421052632,0.058,636378.8664429612,0.1451456618638488,329799.0,0.11700000000000002,3,11,5,0.15789473684210525,0.5789473684210527,0.2631578947368421,51,0.649352167814933,326870.137254902,179860.0,16670377.0,0.0966078431372549,0.06,483483.30115262594,0.10245351695893558,297842.5,0.10700000000000001,6,30,15,0.11764705882352941,0.5882352941176471,0.29411764705882354,84,0.26738030439438415,298936.21428571426,157244.5,25110642.0,0.09019047619047618,0.06,433287.19667661685,0.08755080813213427,298913.5,0.10550000000000001,9,47,28,0.10714285714285714,0.5595238095238095,0.3333333333333333,2.5827335429525515,4.6031249256374425,5.048787164388448,0,0.0,0,0.0,1,0.0353677651315323,1,0.012732395447351627,15,0.0477464829275686,0,1,0,0,0.28339863016414074,0.28339863016414074,0.8633373350224757,0.5781830434872969,6,1.909859317102744,170,6.01252007236049,306,3.896113006889598,0.32176193576140294,11.804193121086168,0.2914582371195016,6.5539989104099705,4.738426431258471,1.0365590340263753,0,0,0,0,0,0,0,0.0,0.0,0.0,0.0,0.0,0.0,0.0,24740,192.37021408415063,4.4687130066720755,0.02857142857142857,2,1,1,4,6,5,5,16
r0034c0007,Santa Rosa,0,0.038560238448820686,155938.5588235294,0.16310588235294116,170,2,2.028300124413207,0,0.0,,,,,,,,,,0,0,0,,,,6,1.909859317102744,421317.0,427002.0,2527902.0,0.37716666666666665,0.3315,170871.2799811601,0.17709592504252228,161684.0,0.222,5,1,0,0.8333333333333334,0.16666666666666666,0.0,91,3.2184666269694393,164105.6923076923,102157.0,14933618.0,0.19747252747252747,0.153,196967.8325879461,0.17321927918484906,189140.0,0.2355,27,43,21,0.2967032967032967,0.4725274725274725,0.23076923076923078,170,2.1645072260497766,155938.5588235294,97267.0,26509555.0,0.16310588235294116,0.1195,194845.6415413702,0.155021244852845,161183.0,0.1825,39,81,50,0.22941176470588234,0.4764705882352941,0.29411764705882354,503,1.601098727504467,194812.7693836978,103731.0,97990823.0,0.17962823061630212,0.137,357973.23872172734,0.16311699586765002,183643.5,0.20450000000000002,137,238,128,0.27236580516898606,0.4731610337972167,0.2544731610337972,2.028300124413207,3.2637808849901404,4.2306515701566,0,0.0,0,0.0,2,0.0707355302630646,2,0.025464790894703253,11,0.03501408748021698,1,0,0,1,0.005139866176600014,0.005139866176600014,0.03933837374213513,0.8315356596826534,450,143.2394487827058,3972,140.48076310244628,8035,102.30479741947032,0.005139866176600014,7.356189589716425,1.2313761972786492,1.9935025446178616,1.662363827129127,2.750573939512021,6,4,2,2,0,1,15,6.0,4.0,2.0,2.0,0.0,1.0,15.0,430920,4805.966685296433,0.9985381723525346,1.0,2,4,4,10,6,13,7,26
r0034c0008,Santa Rosa,2,0.3626134415441621,151141.9195402299,0.15391954022988505,174,9,1.1135000398141568,0,0.0,,,,,,,,,,0,0,0,,,,7,2.228169203286535,264082.85714285716,158844.0,1848580.0,0.23628571428571427,0.142,313069.46868888836,0.28252475660592663,295751.5,0.2815,3,1,3,0.42857142857142855,0.14285714285714285,0.42857142857142855,121,4.279499580915408,144414.85123966943,99215.0,17474197.0,0.16223140495867772,0.121,178524.94662397844,0.15108313165994514,132840.0,0.175,25,63,33,0.2066115702479339,0.5206611570247934,0.2727272727272727,174,2.215436807839183,151141.9195402299,86188.5,26298694.0,0.15391954022988505,0.111,215249.0585160356,0.14592330857650726,125200.5,0.16699999999999998,36,86,52,0.20689655172413793,0.4942528735632184,0.2988505747126437,497,1.5820001343334396,175676.96579476862,101443.0,87311452.0,0.1735412474849094,0.132,284742.35258330335,0.15646760592043615,172057.0,0.192,130,237,130,0.26156941649899396,0.4768611670020121,0.26156941649899396,1.1135000398141568,2.5616009819513743,3.4715482218039044,0,0.0,0,0.0,2,0.0707355302630646,9,0.11459155902616464,11,0.03501408748021698,1,0,0,8,0.027278127332829978,0.27045993024870396,0.027278127332829978,0.28625319239464675,630,200.53522829578813,4049,143.20408101757428,9142,116.39955917968857,0.020159931098451555,6.55191862981142,0.4979560445524608,2.9219620701469307,2.5885857194174577,2.3620567402868877,6,11,13,6,0,3,39,6.0,11.0,13.0,6.0,0.0,3.0,39.0,430920,4805.966685296433,0.8460315886923656,1.0,3,8,3,14,7,14,8,29
r0034c0010,Santa Rosa,1,0.0981018653770453,192678.6923076923,0.18917521367521373,234,9,1.1699950135856296,9,11.459155902616464,146044.44444444444,141040.0,1314400.0,0.10777777777777778,0.107,98208.82651665164,0.05865103958536834,150527.0,0.074,0,7,2,0.0,0.7777777777777778,0.2222222222222222,17,5.411268065124442,151544.64705882352,112268.0,2576259.0,0.11288235294117646,0.104,191499.4200735152,0.09754927111013001,146621.0,0.10999999999999999,1,10,6,0.058823529411764705,0.5882352941176471,0.35294117647058826,128,4.527073936836135,170578.1015625,101388.5,21833997.0,0.17390625,0.1345,233433.5759940112,0.1618635780939796,173344.25,0.19024999999999997,32,59,37,0.25,0.4609375,0.2890625,234,2.979380534680281,192678.6923076923,105293.5,45086814.0,0.18917521367521373,0.1465,287824.9240983527,0.16725267842039288,195638.75,0.22650000000000003,73,102,59,0.31196581196581197,0.4358974358974359,0.25213675213675213,499,1.5883663320571155,168064.30661322645,101443.0,83864089.0,0.1745090180360721,0.132,230877.03427663323,0.15638815312095738,177687.5,0.2005,134,234,131,0.2685370741482966,0.46893787575150303,0.2625250501002004,1.1699950135856296,2.4783273737351506,3.00304704549296,0,0.0,0,0.0,2,0.0707355302630646,9,0.11459155902616464,11,0.03501408748021698,1,0,0,8,0.05646655095885163,0.13679889304111315,0.05646655095885163,0.2980124766500897,528,168.06761990504148,3862,136.59030893797774,10668,135.82919463234717,0.018289324813555934,4.564123495532082,0.2293484505787463,2.6685510112566924,1.0645552481745413,1.1368504335726684,6,8,4,1,0,1,20,6.0,8.0,4.0,1.0,0.0,1.0,20.0,430920,4805.966685296433,0.749924462987641,1.0,4,7,6,17,10,18,12,40
r0034c0011,Santa Rosa,1,0.0929594050262904,203200.98994974873,0.19864824120603017,199,9,1.918132702215745,0,0.0,,,,,,,,,,0,0,0,,,,11,3.5014087480216975,171827.9090909091,94251.0,1890107.0,0.12118181818181818,0.104,227792.93960061827,0.11186046502837199,147374.5,0.06400000000000002,1,7,3,0.09090909090909091,0.6363636363636364,0.2727272727272727,120,4.244131815783875,190324.725,97876.5,22838967.0,0.17370000000000002,0.1345,345654.6693021362,0.15763278249668455,137417.5,0.1875,31,57,32,0.25833333333333336,0.475,0.26666666666666666,199,2.5337466940229736,203200.98994974873,107409.0,40436997.0,0.19864824120603017,0.153,300426.54640809767,0.17220778758661548,198147.5,0.238,68,83,48,0.3417085427135678,0.41708542713567837,0.24120603015075376,483,1.5374367502677089,167559.53002070394,101282.0,80931253.0,0.17537681159420285,0.134,230188.73788780894,0.15534238333015446,172941.5,0.203,132,228,123,0.2732919254658385,0.4720496894409938,0.2546583850931677,1.918132702215745,2.8828959096046987,3.182969631362151,0,0.0,0,0.0,1,0.0353677651315323,9,0.11459155902616464,11,0.03501408748021698,1,0,0,8,0.00463840580181337,0.021160939728024186,0.00463840580181337,0.11714706356057135,574,182.70987466949586,3937,139.24289132284267,10031,127.71865873238417,0.00463840580181337,3.979618679316927,0.9276195383325392,1.9402862507601812,0.3949339471464627,1.3904050647182842,4,14,4,13,0,8,43,4.0,14.0,4.0,13.0,0.0,8.0,43.0,430920,4805.966685296433,0.749924462987641,1.0,3,8,6,17,10,15,11,36
r0034c0012,Santa Rosa,0,0.0,199550.98578199052,0.19345023696682465,211,9,2.9156244821562627,0,0.0,,,,,,,,,,0,0,0,,,,1,0.3183098861837907,148684.0,148684.0,148684.0,0.164,0.164,,,0.0,0.0,0,1,0,0.0,1.0,0.0,137,4.845383823019925,189860.77372262772,101162.0,26010926.0,0.16546715328467154,0.132,332921.8939669102,0.1374777014590158,158322.0,0.187,35,66,36,0.25547445255474455,0.48175182481751827,0.26277372262773724,211,2.6865354393911933,199550.98578199052,110708.0,42105258.0,0.19345023696682465,0.153,292705.4492257895,0.16811388185915255,193012.0,0.22400000000000003,67,94,50,0.3175355450236967,0.44549763033175355,0.23696682464454977,492,1.56608464002425,167750.40040650408,101362.5,82533197.0,0.1716321138211382,0.1305,230572.89705788545,0.15311399326650565,169636.75,0.192,129,237,126,0.2621951219512195,0.4817073170731707,0.25609756097560976,2.9156244821562627,3.4137593929398364,3.513386375096551,0,0.0,0,0.0,1,0.0353677651315323,9,0.11459155902616464,11,0.03501408748021698,1,0,0,8,0.012268107649965172,0.13865155169484214,0.012268107649965172,0.36816753948183767,423,134.64508185574346,3924,138.78311037613273,9350,119.04789743273771,0.012268107649965172,3.2759999494670207,1.90756502778761,1.0187757829125235,0.5201512393477731,2.1027389801233634,0,4,4,5,0,5,18,0.0,4.0,4.0,5.0,0.0,5.0,18.0,430920,4805.966685296433,0.9985636465794882,1.0,2,8,6,16,7,15,10,32
r0034c0013,Cabuyao,2,0.5458445825270789,162764.16279069768,0.1672325581395349,172,9,3.9136680022085706,0,0.0,,,,,,,,,,0,0,0,,,,5,1.5915494309189535,114106.0,99737.0,570530.0,0.27780000000000005,0.279,71536.6037983353,0.18220784834907633,85925.0,0.013000000000000012,4,0,1,0.8,0.0,0.2,52,1.8391237868396795,197692.90384615384,111203.0,10280031.0,0.15498076923076926,0.134,295790.18394750095,0.11998275862816346,184478.5,0.1475,13,26,13,0.25,0.5,0.25,172,2.1899720169444796,162764.16279069768,101529.0,27995436.0,0.1672325581395349,0.129,224041.50115473976,0.14821978105223352,160733.25,0.1875,42,84,46,0.2441860465116279,0.4883720930232558,0.26744186046511625,414,1.3178029288008934,164031.33333333334,101529.0,67908972.0,0.17218840579710137,0.129,199138.678339612,0.15744061722572114,184353.5,0.20375000000000004,111,192,111,0.26811594202898553,0.463768115942029,0.26811594202898553,3.9136680022085706,3.9400067956262874,3.945274554309831,0,0.0,0,0.0,0,0.0,9,0.11459155902616464,12,0.03819718634205488,1,0,0,8,0.02816338082446393,0.03297319476723657,0.042496654556366184,0.02816338082446393,378,120.32113697747288,3702,130.93146651693257,8734,111.20474183716911,0.02816338082446393,2.714244121014033,2.823400688878912,0.5525918619982495,0.523012572861478,1.204289659835109,2,22,16,3,0,17,60,2.0,22.0,16.0,3.0,0.0,17.0,60.0,365202,4604.861709428774,0.9985686675321043,1.0,4,6,5,15,6,16,8,30
r0034c0014,Cabuyao,2,0.24240568979093596,183160.94968553458,0.16521383647798743,159,8,4.453448804687264,0,0.0,,,,,,,,,,0,0,0,,,,4,1.2732395447351628,1518694.0,1380034.5,6074776.0,0.25975,0.244,811821.8618724184,0.06850973166881719,821139.0,0.05225000000000002,4,0,0,1.0,0.0,0.0,27,0.954929658551372,412140.18518518517,148684.0,11127785.0,0.21059259259259258,0.214,626444.355464605,0.12453120068087331,219298.5,0.1425,14,8,5,0.5185185185185185,0.2962962962962963,0.18518518518518517,159,2.024450876128909,183160.94968553458,101615.0,29122591.0,0.16521383647798743,0.132,314773.70186328935,0.13966924603631553,161412.5,0.1855,40,78,41,0.25157232704402516,0.49056603773584906,0.2578616352201258,340,1.0822536130248883,185184.85588235295,102383.5,62962851.0,0.1751705882352941,0.129,261676.51904456396,0.16156873023460777,186752.5,0.21075000000000005,96,152,92,0.2823529411764706,0.4470588235294118,0.27058823529411763,4.453448804687264,4.453448804687264,4.453448804687264,0,0.0,0,0.0,0,0.0,8,0.10185916357881301,12,0.03819718634205488,1,0,0,7,0.14662438295438632,0.20140567175818366,0.14662438295438632,0.6467526325017785,393,125.09578527022974,3111,110.02911732419697,7925,100.90423392026165,0.14662438295438632,1.932787431776171,2.79515567240525,1.0407208218619868,1.185080460235433,0.6880371788398633,0,0,0,5,0,4,9,0.0,0.0,0.0,5.0,0.0,4.0,9.0,365202,4604.861709428774,0.9985736638541705,1.0,2,5,4,11,6,15,5,26
r0034c0044,Santa Cruz,2,0.23042047065464344,267172.8,0.11942857142857143,35,3,0.444196740566486,0,0.0,,,,,,,,,,0,0,0,,,,1,0.3183098861837907,169263.0,169263.0,169263.0,0.049,0.049,,,0.0,0.0,0,1,0,0.0,1.0,0.0,10,0.35367765131532297,140574.7,154934.0,1405747.0,0.13240000000000002,0.1405,123915.5743023361,0.09094711528013286,138539.5,0.14675,1,7,2,0.1,0.7,0.2,35,0.44563384065730693,267172.8,82040.0,9351048.0,0.11942857142857143,0.082,680858.570606554,0.13097019995904,133626.5,0.1245,3,21,11,0.08571428571428572,0.6,0.3142857142857143,61,0.19416903057211232,301238.91803278687,110711.0,18375574.0,0.12647540983606556,0.082,661078.0019359867,0.12654967490507132,146515.0,0.12000000000000001,9,35,17,0.14754098360655737,0.5737704918032787,0.2786885245901639,0.444196740566486,2.5963177400230975,3.6811788858339844,1,1.2732395447351628,1,0.3183098861837907,1,0.0353677651315323,3,0.03819718634205488,24,0.07639437268410976,2,0,0,1,0.16491696613771734,0.3204995261994812,0.16491696613771734,0.2507922650170847,314,99.94930426171028,1572,55.59812678676877,2634,33.537129608324186,0.16491696613771734,2.004678043914678,0.6452630066450579,0.9459107222084927,1.2408641741239923,0.8097084191906049,0,6,0,0,0,1,7,0.0,6.0,0.0,0.0,0.0,1.0,7.0,126844,2051.213068708045,0.9987120969838221,0.5,1,4,0,5,6,10,1,17
r0034c0048,Pagsanjan,0,0.035191144423420515,384263.93548387097,0.1518064516129032,31,10,0.5516079843119728,0,0.0,,,,,,,,,,0,0,0,,,,6,1.909859317102744,89251.0,89900.5,535506.0,0.0775,0.0575,70396.04624693065,0.080174185371602,107610.0,0.05725,0,3,3,0.0,0.5,0.5,16,0.5658842421045168,319089.0,108836.5,5105424.0,0.10675,0.082,589201.0248993123,0.10977522489159383,134152.5,0.09425,2,9,5,0.125,0.5625,0.3125,31,0.39470425886790045,384263.93548387097,141992.0,11912182.0,0.1518064516129032,0.092,786380.3003313743,0.15399576170679474,149147.5,0.16849999999999998,6,18,7,0.1935483870967742,0.5806451612903226,0.22580645161290322,88,0.2801126998417358,279956.9431818182,110707.5,24636211.0,0.11148863636363635,0.082,529129.4557293782,0.1125646679339687,205415.75,0.10250000000000001,10,51,27,0.11363636363636363,0.5795454545454546,0.3068181818181818,0.5516079843119728,1.2232144247310595,1.9345794135321661,0,0.0,2,0.6366197723675814,4,0.1414710605261292,10,0.12732395447351627,34,0.10822536130248883,4,0,0,6,0.0021992767739312286,0.22949919889351034,0.0021992767739312286,0.39025810870802274,184,58.569019057817485,930,32.892021572325035,2137,27.209129070990425,0.0006086734873081229,2.002991876742786,0.3410695243286742,0.37504656660115115,1.641451372202653,0.9475956664625402,7,13,2,1,0,9,32,7.0,13.0,2.0,1.0,0.0,9.0,32.0,45602,1683.540633719821,1.0131003323760583,0.30985915492957744,1,3,2,6,2,10,4,16
r0034c0049,Pagsanjan,1,0.06484051056014545,485940.347826087,0.16543478260869565,23,12,1.19998550374308,0,0.0,,,,,,,,,,0,0,0,,,,3,0.954929658551372,77965.66666666667,59229.0,233897.0,0.057666666666666665,0.047,60763.63433282553,0.0211266025033211,58557.0,0.019000000000000003,0,1,2,0.0,0.3333333333333333,0.6666666666666666,9,0.3183098861837907,495765.1111111111,145891.0,4461886.0,0.12533333333333335,0.082,753340.5077389382,0.1319554849182102,382304.0,0.109,2,3,4,0.2222222222222222,0.3333333333333333,0.4444444444444444,23,0.2928450952890874,485940.347826087,153747.0,11176628.0,0.16543478260869565,0.092,894344.575884618,0.16965414714727364,274277.5,0.178,5,12,6,0.21739130434782608,0.5217391304347826,0.2608695652173913,90,0.2864788975654116,287392.56666666665,118738.5,25865331.0,0.11543333333333333,0.0835,523140.2938492673,0.11481573415254881,285702.25,0.10724999999999998,12,51,27,0.13333333333333333,0.5666666666666667,0.3,1.19998550374308,1.5608639045283443,2.0411318859228804,0,0.0,0,0.0,5,0.17683882565766149,12,0.15278874536821951,35,0.11140846016432673,6,0,0,6,0.005534622165257612,0.018226352912464657,0.005534622165257612,0.04766991189740727,257,81.8056407492342,764,27.020972560490677,1755,22.345354010102106,0.027744177843077693,2.9089710842064056,0.18159528550536158,0.5039595651935747,2.179308023298436,0.3060076986221922,14,18,3,4,4,31,74,14.0,18.0,3.0,4.0,4.0,31.0,74.0,45602,1683.540633719821,0.7369564729198316,0.29333333333333333,2,2,2,6,4,8,4,16
r0034c0058,Cavinti,0,0.0021550912319576367,324212.4603174603,0.09441269841269842,63,11,1.881418364853904,0,0.0,,,,,,,,,,0,0,0,,,,3,0.954929658551372,405542.0,179860.0,1216626.0,0.10266666666666668,0.115,537031.0187056237,0.07229338374521789,500203.0,0.07150000000000001,0,2,1,0.0,0.6666666666666666,0.3333333333333333,27,0.954929658551372,308056.3333333333,179860.0,8317521.0,0.10896296296296297,0.082,309317.04776416457,0.084326508963434,319455.5,0.09900000000000002,4,17,6,0.14814814814814814,0.6296296296296297,0.2222222222222222,63,0.8021409131831525,324212.4603174603,143162.0,20425385.0,0.09441269841269842,0.06,482830.6380703421,0.09474782062701427,311839.5,0.11100000000000002,8,34,21,0.12698412698412698,0.5396825396825397,0.3333333333333333,104,0.3310422816311423,284386.58653846156,132846.0,29576205.0,0.092375,0.06,438849.5739774027,0.09120394169432879,274569.25,0.09675,11,57,36,0.10576923076923077,0.5480769230769231,0.34615384615384615,1.881418364853904,2.3739098470937487,2.6407547268665987,0,0.0,0,0.0,3,0.1061032953945969,11,0.1400563499208679,28,0.08912676813146139,5,4,0,2,0.02583038587504665,0.5220548492842956,0.4545752104456839,0.02583038587504665,31,9.867606471697512,259,9.160251169066866,471,5.996958255702617,0.02583038587504665,8.59247408608974,0.8050253304482958,4.355333522073752,1.7765749646736468,2.077529974318978,0,2,0,0,0,0,2,0.0,2.0,0.0,0.0,0.0,0.0,2.0,24740,192.37021408415063,3.3066457861524152,0.15254237288135594,3,3,2,8,7,4,5,16
r0034c0059,Cavinti,0,0.019899079695370983,327520.7301587302,0.09592063492063492,63,7,1.7805517005845064,0,0.0,,,,,,,,,,0,0,0,,,,2,0.6366197723675814,234768.0,234768.0,469536.0,0.184,0.184,77651.6382827819,0.022627416997969524,54908.0,0.015999999999999986,0,2,0,0.0,1.0,0.0,23,0.8134585980252429,288771.347826087,161344.0,6641741.0,0.10513043478260871,0.058,317108.7759465639,0.09305047718495496,328432.5,0.11600000000000002,4,13,6,0.17391304347826086,0.5652173913043478,0.2608695652173913,63,0.8021409131831525,327520.7301587302,174284.0,20633806.0,0.09592063492063492,0.082,465037.6698129985,0.09504588053167788,320569.0,0.10950000000000001,7,36,20,0.1111111111111111,0.5714285714285714,0.31746031746031744,95,0.30239439187460115,303822.3894736842,145891.0,28863127.0,0.09385263157894737,0.06,454240.51205516,0.09347203113607433,295162.0,0.0985,11,53,31,0.11578947368421053,0.5578947368421052,0.3263157894736842,1.7805517005845064,2.9389610984498895,3.192706533431185,0,0.0,0,0.0,1,0.0353677651315323,7,0.08912676813146139,27,0.08594366926962348,3,4,0,0,0.24315465941178824,0.24315465941178824,0.30704112658643024,0.5744349407287322,33,10.504226244065093,246,8.700470222356945,369,4.698253920072751,0.24315465941178824,9.434283570997797,0.8059707596964885,5.10497917668683,2.4046799310548312,1.6104274570838193,1,6,0,0,0,0,7,1.0,6.0,0.0,0.0,0.0,0.0,7.0,24740,192.37021408415063,3.062282251082789,0.1,4,1,2,7,6,4,5,15
r0035c0007,Biñan,1,0.11588259306132798,162877.8502415459,0.1793140096618357,207,2,1.4188740415780865,0,0.0,,,,,,,,,,0,0,0,,,,1,0.3183098861837907,6190.0,6190.0,6190.0,0.008,0.008,,,0.0,0.0,0,0,1,0.0,0.0,1.0,94,3.324569922364036,171099.13829787233,107103.5,16083319.0,0.19261702127659577,0.153,204233.08740490032,0.16661849452540833,175212.75,0.2185,28,44,22,0.2978723404255319,0.46808510638297873,0.23404255319148937,207,2.635605857601787,162877.8502415459,101162.0,33715715.0,0.17931400966183575,0.137,188819.05564397702,0.1647874563601562,184755.5,0.20450000000000002,55,97,55,0.26570048309178745,0.46859903381642515,0.26570048309178745,499,1.5883663320571155,176801.71943887774,102157.0,88224058.0,0.17615430861723444,0.132,281387.96753433126,0.1588627449195261,183958.5,0.203,134,236,129,0.2685370741482966,0.4729458917835671,0.25851703406813625,1.4188740415780865,3.251189415718971,4.497594992621624,0,0.0,0,0.0,2,0.0707355302630646,2,0.025464790894703253,10,0.03183098861837907,1,0,0,1,0.006790189122408632,0.2055494618021039,0.015807677565105174,0.006790189122408632,449,142.92113889652202,3605,127.50079329917394,8054,102.54671293297,0.006790189122408632,6.921400177350131,1.5567419160391052,2.514213513212778,1.2942881056945517,2.8968950429272815,1,3,1,9,0,1,15,1.0,3.0,1.0,9.0,0.0,1.0,15.0,584479,9252.517460032008,0.9985379214103146,1.0,3,3,4,10,5,12,8,25
r0035c0008,Biñan,0,0.004640386119582006,172113.32272727272,0.1854090909090909,220,2,0.6262444556649867,0,0.0,,,,,,,,,,0,0,0,,,,1,0.3183098861837907,95080.0,95080.0,95080.0,0.132,0.132,,,0.0,0.0,0,1,0,0.0,1.0,0.0,123,4.350235111178472,158838.9105691057,101615.0,19537186.0,0.17141463414634148,0.126,190083.61183269008,0.15911311198966974,171968.5,0.189,30,59,34,0.24390243902439024,0.4796747967479675,0.2764227642276423,220,2.8011269984173577,172113.32272727272,102383.5,37864931.0,0.1854090909090909,0.142,212137.22807004527,0.16738137872647382,188005.25,0.21175000000000002,62,104,54,0.2818181818181818,0.4727272727272727,0.24545454545454545,498,1.5851832331952775,169162.52610441766,102109.5,84242938.0,0.17584538152610435,0.1355,231527.8681226014,0.15684366034846306,180552.75,0.20175000000000004,133,238,127,0.26706827309236947,0.4779116465863454,0.25502008032128515,0.6262444556649867,2.502017010992286,3.791425006973249,0,0.0,1,0.3183098861837907,2,0.0707355302630646,2,0.025464790894703253,10,0.03183098861837907,1,0,0,1,0.006328555807561462,0.7667488405496361,0.006328555807561462,0.3369796062611842,584,185.89297353133375,4182,147.90799378006807,9302,118.43674245126483,0.006328555807561462,6.007753663839664,0.8455181371961038,3.3273888643999685,2.292572399185382,1.908418520858265,0,0,3,1,0,1,5,0.0,0.0,3.0,1.0,0.0,1.0,5.0,584479,9252.517460032008,0.9985430654983265,1.0,3,5,4,12,5,15,9,29
r0035c0009,Santa Rosa,2,0.2795747155450389,188931.86864406778,0.18671186440677967,236,2,0.8748396953415397,0,0.0,,,,,,,,,,0,0,0,,,,71,22.600001919049138,130993.18309859154,98932.0,9300516.0,0.17083098591549298,0.145,163000.83941390432,0.1413405195077773,122662.0,0.184,16,37,18,0.22535211267605634,0.5211267605633803,0.2535211267605634,130,4.597809467099199,156121.46153846153,101388.5,20295790.0,0.1666,0.1235,189096.87700847673,0.1559616132457008,167207.5,0.18974999999999997,30,62,38,0.23076923076923078,0.47692307692307695,0.2923076923076923,236,3.004845325574984,188931.86864406778,105293.5,44587921.0,0.18671186440677967,0.142,280437.74366004276,0.16716309282649,188501.75,0.21175000000000002,72,106,58,0.3050847457627119,0.4491525423728814,0.2457627118644068,496,1.5788170354716018,166607.59274193548,101838.5,82637366.0,0.17451612903225802,0.132,229026.50271671612,0.15600986676235437,177914.0,0.19924999999999998,132,235,129,0.2661290322580645,0.4737903225806452,0.2600806451612903,0.8748396953415397,2.2620189137578706,3.436304176404989,0,0.0,2,0.6366197723675814,2,0.0707355302630646,2,0.025464790894703253,10,0.03183098861837907,1,0,0,1,0.006891802027882161,0.08918150573779632,0.006891802027882161,0.07847009458233736,604,192.25917125500956,4179,147.80189048467346,10639,135.45995516437395,0.006891802027882161,5.123519328525632,0.607013344018687,3.889960124222832,2.346971850146531,0.9414293754176558,2,16,10,1,0,8,37,2.0,16.0,10.0,1.0,0.0,8.0,37.0,430920,4805.966685296433,0.9985481849571773,1.0,5,7,6,18,8,17,11,36
r0035c0010,Santa Rosa,1,0.14835021409396676,247775.7123287671,0.20255479452054795,146,10,1.1718865004287857,0,0.0,,,,,,,,,,0,0,0,,,,24,7.639437268410976,175447.375,121996.0,4210737.0,0.149125,0.107,167303.05324114615,0.15192283868149475,152018.25,0.078,3,16,5,0.125,0.6666666666666666,0.20833333333333334,67,2.369640263812664,208923.91044776118,111698.0,13997902.0,0.17095522388059703,0.126,272263.1323306684,0.17106453087153284,192495.0,0.15450000000000003,15,34,18,0.22388059701492538,0.5074626865671642,0.26865671641791045,146,1.8589297353133376,247775.7123287671,120601.0,36175254.0,0.20255479452054795,0.156,343078.13284486183,0.17708486299227263,221726.75,0.20650000000000002,53,60,33,0.363013698630137,0.410958904109589,0.22602739726027396,429,1.365549411728462,175404.44055944055,103785.0,75248505.0,0.17564568764568758,0.132,239369.7016078305,0.1582681693259283,186056.0,0.203,117,201,111,0.2727272727272727,0.46853146853146854,0.25874125874125875,1.1718865004287857,2.5542384213248748,3.397947330004888,0,0.0,0,0.0,2,0.0707355302630646,10,0.12732395447351627,11,0.03501408748021698,2,0,0,8,0.005928619478773904,0.2736466496499139,0.005928619478773904,0.10237498060402772,648,206.26480624709637,4306,152.29359665637807,11046,140.64204011144608,0.005441362376826186,4.318984966936706,0.3366403788095868,2.8791435197294337,1.3930369901214519,0.3592256054638344,9,10,8,35,10,11,83,9.0,10.0,8.0,35.0,10.0,11.0,83.0,430920,4805.966685296433,0.8734881640196912,1.0,4,6,6,16,9,18,14,41
r0035c0011,Santa Rosa,0,0.04099091036613503,207573.7972972973,0.19202252252252253,222,10,2.1140621998521394,0,0.0,,,,,,,,,,0,0,0,,,,19,6.047887837492023,113775.21052631579,94251.0,2161729.0,0.0901578947368421,0.082,100417.13569715022,0.06851460765404925,169182.5,0.07949999999999999,1,10,8,0.05263157894736842,0.5263157894736842,0.42105263157894735,136,4.810016057888393,179643.28676470587,99073.5,24431487.0,0.1609779411764706,0.126,323601.4288359452,0.14096011870511274,135380.0,0.17425000000000002,31,69,36,0.22794117647058823,0.5073529411764706,0.2647058823529412,222,2.826591789312061,207573.7972972973,111983.0,46081383.0,0.19202252252252253,0.152,298338.2164428606,0.1663882621733973,199003.25,0.22325000000000003,73,96,53,0.32882882882882886,0.43243243243243246,0.23873873873873874,501,1.5947325297807913,168896.61477045907,102157.0,84617204.0,0.1748962075848303,0.132,230335.11274755592,0.15601117013082372,181863.0,0.203,135,236,130,0.2694610778443114,0.47105788423153694,0.25948103792415167,2.1140621998521394,3.157870438529761,3.7480772331166845,0,0.0,0,0.0,2,0.0707355302630646,10,0.12732395447351627,11,0.03501408748021698,2,0,0,8,0.004345235075930279,0.4092439697583089,0.004345235075930279,0.4403362280461991,766,243.82537281678367,4430,156.67919953268807,10275,130.82536322153797,0.004345235075930279,3.372047000018959,0.8912763696544193,1.9224812627767425,0.7752687033644579,0.8096800345075945,1,0,0,9,0,3,13,1.0,0.0,0.0,9.0,0.0,3.0,13.0,430920,4805.966685296433,0.9985633955638689,1.0,4,10,6,20,8,16,14,38
r0035c0012,Santa Rosa,2,0.45022393048945786,195196.80090497737,0.19281900452488687,221,10,3.0481307390889856,0,0.0,,,,,,,,,,0,0,0,,,,0,0.0,,,,,,,,,,0,0,0,,,,140,4.951487118414522,176794.15714285715,97876.5,24751182.0,0.16037857142857145,0.1235,310469.8408186778,0.14073795578799397,138393.0,0.17775000000000002,32,70,38,0.22857142857142856,0.5,0.2714285714285714,221,2.8138593938647096,195196.80090497737,112268.0,43138493.0,0.19281900452488687,0.153,275823.70929186605,0.16613497743730982,195407.0,0.22400000000000003,71,98,52,0.3212669683257919,0.4434389140271493,0.23529411764705882,486,1.5469860468532226,162674.34773662552,101362.5,79059733.0,0.17258230452674891,0.132,218514.5001157251,0.1539670751242196,169653.5,0.192,127,233,126,0.2613168724279835,0.4794238683127572,0.25925925925925924,3.0481307390889856,3.8088323127406642,4.148009479956217,0,0.0,0,0.0,0,0.0,10,0.12732395447351627,11,0.03501408748021698,2,0,0,8,0.006193876785660759,0.006193876785660759,0.03626174929050617,0.22272743843433432,656,208.8112853365667,4319,152.75337760308798,9565,121.78536245391831,0.006193876785660759,2.573300452686928,1.8659738937555947,0.9845476529968858,0.4480033283136453,1.8021261439777412,0,9,10,3,0,8,30,0.0,9.0,10.0,3.0,0.0,8.0,30.0,430920,4805.966685296433,0.9985633955638689,1.0,5,8,6,19,7,16,11,34
r0035c0013,Cabuyao,1,0.21919889558440342,197386.18446601942,0.18606796116504853,206,9,4.013382557260576,0,0.0,,,,,,,,,,0,0,0,,,,2,0.6366197723675814,1135146.0,1135146.0,2270292.0,0.241,0.241,664558.7519489906,0.03535533905932738,469914.0,0.024999999999999994,2,0,0,1.0,0.0,0.0,52,1.8391237868396795,273865.28846153844,96733.0,14240995.0,0.13130769230769232,0.1055,491737.4795060413,0.11200359561132069,205248.75,0.13224999999999998,11,25,16,0.21153846153846154,0.4807692307692308,0.3076923076923077,206,2.622873462154435,197386.18446601942,109058.5,40661554.0,0.18606796116504853,0.1465,297510.1736276855,0.16339348060767653,191374.75,0.21700000000000003,62,95,49,0.30097087378640774,0.46116504854368934,0.23786407766990292,402,1.2796057424588385,173708.45771144278,102383.5,69830800.0,0.1726567164179104,0.132,243169.3857842876,0.1551039441260458,174101.25,0.19124999999999998,106,194,102,0.263681592039801,0.48258706467661694,0.2537313432835821,4.013382557260576,4.537861094094867,4.678103195491687,0,0.0,0,0.0,0,0.0,9,0.11459155902616464,11,0.03501408748021698,1,0,0,8,0.0019518659956828683,0.0019518659956828683,0.04019503239783885,0.10358875641858667,552,175.70705717345245,3942,139.41973014850032,8524,108.53093879322526,0.0019518659956828683,1.8752351329452936,1.8560570855123975,0.18105634854975625,0.3572218817969472,1.0379148525024675,6,25,12,9,0,33,85,6.0,25.0,12.0,9.0,0.0,33.0,85.0,365202,4604.861709428774,0.9985684165057065,1.0,5,5,6,16,7,14,9,30
r0035c0014,Cabuyao,2,0.3909986397855938,181679.57303370786,0.17812359550561802,178,1,4.991763663319082,0,0.0,,,,,,,,,,0,0,0,,,,8,2.5464790894703255,174010.125,117988.5,1392081.0,0.23875,0.266,208680.46926097837,0.15985685561061902,108742.25,0.11125000000000002,5,1,2,0.625,0.125,0.25,21,0.7427230677621782,377674.4285714286,99737.0,7931163.0,0.17138095238095238,0.17,693181.2014163086,0.12528945533861827,175243.0,0.16999999999999998,8,8,5,0.38095238095238093,0.38095238095238093,0.23809523809523808,178,2.2663663896285895,181679.57303370786,103170.5,32338964.0,0.17812359550561802,0.1435,293767.8170754295,0.15707303855247293,168386.25,0.20224999999999999,48,85,45,0.2696629213483146,0.47752808988764045,0.25280898876404495,322,1.024957833511806,177989.2142857143,101886.0,57312527.0,0.17262422360248444,0.129,256190.10321428833,0.1591892967004213,183569.5,0.198,87,149,86,0.2701863354037267,0.46273291925465837,0.2670807453416149,4.991763663319082,5.198069053563683,5.239330131612602,0,0.0,0,0.0,0,0.0,1,0.012732395447351627,11,0.03501408748021698,1,0,0,0,0.006424837044642836,0.37374785963238333,0.006424837044642836,0.3621285476755057,429,136.5549411728462,3129,110.66573709656456,7703,98.07764213094958,0.006424837044642836,1.300381153080921,1.8128021645226768,0.8296509204897565,0.6263227440075091,0.3170983406623722,0,3,3,3,1,8,18,0.0,3.0,3.0,3.0,1.0,8.0,18.0,365202,4604.861709428774,0.9608922688938675,1.0,4,3,4,11,6,14,7,27
r0035c0015,Cabuyao,0,0.037148427472647634,244768.9054054054,0.16599999999999998,74,0,5.784480366573292,0,0.0,,,,,,,,,,0,0,0,,,,2,0.6366197723675814,929389.5,929389.5,1858779.0,0.296,0.296,309444.7766896381,0.08485281374238571,218810.5,0.05999999999999994,2,0,0,1.0,0.0,0.0,15,0.5305164769729844,629473.6,197273.0,9442104.0,0.23433333333333334,0.236,777051.5301713818,0.1184022602744358,823672.0,0.09000000000000002,10,4,1,0.6666666666666666,0.26666666666666666,0.06666666666666667,74,0.9421972631040204,244768.9054054054,111983.0,18112899.0,0.16599999999999998,0.134,419628.9401612827,0.13199865088559215,190389.25,0.1925,22,35,17,0.2972972972972973,0.47297297297297297,0.22972972972972974,302,0.9612958562750479,189002.9834437086,105293.5,57078901.0,0.17985099337748342,0.1385,269430.53907942143,0.16193186187213243,187834.25,0.21700000000000003,88,137,77,0.2913907284768212,0.45364238410596025,0.25496688741721857,5.784480366573292,5.784480366573292,5.784480366573292,0,0.0,0,0.0,0,0.0,0,0.0,11,0.03501408748021698,0,0,0,0,0.096395926485155,0.096395926485155,0.10551665116641788,0.3733147619922136,346,110.13522061959158,2249,79.54210378081613,6662,84.82321847025653,0.11939127694515039,0.5992557607064523,2.3365663550172466,1.7826113141544926,0.454515461648807,1.0335293023196646,1,5,2,3,0,3,14,1.0,5.0,2.0,3.0,0.0,3.0,14.0,365202,4604.861709428774,0.9127014775052473,1.0,1,2,5,8,5,13,6,24
r0035c0044,Santa Cruz,1,0.06533917600999353,147855.2962962963,0.12255555555555556,27,3,1.461868300529529,0,0.0,,,,,,,,,,0,0,0,,,,0,0.0,,,,,,,,,,0,0,0,,,,4,0.1414710605261292,66530.25,53482.5,266121.0,0.178,0.14550000000000002,63323.67741150751,0.17201744097619867,56831.25,0.11249999999999999,1,2,1,0.25,0.5,0.25,27,0.3437746770784939,147855.2962962963,63522.0,3992093.0,0.12255555555555556,0.085,297104.2184573279,0.10311134136431703,107859.0,0.156,3,15,9,0.1111111111111111,0.5555555555555556,0.3333333333333333,62,0.19735212943395022,253928.24193548388,96762.0,15743551.0,0.13048387096774194,0.085,576665.5144500639,0.12986092711561603,144018.75,0.11875000000000001,9,36,17,0.14516129032258066,0.5806451612903226,0.27419354838709675,1.461868300529529,3.1209381512235588,4.182208170462548,0,0.0,0,0.0,1,0.0353677651315323,3,0.03819718634205488,23,0.07321127382227186,2,0,0,1,0.015099077755080008,0.36839353288312093,0.015099077755080008,0.24292595214044263,402,127.96057424588386,1316,46.5439789130965,2296,29.233579947119335,0.013981681099060289,1.1891336459786017,0.3895763508092115,0.5387016206050388,0.6331566159994252,0.5971324369941845,11,44,5,5,0,23,88,11.0,44.0,5.0,5.0,0.0,23.0,88.0,126844,2051.213068708045,0.9320273877188391,0.5531914893617021,0,1,1,2,4,7,2,13
r0035c0050,Lumban,2,0.6771681181910343,221057.30303030304,0.08275757575757575,33,16,1.2901160067524147,0,0.0,,,,,,,,,,0,0,0,,,,0,0.0,,,,,,,,,,0,0,0,,,,17,0.6012520072360491,174147.70588235295,76294.0,2960511.0,0.07999999999999999,0.058,364606.36411953997,0.06928203230275509,103676.0,0.059,1,9,7,0.058823529411764705,0.5294117647058824,0.4117647058823529,33,0.42016904976260366,221057.30303030304,76294.0,7294891.0,0.08275757575757575,0.058,379814.93025884376,0.07670643319787067,139258.0,0.08800000000000001,3,15,15,0.09090909090909091,0.45454545454545453,0.45454545454545453,111,0.35332397366400764,252986.63963963964,98099.0,28081517.0,0.10005405405405404,0.066,472698.12209600245,0.10061798482268898,200577.0,0.10800000000000001,12,63,36,0.10810810810810811,0.5675675675675675,0.32432432432432434,1.2901160067524147,1.653753762121367,2.0514311886739462,0,0.0,0,0.0,5,0.17683882565766149,16,0.20371832715762603,36,0.11459155902616464,11,0,0,5,0.009936039937174295,0.9054408377186236,0.009936039937174295,0.5292757376483903,78,24.82817112233567,682,24.120815819705026,1259,16.030085868215696,0.03434072156320628,2.95136367328494,0.4081746680612576,1.3144243389578025,3.6808214165446302,1.2964531019911223,0,0,0,0,0,0,0,0.0,0.0,0.0,0.0,0.0,0.0,0.0,32793,319.834765305665,1.4488061734316446,0.3,1,3,1,5,6,7,2,15
r0035c0054,Lumban,0,0.03623597530758849,279073.24,0.09394,50,12,2.072679245629898,0,0.0,,,,,,,,,,0,0,0,,,,2,0.6366197723675814,39513.0,39513.0,79026.0,0.0245,0.0245,38685.81199871602,0.019091883092036785,27355.0,0.013500000000000002,0,0,2,0.0,0.0,1.0,21,0.7427230677621782,281633.95238095237,142046.0,5914313.0,0.08680952380952381,0.082,362483.05705390923,0.06259442391109535,291682.0,0.11800000000000002,2,10,9,0.09523809523809523,0.47619047619047616,0.42857142857142855,50,0.6366197723675814,279073.24,132873.0,13953662.0,0.09394,0.063,400003.28534510813,0.08491950810704721,292264.0,0.09475,6,28,16,0.12,0.56,0.32,114,0.3628732702495214,314991.1403508772,142019.0,35908990.0,0.10379824561403507,0.082,553208.2373013836,0.1108973199501058,293644.75,0.10025,13,64,37,0.11403508771929824,0.5614035087719298,0.32456140350877194,2.072679245629898,2.0933824529717047,2.19205453869522,0,0.0,0,0.0,5,0.17683882565766149,12,0.15278874536821951,35,0.11140846016432673,6,2,0,4,0.08345742224902745,0.6671750037480098,0.5425609999046977,0.08345742224902745,25,7.957747154594767,113,3.99655745986315,597,7.601240082068921,0.09238608369549878,5.0437692166189825,0.43383837530865066,4.069019821718087,1.8308767799832693,0.8928629102315624,0,3,0,0,0,2,5,0.0,3.0,0.0,0.0,0.0,2.0,5.0,32793,319.834765305665,1.4096668078654648,0.3382352941176471,1,3,1,5,7,7,4,18
r0035c0055,Cavinti,1,0.1565884350496622,316824.72340425535,0.09361702127659575,47,12,1.9546314644961864,0,0.0,,,,,,,,,,0,0,0,,,,7,2.228169203286535,135115.57142857142,64860.0,945809.0,0.054,0.038,138010.75875556123,0.04458325545164538,164410.0,0.04950000000000001,0,3,4,0.0,0.42857142857142855,0.5714285714285714,19,0.6719875374991137,357917.7894736842,122527.0,6800438.0,0.07757894736842105,0.055,430569.16876148153,0.06651676128739088,413174.5,0.11500000000000002,3,7,9,0.15789473684210525,0.3684210526315789,0.47368421052631576,47,0.5984225860255264,316824.72340425535,122527.0,14890762.0,0.09361702127659575,0.06,449692.372037756,0.08848177242688962,299848.0,0.0985,7,24,16,0.14893617021276595,0.5106382978723404,0.3404255319148936,109,0.34695777594033184,319046.2110091743,122809.0,34776037.0,0.09696330275229358,0.06,562317.2876556352,0.10945952461860761,294299.0,0.10200000000000001,13,57,39,0.11926605504587157,0.5229357798165137,0.3577981651376147,1.9546314644961864,2.1515710832872297,2.3469600718212047,0,0.0,0,0.0,7,0.24757435592072607,12,0.15278874536821951,32,0.10185916357881301,6,4,0,2,0.16173065060622974,0.3488596205944196,0.16173065060622974,0.2147380311948607,33,10.504226244065093,132,4.668544997362264,491,6.251606164649648,0.0693728170191413,5.739068845151168,0.2380203118616166,4.120870558959333,2.0895944397699022,0.3313635912117201,0,1,1,1,1,2,6,0.0,1.0,1.0,1.0,1.0,2.0,6.0,24740,192.37021408415063,2.192908872622334,0.3787878787878788,3,1,1,5,7,5,4,16
r0035c0056,Cavinti,1,0.07978768587288312,264033.5,0.08551724137931035,58,12,1.7322854353738937,0,0.0,,,,,,,,,,0,0,0,,,,9,2.864788975654116,296808.77777777775,156661.0,2671279.0,0.10511111111111111,0.126,323351.7778738729,0.07108172135725971,199210.0,0.11800000000000002,1,5,3,0.1111111111111111,0.5555555555555556,0.3333333333333333,25,0.8841941282883075,354307.52,179860.0,8857688.0,0.09260000000000002,0.11,397400.0005374644,0.06464840807527024,481521.0,0.11800000000000002,3,13,9,0.12,0.52,0.36,58,0.7384789359463944,264033.5,106242.5,15313943.0,0.08551724137931035,0.058,355840.2879381472,0.07227681712700752,293644.75,0.10850000000000001,6,31,21,0.10344827586206896,0.5344827586206896,0.3620689655172414,110,0.3501408748021697,325312.84545454546,142019.0,35784413.0,0.09955454545454546,0.06,560854.5817680747,0.10903459482686009,293644.75,0.10550000000000001,13,59,38,0.11818181818181818,0.5363636363636364,0.34545454545454546,1.7322854353738937,1.917394018688195,2.2333076201441355,0,0.0,0,0.0,4,0.1414710605261292,12,0.15278874536821951,32,0.10185916357881301,6,4,0,2,0.2912395911390044,0.4804803744031122,0.2912395911390044,0.7372610513853135,31,9.867606471697512,143,5.057590413809119,511,6.506254073596681,0.10114515166148777,6.534315254543812,0.4390202201868195,4.00671096819787,1.4391718909269484,1.1956223440200497,0,8,0,4,0,3,15,0.0,8.0,0.0,4.0,0.0,3.0,15.0,24740,192.37021408415063,2.4137255911407505,0.3384615384615385,3,1,2,6,8,4,4,16
r0035c0057,Cavinti,0,0.05998349395074293,258423.59016393442,0.08244262295081968,61,11,2.1220043932912835,0,0.0,,,,,,,,,,0,0,0,,,,3,0.954929658551372,633436.6666666666,876816.0,1900310.0,0.115,0.115,548917.9327015409,0.11,506839.0,0.11000000000000001,1,1,1,0.3333333333333333,0.3333333333333333,0.3333333333333333,32,1.1317684842090336,336911.5,189091.5,10781168.0,0.1076875,0.111,381113.57745859737,0.08161492490802118,302403.5,0.10200000000000001,5,19,8,0.15625,0.59375,0.25,61,0.7766761222884493,258423.59016393442,101781.0,15763839.0,0.08244262295081968,0.058,354543.107622161,0.07240684235396633,307906.0,0.11200000000000002,6,31,24,0.09836065573770492,0.5081967213114754,0.39344262295081966,106,0.3374084793548181,292369.320754717,132846.0,30991148.0,0.09341509433962264,0.06,453182.4813441584,0.0919997792879887,267471.75,0.09825,12,57,37,0.11320754716981132,0.5377358490566038,0.3490566037735849,2.1220043932912835,2.145870232102534,2.3255433280115354,0,0.0,0,0.0,5,0.17683882565766149,11,0.1400563499208679,30,0.0954929658551372,6,4,0,1,0.041588878364544044,0.041588878364544044,0.09763966900890662,0.8227047613944698,50,15.915494309189533,228,8.063850449989364,506,6.442592096359923,0.005484935808007292,7.358967956663641,0.3211548128717516,4.3494350164982825,0.8712753069840476,2.1754909873058,0,5,0,0,0,0,5,0.0,5.0,0.0,0.0,0.0,0.0,5.0,24740,192.37021408415063,2.674773770955701,0.296875,3,3,2,8,8,5,5,18
r0035c0058,Cavinti,2,0.26781088862469327,317840.2909090909,0.09400000000000001,55,7,2.3241611400196573,0,0.0,,,,,,,,,,0,0,0,,,,1,0.3183098861837907,4908.0,4908.0,4908.0,0.005,0.005,,,0.0,0.0,0,0,1,0.0,0.0,1.0,29,1.0256651888144366,324492.5172413793,179860.0,9410283.0,0.1033793103448276,0.082,377864.67683896545,0.08500437543070669,319063.0,0.099,5,16,8,0.1724137931034483,0.5517241379310345,0.27586206896551724,55,0.7002817496043394,317840.2909090909,142046.0,17481216.0,0.09400000000000001,0.058,494613.18007403606,0.10031875124747046,314572.5,0.11800000000000002,7,27,21,0.12727272727272726,0.4909090909090909,0.38181818181818183,103,0.32785918276930437,276731.0485436893,123700.0,28503298.0,0.09174757281553397,0.06,435203.2285982726,0.09191819876204527,265771.5,0.099,11,56,36,0.10679611650485436,0.5436893203883495,0.34951456310679613,2.3241611400196573,2.4754625990217822,2.761059140189002,0,0.0,0,0.0,4,0.1414710605261292,7,0.08912676813146139,23,0.07321127382227186,3,4,0,0,0.0832697229385181,0.47990853793019894,0.0832697229385181,0.27836023124279585,53,16.870423967740905,264,9.337089994724527,376,4.787380688204212,0.047655646799000306,8.378237593987134,0.08748211369006986,5.337020276764006,1.2982905415598993,2.7661006152257963,0,8,0,1,0,5,14,0.0,8.0,0.0,1.0,0.0,5.0,14.0,24740,192.37021408415063,2.245383702859833,0.25,3,2,2,7,7,3,4,14
r0036c0007,Biñan,0,0.004690054076781805,164718.05992509364,0.19021348314606742,267,2,1.3899304697464137,0,0.0,,,,,,,,,,0,0,0,,,,1,0.3183098861837907,95080.0,95080.0,95080.0,0.132,0.132,,,0.0,0.0,0,1,0,0.0,1.0,0.0,95,3.3599376874955684,170776.23157894737,105236.0,16223742.0,0.1827263157894737,0.151,209065.4450303374,0.15798555294206446,167113.5,0.1975,26,45,24,0.2736842105263158,0.47368421052631576,0.25263157894736843,267,3.3995495844428842,164718.05992509364,106798.0,43979722.0,0.19021348314606742,0.148,180418.40703313044,0.16566329235549646,181720.0,0.21300000000000002,78,127,62,0.29213483146067415,0.4756554307116105,0.23220973782771537,483,1.5374367502677089,167080.9440993789,101443.0,80700096.0,0.17468530020703926,0.132,231068.72122817455,0.15659173444978058,177827.5,0.195,128,232,123,0.2650103519668737,0.4803312629399586,0.2546583850931677,1.3899304697464137,3.18410525762436,4.762236007360782,0,0.0,0,0.0,2,0.0707355302630646,2,0.025464790894703253,10,0.03183098861837907,1,0,0,1,0.009678935416504154,0.18723715546635442,0.009678935416504154,0.38986399928323495,421,134.0084620833759,3443,121.7712153478657,8423,107.24496685304275,0.009678935416504154,6.343981496556684,1.4912822086207047,3.2692432650049916,1.6144297180172065,2.9550239235414306,0,3,1,6,0,1,11,0.0,3.0,1.0,6.0,0.0,1.0,11.0,584479,9252.517460032008,0.9985428143961712,1.0,2,4,3,9,4,13,8,25
r0036c0009,Biñan,1,0.15918714120897628,179015.92760180996,0.18702714932126696,221,3,0.9227369643400305,0,0.0,,,,,,,,,,0,0,0,,,,13,4.138028520389279,245544.3076923077,101615.0,3192076.0,0.1964615384615385,0.107,349912.2516866156,0.22940016542591227,161562.0,0.13699999999999998,3,6,4,0.23076923076923078,0.46153846153846156,0.3076923076923077,167,5.9064167769658935,170589.82035928144,101282.0,28488500.0,0.18784431137724553,0.137,200264.57987481813,0.17642896710662934,187949.0,0.22300000000000003,47,74,46,0.281437125748503,0.4431137724550898,0.2754491017964072,221,2.8138593938647096,179015.92760180996,105236.0,39562520.0,0.18702714932126696,0.142,221228.18257609496,0.1709315364953316,189291.0,0.21700000000000003,67,97,57,0.3031674208144796,0.43891402714932126,0.2579185520361991,488,1.5533522445768986,167585.22540983607,101529.0,81781590.0,0.17455942622950815,0.132,230953.2190870432,0.15702026626439,179091.75,0.19924999999999998,130,232,126,0.26639344262295084,0.47540983606557374,0.2581967213114754,0.9227369643400305,2.315862326565887,3.8896969063159146,0,0.0,1,0.3183098861837907,2,0.0707355302630646,3,0.03819718634205488,10,0.03183098861837907,2,0,0,1,0.0029955679598792405,0.0029955679598792405,0.02920943164160031,0.527995437160936,396,126.0507149287811,4448,157.31581930505567,10995,139.99268794363113,0.09410412365479429,4.633831288202845,0.346589716113252,3.5762984862272447,1.8860575700746136,1.2077904273894702,0,2,2,0,0,0,4,0.0,2.0,2.0,0.0,0.0,0.0,4.0,584479,9252.517460032008,0.8501341510822761,1.0,5,9,4,18,10,17,13,40
r0036c0010,Santa Rosa,1,0.12037983888797255,205753.4398148148,0.19282870370370372,216,3,1.747011977516232,0,0.0,,,,,,,,,,0,0,0,,,,73,23.23662169141672,132929.64383561644,92127.0,9703864.0,0.16891780821917807,0.132,174009.11230013933,0.15093401367491116,123373.0,0.187,16,37,20,0.2191780821917808,0.5068493150684932,0.273972602739726,163,5.764945716439764,160199.25766871165,101282.0,26112479.0,0.1824969325153374,0.142,204852.00107709767,0.16377892258883503,171905.5,0.193,42,81,40,0.25766871165644173,0.49693251533742333,0.24539877300613497,216,2.7501974166279513,205753.4398148148,108526.0,44442743.0,0.19282870370370372,0.152,300642.33424108993,0.1688157749439895,197634.75,0.22025000000000003,70,95,51,0.32407407407407407,0.4398148148148148,0.2361111111111111,481,1.5310705525440331,165325.2162162162,101282.0,79521429.0,0.17541787941787937,0.134,229312.28360680945,0.15634219284311499,171604.0,0.198,127,232,122,0.26403326403326405,0.48232848232848236,0.25363825363825365,1.747011977516232,2.531301557159942,3.835107578208183,0,0.0,0,0.0,2,0.0707355302630646,3,0.03819718634205488,10,0.03183098861837907,2,0,0,1,0.019075819588394084,0.04590156017381129,0.019075819588394084,0.16359389809289096,571,181.75494501094448,4816,170.33115687345955,10937,139.25420900768475,0.019075819588394084,3.7722710818951426,0.6571127566679738,3.0537264254605705,0.9823615720960777,0.6337317194952727,20,26,15,8,0,7,76,20.0,26.0,15.0,8.0,0.0,7.0,76.0,430920,4805.966685296433,0.9985580988471908,1.0,5,9,5,19,9,15,15,39
r0036c0011,Santa Rosa,0,0.016497250201865425,205654.17488789238,0.19169058295964125,223,3,2.69793130610159,0,0.0,,,,,,,,,,0,0,0,,,,8,2.5464790894703255,177302.375,48153.0,1418419.0,0.170875,0.10250000000000001,258375.50355189716,0.17613098818776896,174993.75,0.2205,2,3,3,0.25,0.375,0.375,176,6.224726663149685,161478.0965909091,101362.5,28420145.0,0.18251136363636364,0.142,205501.369518681,0.16598901817844505,178649.75,0.21700000000000003,48,82,46,0.2727272727272727,0.4659090909090909,0.26136363636363635,223,2.8393241847594126,205654.17488789238,109643.0,45860881.0,0.19169058295964125,0.151,297794.9938664664,0.16927531881396216,196144.0,0.22050000000000003,72,97,54,0.32286995515695066,0.4349775784753363,0.242152466367713,431,1.3719156094521379,169649.19025522043,101615.0,73118801.0,0.1747540603248259,0.132,238226.89153683564,0.1567429381992563,169845.5,0.195,114,208,109,0.26450116009280744,0.48259860788863107,0.2529002320185615,2.69793130610159,3.0126551033776408,4.0617218017814745,0,0.0,0,0.0,2,0.0707355302630646,3,0.03819718634205488,10,0.03183098861837907,2,0,0,1,0.015691502745429207,0.4450503187705933,0.015691502745429207,0.018980667134026057,635,202.12677772670708,4964,175.56558611292633,10405,132.48057462969368,0.015691502745429207,2.8960965694705676,1.0866811030926464,2.3610732799108853,0.32634313987183516,1.084899764789704,10,26,11,11,0,10,68,10.0,26.0,11.0,11.0,0.0,10.0,68.0,430920,4805.966685296433,0.838121522216576,1.0,4,11,5,20,9,16,14,39
r0036c0012,Santa Rosa,1,0.11435205601877838,202635.37037037036,0.19338888888888892,216,3,3.478634021660738,0,0.0,,,,,,,,,,0,0,0,,,,4,1.2732395447351628,359933.75,416190.0,1439735.0,0.26725,0.3015,286150.27916157973,0.20681614218108477,411804.75,0.30274999999999996,2,1,1,0.5,0.25,0.25,170,6.01252007236049,193660.6294117647,101886.0,32922307.0,0.17902352941176472,0.1395,311692.11511442956,0.16127454459099141,190411.5,0.21625,48,75,47,0.2823529411764706,0.4411764705882353,0.27647058823529413,216,2.7501974166279513,202635.37037037036,107103.5,43769240.0,0.19338888888888892,0.151,298486.9848836806,0.1713956300945385,198952.25,0.22475000000000003,70,93,53,0.32407407407407407,0.4305555555555556,0.24537037037037038,414,1.3178029288008934,171817.43236714977,101886.0,71132417.0,0.17475603864734296,0.132,241101.66013383656,0.15714659308713755,175746.5,0.20175000000000004,111,195,108,0.26811594202898553,0.47101449275362317,0.2608695652173913,3.478634021660738,3.6524004571157023,4.453276237032967,0,0.0,0,0.0,0,0.0,3,0.03819718634205488,10,0.03183098861837907,2,0,0,1,0.0050682469340910885,0.029453029844125542,0.0050682469340910885,0.2487155361798061,737,234.59438611745372,4591,162.3734097188648,9418,119.91370032315763,0.0050682469340910885,2.008474863952304,1.3663957926664563,1.4986888274432058,1.082229989505248,1.9446586321739687,1,12,2,2,0,8,25,1.0,12.0,2.0,2.0,0.0,8.0,25.0,430920,4805.966685296433,0.9985631444030197,1.0,5,10,6,21,9,14,12,35
r0036c0013,Santa Rosa,1,0.17077959061987097,191509.2,0.18338048780487806,205,3,4.1596240702732485,0,0.0,,,,,,,,,,0,0,0,,,,4,1.2732395447351628,238218.5,123969.0,952874.0,0.17525,0.1765,287608.29106906266,0.07941190087134296,174788.5,0.09325,1,3,0,0.25,0.75,0.0,45,1.5915494309189535,280847.3777777778,76960.0,12638132.0,0.15584444444444445,0.099,525080.8650243698,0.14712146428215447,179482.0,0.214,15,13,17,0.3333333333333333,0.28888888888888886,0.37777777777777777,205,2.6101410667070835,191509.2,102610.0,39259386.0,0.18338048780487806,0.145,294707.79888995603,0.1601663400348308,188949.0,0.21400000000000002,62,92,51,0.3024390243902439,0.44878048780487806,0.24878048780487805,402,1.2796057424588385,170915.76865671642,102383.5,68708139.0,0.175094527363184,0.137,239680.35764435807,0.1545449148085034,168403.25,0.19875000000000004,108,194,100,0.26865671641791045,0.48258706467661694,0.24875621890547264,4.1596240702732485,4.4040839478289255,4.981208711619897,0,0.0,0,0.0,0,0.0,3,0.03819718634205488,11,0.03501408748021698,2,0,0,1,0.046994411728601214,0.2751672414375483,0.046994411728601214,0.5152778605681968,642,204.35494692999362,3927,138.88921367152733,8327,106.022656890097,0.046994411728601214,1.1701332299291518,0.9582819832385627,0.9548423385354974,1.0626339014959407,1.2674169943776623,0,3,0,5,0,5,13,0.0,3.0,0.0,5.0,0.0,5.0,13.0,430920,4805.966685296433,0.9985681653304753,1.0,6,7,5,18,7,13,10,30
r0036c0014,Cabuyao,2,0.3207446221549617,193249.47524752477,0.1863960396039604,202,1,4.766899041190414,0,0.0,,,,,,,,,,0,0,0,,,,0,0.0,,,,,,,,,,0,0,0,,,,24,0.8488263631567752,427973.3333333333,105717.5,10271360.0,0.19929166666666667,0.2,668656.0102567633,0.14192664338118222,557635.0,0.18724999999999997,11,9,4,0.4583333333333333,0.375,0.16666666666666666,202,2.5719438803650285,193249.47524752477,109058.5,39036394.0,0.1863960396039604,0.151,293995.26817819034,0.15972476819916512,186887.0,0.22125,62,91,49,0.3069306930693069,0.4504950495049505,0.24257425742574257,374,1.1904789743273771,174515.9973262032,104678.5,65268983.0,0.17806417112299464,0.14,244547.3159582265,0.1548715151974449,173082.75,0.197,102,184,88,0.2727272727272727,0.4919786096256685,0.23529411764705882,4.766899041190414,5.237106964338181,5.604765610339494,0,0.0,0,0.0,0,0.0,1,0.012732395447351627,11,0.03501408748021698,1,0,0,0,0.06407891094421346,0.22028837420376124,0.06407891094421346,0.5976730819394723,307,97.72113505842374,3097,109.53396861235552,6984,88.92304980430376,0.023716216869091124,0.5865808212303953,0.9101511259541065,1.2210182508534615,1.1460236194118822,0.2705858661938473,3,6,0,1,2,5,17,3.0,6.0,0.0,1.0,2.0,5.0,17.0,365202,4604.861709428774,0.9608922688938675,1.0,5,4,4,13,6,15,7,28
r0037c0011,Santa Rosa,1,0.21471112469257536,201748.33181818182,0.18845454545454546,220,3,2.779208546275883,1,1.2732395447351628,12046.0,12046.0,12046.0,0.022,0.022,,,0.0,0.0,0,0,1,0.0,0.0,1.0,2,0.6366197723675814,44503.0,44503.0,89006.0,0.11349999999999999,0.11349999999999999,45901.129593943544,0.12940054095713818,32457.0,0.0915,0,1,1,0.0,0.5,0.5,175,6.189358898018152,165724.19428571427,102157.0,29001734.0,0.18290857142857142,0.145,207185.9379687085,0.16313062492425306,185816.0,0.21400000000000002,49,82,44,0.28,0.4685714285714286,0.25142857142857145,220,2.8011269984173577,201748.33181818182,107103.5,44384633.0,0.18845454545454546,0.1465,297589.27792657784,0.16872836976819466,194284.0,0.21400000000000002,69,96,55,0.31363636363636366,0.43636363636363634,0.25,408,1.298704335629866,171084.3112745098,102383.5,69802399.0,0.1766715686274509,0.137,240713.59894279714,0.15759617780411753,175745.75,0.20075,110,196,102,0.2696078431372549,0.4803921568627451,0.25,2.779208546275883,3.0342439066770743,4.40922053737966,0,0.0,0,0.0,2,0.0707355302630646,3,0.03819718634205488,10,0.03183098861837907,2,0,0,1,0.032091170519412904,0.05217459855807101,0.032091170519412904,0.051415812572633675,536,170.6140989945118,5169,182.81597796489044,10111,128.7372503681723,0.0012746777763586068,2.5237397455520076,0.3452813834660579,1.856384291916241,0.2591085110241527,1.752967490715801,16,44,16,3,0,27,106,16.0,44.0,16.0,3.0,0.0,27.0,106.0,430920,4805.966685296433,0.838121522216576,1.0,4,11,5,20,11,15,14,40
r0037c0013,Santa Rosa,0,0.06439937926410398,192532.60098522168,0.18550246305418722,203,3,3.3240605987311693,0,0.0,,,,,,,,,,0,0,0,,,,4,1.2732395447351628,99992.5,75701.0,399970.0,0.10200000000000001,0.11349999999999999,101995.14483052613,0.07107273269920986,111285.5,0.087,0,3,1,0.0,0.75,0.25,54,1.909859317102744,242154.2962962963,123969.0,13076332.0,0.2260925925925926,0.1875,303156.3036581693,0.18574686249093714,213941.75,0.20750000000000002,23,19,12,0.42592592592592593,0.35185185185185186,0.2222222222222222,203,2.58467627581238,192532.60098522168,102610.0,39084118.0,0.18550246305418722,0.145,295356.11887116375,0.16375048558265956,185900.0,0.21250000000000002,61,92,50,0.30049261083743845,0.45320197044334976,0.24630541871921183,402,1.2796057424588385,174308.16915422885,103170.5,70071884.0,0.1773980099502487,0.137,243747.43061419885,0.1570280270932165,178298.75,0.2,109,193,100,0.27114427860696516,0.48009950248756217,0.24875621890547264,3.3240605987311693,4.367091110147869,5.347329281894458,0,0.0,0,0.0,0,0.0,3,0.03819718634205488,10,0.03183098861837907,2,0,0,1,0.00702058247192797,0.4531692074035101,0.00702058247192797,0.14939649908713012,776,247.00847167862156,3770,133.33647454587677,7784,99.10896616218507,0.007233535326642645,0.6686268621369386,0.6013011650285576,1.5971296914058213,1.6633098416296646,1.4407796449663182,0,1,0,4,0,7,12,0.0,1.0,0.0,4.0,0.0,7.0,12.0,430920,4805.966685296433,0.9985683656047174,1.0,4,7,4,15,6,14,10,30
r0037c0050,Lumban,1,0.10776983216223096,286184.57692307694,0.0888846153846154,26,11,0.7326715599029577,0,0.0,,,,,,,,,,0,0,0,,,,0,0.0,,,,,,,,,,0,0,0,,,,10,0.35367765131532297,299631.8,85859.5,2996318.0,0.10230000000000002,0.07,611300.4802649658,0.1175273490630065,179092.0,0.06625,1,6,3,0.1,0.6,0.3,26,0.3310422816311423,286184.57692307694,71581.0,7440799.0,0.0888846153846154,0.053500000000000006,529500.5819664544,0.09257746029053808,142883.5,0.08175,3,11,12,0.11538461538461539,0.4230769230769231,0.46153846153846156,97,0.30876058959827696,283220.4639175258,114950.0,27472385.0,0.1101340206185567,0.082,523650.0163819872,0.10855208320452094,258946.0,0.10200000000000001,12,55,30,0.12371134020618557,0.5670103092783505,0.30927835051546393,0.7326715599029577,1.5176986510720951,2.064909626793622,0,0.0,2,0.6366197723675814,7,0.24757435592072607,11,0.1400563499208679,31,0.09867606471697511,8,0,0,3,0.07064672837508362,0.07064672837508362,0.23698231012541598,0.49976341129558915,155,49.33803235848755,458,16.19843643024179,978,12.45228274750989,0.07064672837508362,1.4600680765009562,0.7611046543371456,0.488426089675965,3.3634630457965105,0.7830536338534508,0,9,1,0,0,5,15,0.0,9.0,1.0,0.0,0.0,5.0,15.0,32793,319.834765305665,0.9987404515720376,0.423728813559322,1,2,1,4,3,4,3,10
r0037c0051,Lumban,1,0.10882326847130719,220440.65789473685,0.08326315789473684,38,13,1.5935550859261403,0,0.0,,,,,,,,,,0,0,0,,,,0,0.0,,,,,,,,,,0,0,0,,,,6,0.2122065907891938,654481.1666666666,227128.0,3926887.0,0.14433333333333334,0.1275,852696.803054032,0.14308412443966892,1102110.0,0.08050000000000002,2,2,2,0.3333333333333333,0.3333333333333333,0.3333333333333333,38,0.4838310269993618,220440.65789473685,85859.5,8376745.0,0.08326315789473684,0.058,398879.16236104985,0.07686586569262782,137475.25,0.09475,2,19,17,0.05263157894736842,0.5,0.4473684210526316,101,0.32149298504562857,277888.31683168316,110704.0,28066720.0,0.10725742574257424,0.082,516472.81197420123,0.10740853350319483,259499.0,0.10200000000000001,12,57,32,0.1188118811881188,0.5643564356435643,0.31683168316831684,1.5935550859261403,1.8828392566892767,2.1037286483035738,0,0.0,0,0.0,7,0.24757435592072607,13,0.16552114081557115,32,0.10185916357881301,10,0,0,3,0.1656253416618384,0.4079766950102646,0.1656253416618384,0.17588790259627418,22,7.002817496043395,487,17.224101619056228,935,11.90478974327377,0.1656253416618384,1.80322620404454,1.4563065158249546,1.412033153172232,2.3779594182140595,1.5737886581075948,1,0,0,0,0,0,1,1.0,0.0,0.0,0.0,0.0,0.0,1.0,32793,319.834765305665,0.9987445114360896,0.46774193548387094,1,3,2,6,3,5,2,10
r0037c0053,Lumban,1,0.08756893995692897,294600.6756756757,0.08986486486486486,37,15,2.5310026111339825,0,0.0,,,,,,,,,,0,0,0,,,,0,0.0,,,,,,,,,,0,0,0,,,,11,0.3890454164468553,445055.54545454547,122809.0,4895611.0,0.111,0.092,661698.2143564185,0.1128769241253499,370453.5,0.1005,2,5,4,0.18181818181818182,0.45454545454545453,0.36363636363636365,37,0.4710986315520102,294600.6756756757,122527.0,10900225.0,0.08986486486486486,0.082,436929.41128904547,0.07685815295513987,261668.0,0.088,4,20,13,0.10810810810810811,0.5405405405405406,0.35135135135135137,103,0.32785918276930437,290933.7378640777,122248.0,29966175.0,0.09927184466019418,0.063,518234.61819404224,0.10567645722330848,260446.5,0.10400000000000001,12,55,36,0.11650485436893204,0.5339805825242718,0.34951456310679613,2.5310026111339825,2.5310026111339825,2.5310026111339825,0,0.0,0,0.0,5,0.17683882565766149,15,0.1909859317102744,30,0.0954929658551372,10,2,0,3,0.0420080693241625,0.0420080693241625,0.042354099612057404,0.08343788345962005,35,11.140846016432674,161,5.6942101861767,819,10.427831871380983,0.14132256625370335,2.5577152356857047,0.13448689354121213,2.797558281195504,0.7527042464949356,0.8127042772688021,0,0,0,9,1,4,14,0.0,0.0,0.0,9.0,1.0,4.0,14.0,32793,319.834765305665,0.6849965266274798,0.5238095238095238,2,3,1,6,3,5,2,10
r0037c0054,Lumban,2,0.3589852052676939,365442.5294117647,0.09747058823529411,34,16,3.0474850603601173,0,0.0,,,,,,,,,,0,0,0,,,,1,0.3183098861837907,546381.0,546381.0,546381.0,0.148,0.148,,,0.0,0.0,0,1,0,0.0,1.0,0.0,19,0.6719875374991137,204791.63157894736,142046.0,3891041.0,0.079,0.082,207050.1288548287,0.05470831746635973,251132.5,0.11250000000000002,0,11,8,0.0,0.5789473684210527,0.42105263157894735,34,0.4329014452099553,365442.5294117647,177492.0,12425046.0,0.09747058823529411,0.1015,478236.73704730236,0.07987271514031508,311840.25,0.09825,4,18,12,0.11764705882352941,0.5294117647058824,0.35294117647058826,105,0.33422538049298023,300409.89523809525,110704.0,31543039.0,0.09989523809523809,0.06,561623.9085909018,0.1146373817915836,262173.0,0.10700000000000001,12,54,39,0.11428571428571428,0.5142857142857142,0.37142857142857144,3.0474850603601173,3.095454290602289,3.1338296747960266,0,0.0,0,0.0,0,0.0,16,0.20371832715762603,26,0.08276057040778557,10,3,0,3,0.01047591079645651,0.21510762087614863,0.01047591079645651,0.2293963765749487,26,8.276057040778557,119,4.208764050652343,708,9.014535976724952,0.10785173755201312,3.504379511552931,0.24086997471662863,2.6264417965321933,0.5540942664032251,0.24509393313230063,0,0,0,4,4,5,13,0.0,0.0,0.0,4.0,4.0,5.0,13.0,32793,319.834765305665,1.0107089485867677,0.5714285714285714,2,3,0,5,3,6,2,11
r0037c0059,Lumban,2,0.2679586341739954,271839.17647058825,0.09867647058823531,34,4,1.3690647060911614,0,0.0,,,,,,,,,,0,0,0,,,,0,0.0,,,,,,,,,,0,0,0,,,,5,0.17683882565766149,616249.6,641637.0,3081248.0,0.10899999999999999,0.115,453376.79687463056,0.06454068484297328,677329.0,0.024000000000000007,1,3,1,0.2,0.6,0.2,34,0.4329014452099553,271839.17647058825,159002.5,9242532.0,0.09867647058823531,0.07250000000000001,296176.33962960675,0.08208189575910269,299819.5,0.1005,4,20,10,0.11764705882352941,0.5882352941176471,0.29411764705882354,87,0.2769296009798979,293203.8620689655,151356.0,25508736.0,0.09240229885057472,0.06,443133.25564004283,0.09307691989913316,296918.5,0.1015,9,48,30,0.10344827586206896,0.5517241379310345,0.3448275862068966,1.3690647060911614,2.0260601685196833,3.272352682163075,0,0.0,0,0.0,3,0.1061032953945969,4,0.05092958178940651,21,0.06684507609859604,0,4,0,0,0.27536417518745804,1.086419708278186,0.27536417518745804,0.4701049019411945,10,3.183098861837907,203,7.1796563217010565,362,4.609127151941289,0.02277087101899065,8.563348146534356,0.07945572580337946,6.170227103169652,2.5589658448519175,4.619212401798629,0,0,0,0,0,1,1,0.0,0.0,0.0,0.0,0.0,1.0,1.0,32793,319.834765305665,0.7847856248809024,0.42028985507246375,0,0,1,1,4,3,2,9
r0038c0007,Biñan,1,0.16220869020009876,162156.26279863482,0.1853515358361775,293,3,2.7107451579018336,0,0.0,,,,,,,,,,0,0,0,,,,1,0.3183098861837907,945804.0,945804.0,945804.0,0.299,0.299,,,0.0,0.0,1,0,0,1.0,0.0,0.0,13,0.45978094670991987,208161.61538461538,128271.0,2706101.0,0.1489230769230769,0.137,256257.90040716744,0.11013208852590113,174679.0,0.225,4,5,4,0.3076923076923077,0.38461538461538464,0.3076923076923077,293,3.7305918660740267,162156.26279863482,101615.0,47511785.0,0.1853515358361775,0.137,183542.7561549106,0.1672850367892838,180694.0,0.21400000000000002,82,138,73,0.27986348122866894,0.4709897610921502,0.24914675767918087,398,1.2668733470114868,171787.0929648241,101253.0,68371263.0,0.17718090452261304,0.132,243135.9949668452,0.15928222955520338,177347.25,0.20449999999999996,108,190,100,0.271356783919598,0.47738693467336685,0.25125628140703515,2.7107451579018336,3.780669783518391,5.754627537562112,0,0.0,0,0.0,1,0.0353677651315323,3,0.03819718634205488,10,0.03183098861837907,2,0,0,1,0.0008073407817107163,0.4799163546182477,0.0008073407817107163,0.09312850073291443,408,129.8704335629866,2857,101.04570498078778,9565,121.78536245391831,0.0026113018771894573,4.874870511176659,1.505863976701941,4.08035663290152,1.3017510420152951,1.7515591160901516,1,16,1,4,0,4,26,1.0,16.0,1.0,4.0,0.0,4.0,26.0,584479,9252.517460032008,0.905845188488262,1.0,1,3,3,7,8,15,8,31
r0038c0008,Biñan,2,0.39623720105605087,155579.82371794872,0.17627884615384617,312,3,2.4914732044576064,0,0.0,,,,,,,,,,0,0,0,,,,1,0.3183098861837907,827124.0,827124.0,827124.0,0.186,0.186,,,0.0,0.0,1,0,0,1.0,0.0,0.0,73,2.581846854601858,191072.57534246575,114162.0,13948298.0,0.21865753424657536,0.156,188203.56473517042,0.19904705049435495,204178.0,0.238,27,28,18,0.3698630136986301,0.3835616438356164,0.2465753424657534,312,3.9725073795737074,155579.82371794872,101253.0,48540905.0,0.17627884615384617,0.132,172385.06989920008,0.15949285321392018,170812.25,0.189,80,154,78,0.2564102564102564,0.4935897435897436,0.25,401,1.2764226435970005,171540.65336658354,101615.0,68787802.0,0.17704488778054858,0.132,241320.63768070488,0.15882891103338168,176453.0,0.2,109,192,100,0.2718204488778055,0.47880299251870323,0.24937655860349128,2.4914732044576064,3.298860920521195,5.318866867481927,0,0.0,0,0.0,1,0.0353677651315323,3,0.03819718634205488,10,0.03183098861837907,2,0,0,1,0.02848897654266515,0.057658285319308784,0.02848897654266515,0.3256540659803214,564,179.52677580765794,3631,128.42035519259377,10666,135.80372984145245,0.02848897654266515,4.147756718448509,0.7772664003966652,3.626438028782805,0.3198055374068466,1.05398020654188,7,7,3,2,0,2,21,7.0,7.0,3.0,2.0,0.0,2.0,21.0,584479,9252.517460032008,0.9985474311716216,1.0,1,6,3,10,9,19,6,34
r0038c0010,Santa Rosa,2,0.23103601842589777,170435.91133004928,0.16996551724137932,203,3,2.0307929631562693,0,0.0,,,,,,,,,,0,0,0,,,,9,2.864788975654116,249304.11111111112,237571.0,2243737.0,0.2833333333333334,0.29,188631.26569410783,0.22506110281432462,76569.0,0.197,5,3,1,0.5555555555555556,0.3333333333333333,0.1111111111111111,140,4.951487118414522,162665.0642857143,101388.5,22773109.0,0.17774285714285715,0.137,201526.65913354544,0.15908639214099954,169202.0,0.196,38,67,35,0.2714285714285714,0.4785714285714286,0.25,203,2.58467627581238,170435.91133004928,99737.0,34598490.0,0.16996551724137932,0.126,223702.09453746188,0.15853632432911266,169178.0,0.1825,51,100,52,0.2512315270935961,0.49261083743842365,0.2561576354679803,379,1.2063944686365666,171140.06332453826,101615.0,64862084.0,0.1710079155672823,0.129,247520.1320277571,0.15206710590749992,169878.5,0.1905,98,186,95,0.25857519788918204,0.49076517150395776,0.25065963060686014,2.0307929631562693,2.897924152102515,4.7656849962823005,0,0.0,0,0.0,2,0.0707355302630646,3,0.03819718634205488,10,0.03183098861837907,2,0,0,1,0.01714463905939402,0.4770895146631688,0.01714463905939402,0.3614119530330655,404,128.59719401825143,5308,187.73209731817343,10146,129.1828842088296,9.3031865176108e-05,3.250414046190991,0.5116023561987374,1.7969434709626433,0.830799951973736,2.0012109080713207,0,1,0,2,0,0,3,0.0,1.0,0.0,2.0,0.0,0.0,3.0,430920,4805.966685296433,0.8121467233215784,1.0,4,11,5,20,11,19,11,41
r0038c0011,Santa Rosa,1,0.1612203079727824,195492.09134615384,0.18070673076923077,208,3,1.744018241864654,0,0.0,,,,,,,,,,0,0,0,,,,30,9.549296585513721,200141.96666666667,168175.5,6004259.0,0.2640666666666666,0.225,167629.69282988095,0.2084140331057443,217781.0,0.29974999999999996,15,8,7,0.5,0.26666666666666666,0.23333333333333334,117,4.138028520389279,180339.97435897434,102157.0,21099777.0,0.20635042735042736,0.153,202515.38824338763,0.18342166025963783,201044.0,0.22199999999999998,39,52,26,0.3333333333333333,0.4444444444444444,0.2222222222222222,208,2.6483382530491384,195492.09134615384,101886.0,40662355.0,0.18070673076923077,0.1395,300306.8141238454,0.161633346492731,182678.25,0.21475000000000002,61,94,53,0.2932692307692308,0.4519230769230769,0.2548076923076923,398,1.2668733470114868,174678.7311557789,102944.0,69522135.0,0.17786683417085422,0.137,245040.74608950518,0.15811056889244895,179420.75,0.20224999999999999,109,191,98,0.27386934673366836,0.4798994974874372,0.24623115577889448,1.744018241864654,3.1779477389669215,4.909010220410353,0,0.0,0,0.0,1,0.0353677651315323,3,0.03819718634205488,10,0.03183098861837907,2,0,0,1,0.08862741631646302,0.16878260689862662,0.08862741631646302,0.6060522546623293,599,190.66762182409062,5078,179.59751133792102,9466,120.52485530463049,0.07730571535385841,2.28176271185902,0.4795425724419517,0.9479488922633216,0.618444787732996,1.2270117004821948,2,12,7,3,0,23,47,2.0,12.0,7.0,3.0,0.0,23.0,47.0,430920,4805.966685296433,1.0001685477215545,1.0,5,9,5,19,11,15,12,38
r0038c0012,Santa Rosa,1,0.18993400896731033,196332.5933014354,0.1821196172248804,209,3,1.9230511698991604,0,0.0,,,,,,,,,,0,0,0,,,,5,1.5915494309189535,199498.0,89783.0,997490.0,0.1486,0.099,264053.47699945176,0.2057991739536386,254694.0,0.115,1,2,2,0.2,0.4,0.4,75,2.6525823848649224,213272.45333333334,105351.0,15995434.0,0.20832,0.162,259988.8241286377,0.18313598255970373,221299.0,0.22599999999999998,28,30,17,0.37333333333333335,0.4,0.22666666666666666,209,2.66107064849649,196332.5933014354,102610.0,41033512.0,0.1821196172248804,0.142,299670.46475775196,0.16209387133056483,186324.0,0.21400000000000002,62,94,53,0.2966507177033493,0.44976076555023925,0.2535885167464115,398,1.2668733470114868,174284.55025125627,103758.0,69365251.0,0.17895477386934672,0.137,243937.542042671,0.15846455623162795,180549.25,0.20675000000000004,110,190,98,0.27638190954773867,0.47738693467336685,0.24623115577889448,1.9230511698991604,3.7447700727432207,5.309168648000204,0,0.0,0,0.0,1,0.0353677651315323,3,0.03819718634205488,10,0.03183098861837907,2,0,0,1,0.018565304140370248,0.30820451680275474,0.018565304140370248,0.04929819265530117,889,282.97748881738994,4064,143.73459749454727,8514,108.40361483875175,0.018565304140370248,1.2732533544850804,1.02914569632093,0.6135158623812229,0.39086295327441434,0.5980103149576939,18,55,3,6,0,29,111,18.0,55.0,3.0,6.0,0.0,29.0,111.0,430920,4805.966685296433,0.8894643473395728,1.0,4,8,4,16,8,14,11,33
r0038c0013,Santa Rosa,0,0.007623789872936735,190156.82587064678,0.1844676616915423,201,1,2.519729684981525,0,0.0,,,,,,,,,,0,0,0,,,,2,0.6366197723675814,24117.5,24117.5,48235.0,0.067,0.067,2952.170811453836,0.02121320343559643,2087.5,0.015,0,2,0,0.0,1.0,0.0,65,2.2989047335495996,239659.70769230768,159836.0,15577881.0,0.23033846153846155,0.181,269756.87340054027,0.18916372512679633,254927.0,0.26599999999999996,28,24,13,0.4307692307692308,0.36923076923076925,0.2,201,2.559211484917677,190156.82587064678,102610.0,38221522.0,0.1844676616915423,0.145,293449.94660078664,0.16356341338760627,188154.0,0.21400000000000002,60,91,50,0.29850746268656714,0.4527363184079602,0.24875621890547264,396,1.260507149287811,174691.0126262626,104510.5,69177641.0,0.17990151515151512,0.1385,244401.20446858177,0.1588577993136056,180438.25,0.20875000000000005,110,190,96,0.2777777777777778,0.4797979797979798,0.24242424242424243,2.519729684981525,4.392882564545473,5.748947955225363,0,0.0,0,0.0,1,0.0353677651315323,1,0.012732395447351627,10,0.03183098861837907,1,0,0,0,0.005319455409758382,0.26041799499074836,0.005319455409758382,0.26045019200378694,711,226.31832907667518,3479,123.04445489260087,7326,93.27752904729802,0.004423305771317749,0.3872548161211568,1.3398742692309333,0.6811836509054531,1.2750471924212934,0.443729425193971,23,23,2,8,1,10,67,23.0,23.0,2.0,8.0,1.0,10.0,67.0,430920,4805.966685296433,0.8894643473395728,1.0,3,7,3,13,6,14,11,31
r0039c0010,Santa Rosa,2,0.249198812363516,155050.33073929962,0.16931906614785994,257,3,1.1169117297514044,0,0.0,,,,,,,,,,0,0,0,,,,33,10.504226244065093,212219.30303030304,152254.0,7003237.0,0.24578787878787875,0.18,206989.65403409736,0.1997124116034976,225700.0,0.282,15,11,7,0.45454545454545453,0.3333333333333333,0.21212121212121213,63,2.228169203286535,197687.6984126984,105351.0,12454325.0,0.21069841269841272,0.153,215518.91284096046,0.19454667197894954,212262.5,0.278,24,22,17,0.38095238095238093,0.3492063492063492,0.2698412698412698,257,3.272225629969368,155050.33073929962,99324.0,39847935.0,0.16931906614785994,0.126,193774.71015031709,0.15157952013423354,164862.0,0.184,62,130,65,0.24124513618677043,0.5058365758754864,0.2529182879377432,388,1.2350423583931078,171947.13917525773,101362.5,66715490.0,0.17452835051546386,0.132,245903.29497926653,0.15698497013382576,176009.0,0.19924999999999998,103,186,99,0.2654639175257732,0.4793814432989691,0.2551546391752577,1.1169117297514044,3.3267038745879396,5.494954417926581,0,0.0,0,0.0,1,0.0353677651315323,3,0.03819718634205488,10,0.03183098861837907,2,0,0,1,0.009726897224864878,0.38761033134132045,0.009726897224864878,0.21851985438204244,600,190.9859317102744,4665,164.99062433859817,9633,122.65116534433822,0.009726897224864878,2.245615934234619,0.8942463373239342,1.6796750191824887,0.45719724888089947,1.6191118105693325,36,87,16,10,0,21,170,36.0,87.0,16.0,10.0,0.0,21.0,170.0,430920,4805.966685296433,0.9985522743929007,1.0,3,6,4,13,9,17,6,32
r0039c0011,Santa Rosa,2,0.27236675141050093,162428.29857819906,0.17493838862559244,211,2,0.6048685611342265,0,0.0,,,,,,,,,,0,0,0,,,,44,14.00563499208679,211595.93181818182,190569.0,9310221.0,0.26515909090909096,0.218,170481.36321091247,0.20455680318529348,217946.75,0.26525000000000004,22,14,8,0.5,0.3181818181818182,0.18181818181818182,76,2.6879501499964547,177031.18421052632,103980.5,13454370.0,0.2187631578947368,0.1545,174068.957621797,0.19304685914192285,205304.5,0.26249999999999996,29,31,16,0.3815789473684211,0.40789473684210525,0.21052631578947367,211,2.6865354393911933,162428.29857819906,99737.0,34272371.0,0.17493838862559244,0.126,204430.75549532997,0.16202933595424027,175096.5,0.199,56,100,55,0.26540284360189575,0.47393364928909953,0.26066350710900477,392,1.2477747538404593,173679.61224489796,103758.0,68082408.0,0.1797959183673469,0.137,243488.07421631133,0.15931098183962183,177218.25,0.20650000000000004,108,190,94,0.2755102040816326,0.4846938775510204,0.23979591836734693,0.6048685611342265,3.423931334558734,5.512448980861285,0,0.0,1,0.3183098861837907,1,0.0353677651315323,2,0.025464790894703253,10,0.03183098861837907,1,0,0,1,0.012998927412879916,0.16956363944971936,0.012998927412879916,0.3749727545069371,849,270.2450933700383,4354,153.99124938269162,8622,109.77871354706572,0.012998927412879916,1.7492427503895143,0.5712817450549332,0.7583205867674776,0.30517139126763326,0.8787831222189437,18,12,10,14,0,24,78,18.0,12.0,10.0,14.0,0.0,24.0,78.0,430920,4805.966685296433,0.9985573445381295,1.0,3,6,3,12,7,15,7,29
r0039c0012,Santa Rosa,1,0.18650206721562212,177679.7688172043,0.19026881720430108,186,1,1.2159295375000319,0,0.0,,,,,,,,,,0,0,0,,,,5,1.5915494309189535,123587.8,159836.0,617939.0,0.1896,0.216,107324.66072017186,0.16589544900328038,161345.0,0.241,2,1,2,0.4,0.2,0.4,75,2.6525823848649224,186442.65333333332,111698.0,13983199.0,0.22553333333333334,0.173,186892.8846199177,0.19143542650858153,205876.5,0.2605,30,31,14,0.4,0.41333333333333333,0.18666666666666668,186,2.368225553207403,177679.7688172043,101529.0,33048437.0,0.19026881720430108,0.152,232559.00325039352,0.16811139420103283,185678.25,0.22649999999999998,59,79,48,0.3172043010752688,0.42473118279569894,0.25806451612903225,394,1.2541409515641353,174984.3730964467,104510.5,68943843.0,0.18005583756345173,0.1385,244975.2272083061,0.1589956292034006,180936.75,0.20600000000000004,109,190,95,0.2766497461928934,0.48223350253807107,0.24111675126903553,1.2159295375000319,3.9979901059864673,5.861932387278928,0,0.0,0,0.0,1,0.0353677651315323,1,0.012732395447351627,10,0.03183098861837907,1,0,0,0,0.01494793521740019,0.1228195208926926,0.01494793521740019,0.10041591854592329,775,246.69016179243778,3610,127.67763212483159,7735,98.48507878526483,0.01494793521740019,0.9334441541269999,1.1004972584330843,0.5058049733256706,0.7551495397697491,0.24818315125709284,30,70,8,11,5,45,169,30.0,70.0,8.0,11.0,5.0,45.0,169.0,430920,4805.966685296433,0.897185084615526,1.0,3,5,3,11,7,11,8,26
r0039c0052,Kalayaan,0,0.03277528247752886,307046.95238095237,0.10057142857142858,21,7,0.4384819583741834,0,0.0,,,,,,,,,,0,0,0,,,,0,0.0,,,,,,,,,,0,0,0,,,,4,0.1414710605261292,156297.75,139370.5,625191.0,0.0855,0.094,149223.75677568905,0.05239274758971895,211539.25,0.03450000000000002,0,3,1,0.0,0.75,0.25,21,0.26738030439438415,307046.95238095237,142046.0,6447986.0,0.10057142857142858,0.096,495747.51789862505,0.08921859191254446,235629.0,0.11800000000000002,2,12,7,0.09523809523809523,0.5714285714285714,0.3333333333333333,83,0.2641972055325463,313884.421686747,122809.0,26052407.0,0.10649397590361444,0.082,559306.3430906336,0.11175521742542624,278295.0,0.1,11,46,26,0.13253012048192772,0.5542168674698795,0.3132530120481928,0.4384819583741834,0.4384819583741834,0.43848195837418336,5,6.366197723675814,5,1.5915494309189535,5,0.17683882565766149,7,0.08912676813146139,27,0.08594366926962348,5,0,0,2,0.3947835275487146,0.8418031420169714,0.3947835275487146,0.8676223307628358,38,12.095775674984045,211,7.462598442753315,834,10.618817803091257,0.3947835275487146,1.0950837729296354,0.7403407393696282,1.775368485204342,2.6612797017422167,0.38727031401703593,0,0,0,1,1,1,3,0.0,0.0,0.0,1.0,1.0,1.0,3.0,25243,477.76300440737424,0.7926432759018877,0.7142857142857143,0,4,1,5,1,4,2,7
r0040c0006,Biñan,1,0.15183505096981884,168932.125,0.18821195652173914,184,1,4.903519185040569,0,0.0,,,,,,,,,,0,0,0,,,,62,19.735212943395023,140704.5,105767.5,8723679.0,0.17729032258064514,0.1655,133750.0777082967,0.13271766990424552,146514.75,0.173,15,36,11,0.24193548387096775,0.5806451612903226,0.1774193548387097,125,4.420970641441537,150872.96,101108.0,18859120.0,0.161928,0.123,177434.62286982796,0.14135286297407545,145793.0,0.17800000000000002,27,67,31,0.216,0.536,0.248,184,2.3427607623126994,168932.125,109977.0,31083511.0,0.18821195652173914,0.1385,184190.09430883615,0.16767667843245276,178658.0,0.20800000000000002,53,90,41,0.28804347826086957,0.4891304347826087,0.22282608695652173,384,1.2223099629457561,175051.5703125,101253.0,67219803.0,0.1769817708333333,0.132,248642.87896824846,0.15993666233624498,177468.75,0.197,103,185,96,0.2682291666666667,0.4817708333333333,0.25,4.903519185040569,5.5913697492477645,7.801602288637651,0,0.0,0,0.0,0,0.0,1,0.012732395447351627,3,0.00954929658551372,1,0,0,0,0.002800024047372858,0.05598525244957383,0.11056466899819241,0.002800024047372858,352,112.04507993669432,3449,121.9834219386549,8662,110.28800936495979,0.00019175693826698788,3.6549457684049296,1.868633306508972,3.1571462420539604,0.9467459168781597,1.8218782766574844,8,2,2,9,0,6,27,8.0,2.0,2.0,9.0,0.0,6.0,27.0,584479,9252.517460032008,0.8886478759431374,1.0,2,8,2,12,5,12,5,22
r0040c0009,Biñan,2,0.24166800258985427,156247.06181818183,0.175,275,2,1.980564894472005,0,0.0,,,,,,,,,,0,0,0,,,,4,1.2732395447351628,46846.75,41327.0,187387.0,0.09175,0.0725,21532.404671022385,0.0568000880281008,26320.75,0.03424999999999999,0,3,1,0.0,0.75,0.25,76,2.6879501499964547,194989.6447368421,108499.0,14819213.0,0.19530263157894737,0.1465,210464.57865612154,0.17902081962623542,207934.75,0.22,25,35,16,0.32894736842105265,0.4605263157894737,0.21052631578947367,275,3.5014087480216975,156247.06181818183,98932.0,42967942.0,0.175,0.129,184095.63711411622,0.15899857686550367,166057.5,0.192,70,134,71,0.2545454545454545,0.48727272727272725,0.2581818181818182,382,1.2159437652220804,176202.38743455498,101529.0,67309312.0,0.17729842931937168,0.133,249427.87784618646,0.15792230372330096,185196.25,0.19875000000000004,103,185,94,0.2696335078534031,0.48429319371727747,0.24607329842931938,1.980564894472005,4.144893926060608,6.459885701991544,0,0.0,0,0.0,1,0.0353677651315323,2,0.025464790894703253,10,0.03183098861837907,1,0,0,1,0.011529311571252568,0.04073117271109125,0.011529311571252568,0.19626859865894897,683,217.40565226352905,4296,151.93991900506276,9110,115.99212252537332,0.011529311571252568,1.9759859380442044,0.6892800078294145,1.5067714084926769,0.3875267654069866,0.7698375709696843,10,26,7,9,0,16,68,10.0,26.0,7.0,9.0,0.0,16.0,68.0,584479,9252.517460032008,0.927725551326463,1.0,3,8,4,15,6,16,4,26
r0040c0010,Biñan,1,0.09017806192494837,156305.52307692307,0.17821538461538464,260,2,1.0232330079750158,0,0.0,,,,,,,,,,0,0,0,,,,7,2.228169203286535,240363.7142857143,219342.0,1682546.0,0.346,0.279,133295.03453831814,0.1895485865594008,197869.0,0.16299999999999998,6,1,0,0.8571428571428571,0.14285714285714285,0.0,65,2.2989047335495996,200615.78461538462,152254.0,13040026.0,0.23381538461538462,0.178,186517.37165882267,0.1963413714289869,205897.0,0.27399999999999997,28,23,14,0.4307692307692308,0.35384615384615387,0.2153846153846154,260,3.310422816311423,156305.52307692307,101529.0,40639436.0,0.17821538461538464,0.1355,177950.55193053407,0.15754668289544305,163679.25,0.20199999999999999,69,128,63,0.2653846153846154,0.49230769230769234,0.2423076923076923,388,1.2350423583931078,177052.44587628866,106074.5,68696349.0,0.1806958762886597,0.137,247474.81583145182,0.15989801427794895,186184.5,0.21175000000000005,109,184,95,0.2809278350515464,0.4742268041237113,0.24484536082474226,1.0232330079750158,3.9338336700529326,6.256601562849877,0,0.0,0,0.0,1,0.0353677651315323,2,0.025464790894703253,10,0.03183098861837907,1,0,0,1,0.01501078715826988,0.046023673472850975,0.01501078715826988,0.10146680486536472,727,231.41128725561583,4054,143.38091984323194,8510,108.35268525696235,0.01501078715826988,1.35012468548866,1.2265348406822933,1.8618267834725786,0.6270471677659166,1.4553026696740317,5,17,11,12,0,21,66,5.0,17.0,11.0,12.0,0.0,21.0,66.0,584479,9252.517460032008,0.9174214058012571,1.0,3,5,5,13,6,14,5,25
r0040c0011,Santa Rosa,0,0.043392730407460764,175982.87412587414,0.18780419580419583,143,1,0.40692375287625654,0,0.0,,,,,,,,,,0,0,0,,,,3,0.954929658551372,423708.6666666667,249971.0,1271126.0,0.17033333333333334,0.216,437913.2606765104,0.08879376855012594,411253.5,0.07949999999999999,1,2,0,0.3333333333333333,0.6666666666666666,0.0,66,2.334272498681132,195416.10606060605,135360.0,12897463.0,0.23389393939393938,0.1765,187002.2067327737,0.19369914250935086,208981.25,0.2665,28,26,12,0.42424242424242425,0.3939393939393939,0.18181818181818182,143,1.8207325489712827,175982.87412587414,101443.0,25165551.0,0.18780419580419583,0.137,208539.40867034125,0.17571520887549424,197871.0,0.21250000000000002,42,67,34,0.2937062937062937,0.46853146853146854,0.23776223776223776,376,1.196845172051053,179861.43617021278,107047.5,67627900.0,0.182938829787234,0.142,250305.20542663624,0.16040360422455274,185160.25,0.21175000000000002,108,178,90,0.2872340425531915,0.4734042553191489,0.2393617021276596,0.40692375287625654,3.950864223024952,6.230191368090002,1,1.2732395447351628,1,0.3183098861837907,1,0.0353677651315323,1,0.012732395447351627,10,0.03183098861837907,1,0,0,0,0.0044536736682537865,0.6714593973854664,0.0044536736682537865,0.4297395279594828,724,230.45635759706445,3570,126.2629215195703,7683,97.82299422200255,0.0044536736682537865,1.0880689551650304,1.5697198733068165,1.275959690023042,0.8848577221540657,1.4794969414015366,0,1,1,10,0,6,18,0.0,1.0,1.0,10.0,0.0,6.0,18.0,430920,4805.966685296433,0.7533939268575301,1.0,2,5,4,11,5,15,5,25
r0040c0012,Santa Rosa,1,0.14018696381478288,207184.0105263158,0.2030526315789474,95,1,1.1086459347312703,0,0.0,,,,,,,,,,0,0,0,,,,2,0.6366197723675814,129251.0,129251.0,258502.0,0.1135,0.1135,170723.86124968005,0.14495689014324223,120720.0,0.10250000000000001,0,1,1,0.0,0.5,0.5,66,2.334272498681132,193094.04545454544,117288.5,12744207.0,0.22816666666666668,0.174,188913.8491983485,0.19675604444499542,211612.0,0.273,27,26,13,0.4090909090909091,0.3939393939393939,0.19696969696969696,95,1.2095775674984046,207184.0105263158,111698.0,19682481.0,0.2030526315789474,0.151,252221.20687128254,0.1852651560642523,205876.5,0.2365,34,38,23,0.35789473684210527,0.4,0.24210526315789474,363,1.1554648868471602,181827.58402203856,107409.0,66003413.0,0.1830027548209366,0.142,253417.58622626483,0.16075104286580927,184127.5,0.21100000000000002,104,173,86,0.2865013774104683,0.4765840220385675,0.2369146005509642,1.1086459347312703,4.493717154888539,6.559640161611324,0,0.0,0,0.0,1,0.0353677651315323,1,0.012732395447351627,10,0.03183098861837907,1,0,0,0,0.008214462015442252,0.05168135490599996,0.008214462015442252,0.0907005816258531,436,138.78311037613273,2835,100.26761414789407,6703,85.34524668359795,0.02571298420225617,0.38749062285401176,1.8200964541307454,0.5581405230094291,1.106978594473407,1.212846071850193,1,21,1,14,0,6,43,1.0,21.0,1.0,14.0,0.0,6.0,43.0,430920,4805.966685296433,0.9751686983575242,1.0,2,4,4,10,6,10,6,22
r0040c0052,Kalayaan,1,0.08035134855133919,393282.6923076923,0.09953846153846155,13,7,0.5571371903558585,0,0.0,,,,,,,,,,0,0,0,,,,1,0.3183098861837907,21415.0,21415.0,21415.0,0.041,0.041,,,0.0,0.0,0,0,1,0.0,0.0,1.0,4,0.1414710605261292,148880.25,124535.5,595521.0,0.07175000000000001,0.0665,156744.7447484285,0.055823382197785196,233791.75,0.06975,0,2,2,0.0,0.5,0.5,13,0.16552114081557115,393282.6923076923,122809.0,5112675.0,0.09953846153846155,0.09,618801.3073417811,0.10793564084259918,289954.0,0.11300000000000002,2,5,6,0.15384615384615385,0.38461538461538464,0.46153846153846156,76,0.2419155134996809,275260.90789473685,123254.5,20919829.0,0.0988157894736842,0.07250000000000001,411061.8942506567,0.09181920068283696,261784.25,0.10225000000000001,10,40,26,0.13157894736842105,0.5263157894736842,0.34210526315789475,0.5571371903558585,0.5571371903558585,0.5571371903558585,0,0.0,5,1.5915494309189535,5,0.17683882565766149,7,0.08912676813146139,23,0.07321127382227186,5,0,0,2,0.40955792355727244,0.40955792355727244,0.41008223427675716,0.45015103136570156,53,16.870423967740905,207,7.321127382227186,924,11.764733393352904,0.344849989249719,1.077726251218236,0.48319755247535007,1.677888252198988,3.3624627913776783,0.4952886471225215,0,6,0,2,1,6,15,0.0,6.0,0.0,2.0,1.0,6.0,15.0,25243,477.76300440737424,0.7926432759018877,0.7627118644067796,1,2,0,3,1,4,1,6
r0041c0005,Biñan,1,0.1508267210172862,170701.75384615385,0.16712307692307693,65,0,6.09791956986589,0,0.0,,,,,,,,,,0,0,0,,,,18,5.729577951308232,163090.22222222222,181390.0,2935624.0,0.2305,0.2355,114649.97512867823,0.1825106765611906,221027.25,0.2315,8,6,4,0.4444444444444444,0.3333333333333333,0.2222222222222222,48,1.6976527263135504,146237.70833333334,93414.0,7019410.0,0.1563125,0.0985,172427.65341354138,0.1536021603696145,193225.75,0.1955,11,23,14,0.22916666666666666,0.4791666666666667,0.2916666666666667,65,0.8276057040778557,170701.75384615385,109643.0,11095614.0,0.16712307692307693,0.112,210633.3842273429,0.1692235492340963,192466.0,0.197,17,29,19,0.26153846153846155,0.4461538461538462,0.2923076923076923,270,0.8594366926962348,173433.11111111112,103923.0,46826940.0,0.18095185185185186,0.1305,212967.29821151364,0.16814872570336567,189623.25,0.20975000000000005,75,126,69,0.2777777777777778,0.4666666666666667,0.25555555555555554,6.09791956986589,6.846310324367874,9.072573229533129,0,0.0,0,0.0,0,0.0,0,0.0,3,0.00954929658551372,0,0,0,0,0.006610430369923839,0.019411025115607054,0.006610430369923839,0.07974198493634808,670,213.26762374313975,3451,122.05415746891796,7619,97.00812091337204,0.006610430369923839,3.3361964949064187,2.988754494134568,3.511051749732068,0.3085881986375152,2.775109037857279,21,15,19,6,0,18,79,21.0,15.0,19.0,6.0,0.0,18.0,79.0,584479,9252.517460032008,0.8270672073133847,1.0,1,7,0,8,3,10,3,16
r0041c0006,Biñan,1,0.1277423931831961,156595.96732026144,0.1755359477124183,153,0,5.131537113602674,0,0.0,,,,,,,,,,0,0,0,,,,82,26.101410667070837,135038.80487804877,96982.5,11073182.0,0.16203658536585364,0.126,138518.9354844284,0.13040936923111796,140175.75,0.17075,17,49,16,0.2073170731707317,0.5975609756097561,0.1951219512195122,121,4.279499580915408,139800.8347107438,97312.0,16915901.0,0.16317355371900827,0.123,152429.48862475983,0.1427977402765855,145003.0,0.18100000000000002,25,67,29,0.2066115702479339,0.5537190082644629,0.2396694214876033,153,1.948056503444799,156595.96732026144,101108.0,23959183.0,0.1755359477124183,0.129,177655.05279082485,0.15712545382188747,158224.0,0.183,38,81,34,0.24836601307189543,0.5294117647058824,0.2222222222222222,349,1.1109015027814295,166454.8194842407,102157.0,58092732.0,0.18082234957020057,0.137,200440.52381337312,0.16297017731616928,180189.0,0.20800000000000002,95,168,86,0.2722063037249284,0.4813753581661891,0.24641833810888253,5.131537113602674,6.220446541692513,8.5040348271278,0,0.0,0,0.0,0,0.0,0,0.0,3,0.00954929658551372,0,0,0,0,0.0034648233461134046,0.0034648233461134046,0.06296844652803636,0.5187615134998788,728,231.72959714179962,3957,139.9502466254733,8136,103.59076935965284,0.0034648233461134046,2.8370345440740783,2.0256813220728436,2.938525758823206,0.7179508703288822,1.8074370517367577,3,8,4,12,0,5,32,3.0,8.0,4.0,12.0,0.0,5.0,32.0,584479,9252.517460032008,0.8886478759431374,1.0,2,8,0,10,3,11,4,18
r0041c0007,Biñan,1,0.08346443895839604,172569.01685393258,0.1935730337078652,178,1,4.180288395730046,0,0.0,,,,,,,,,,0,0,0,,,,5,1.5915494309189535,153935.8,128271.0,769679.0,0.060399999999999995,0.047,102648.84775875471,0.04249470555257443,93302.0,0.03799999999999999,0,2,3,0.0,0.4,0.6,119,4.208764050652343,149381.31092436975,107297.0,17776376.0,0.17326050420168068,0.132,167468.67876496745,0.15278479726176913,147075.0,0.192,29,59,31,0.24369747899159663,0.4957983193277311,0.2605042016806723,178,2.2663663896285895,172569.01685393258,113343.5,30717285.0,0.1935730337078652,0.1495,184537.57780406318,0.16901077340985612,189180.0,0.21300000000000002,54,83,41,0.30337078651685395,0.46629213483146065,0.2303370786516854,350,1.1140846016432673,182363.99714285714,107047.5,63827399.0,0.18333999999999995,0.142,257040.4734983593,0.16294470153801358,186788.25,0.21625,101,161,88,0.2885714285714286,0.46,0.25142857142857145,4.180288395730046,5.68357614432846,8.015518712672556,0,0.0,0,0.0,0,0.0,1,0.012732395447351627,3,0.00954929658551372,1,0,0,0,0.01190363121954948,0.35031302038290624,0.01190363121954948,0.2273275205517747,579,184.3014241004148,4284,151.51550582348438,8467,107.80519225272623,0.01190363121954948,2.526874353804306,1.1260151631713262,1.9617991298553201,1.3776525698490292,0.9091475761050064,2,8,4,8,0,9,31,2.0,8.0,4.0,8.0,0.0,9.0,31.0,584479,9252.517460032008,0.9985364126979438,1.0,2,7,1,10,3,11,6,20
r0041c0008,Biñan,0,0.05035674631866949,168415.94764397905,0.19102617801047123,191,1,3.271753994209103,0,0.0,,,,,,,,,,0,0,0,,,,1,0.3183098861837907,48688.0,48688.0,48688.0,0.047,0.047,,,0.0,0.0,0,0,1,0.0,0.0,1.0,112,3.961189694731617,140943.0982142857,98318.0,15785627.0,0.16581249999999997,0.1305,149286.8792414086,0.1359882434803276,140803.5,0.17200000000000001,25,65,22,0.22321428571428573,0.5803571428571429,0.19642857142857142,191,2.4318875304441607,168415.94764397905,110311.0,32167446.0,0.19102617801047123,0.148,181966.71450393103,0.16775958469927557,187136.5,0.21300000000000002,57,91,43,0.29842931937172773,0.47643979057591623,0.225130890052356,355,1.130000095952457,180635.17464788732,102610.0,64125487.0,0.18071549295774642,0.137,256219.4330235568,0.16133978483845693,183860.5,0.20550000000000002,99,169,87,0.27887323943661974,0.476056338028169,0.24507042253521127,3.271753994209103,5.2801205504446065,7.64914601567764,0,0.0,0,0.0,0,0.0,1,0.012732395447351627,3,0.00954929658551372,1,0,0,0,0.0067242053087194584,0.26585312879698436,0.0067242053087194584,0.05528003119312558,532,169.34085944977664,4124,145.8566634024392,8276,105.37330472228206,0.005271564103247986,1.996300090797525,0.6578066714834111,1.0123781226802133,0.6609301255056603,0.4920580943762125,6,20,17,4,1,18,66,6.0,20.0,17.0,4.0,1.0,18.0,66.0,584479,9252.517460032008,0.7965505030456151,1.0,1,7,2,10,2,14,6,22
r0041c0009,Biñan,0,0.03877210515261805,165745.3673469388,0.18782653061224489,196,1,2.5890248882323146,0,0.0,,,,,,,,,,0,0,0,,,,2,0.6366197723675814,110008.0,110008.0,220016.0,0.10550000000000001,0.10550000000000001,83250.50977621699,0.0445477272147525,58867.0,0.031500000000000014,0,2,0,0.0,1.0,0.0,47,1.662284961182018,164141.6595744681,99324.0,7714658.0,0.16946808510638298,0.123,178559.30858672294,0.16166657193444808,154566.0,0.1385,12,28,7,0.2553191489361702,0.5957446808510638,0.14893617021276595,196,2.4955495076809187,165745.3673469388,108470.0,32486092.0,0.18782653061224489,0.1385,180506.293592723,0.16692393634013739,181043.75,0.20925,57,95,44,0.29081632653061223,0.4846938775510204,0.22448979591836735,355,1.130000095952457,180931.94366197183,105236.0,64230840.0,0.1806450704225352,0.137,256098.7379502017,0.16140375802366466,183608.0,0.20550000000000002,99,169,87,0.27887323943661974,0.476056338028169,0.24507042253521127,2.5890248882323146,5.04083900338262,7.425652855166729,0,0.0,0,0.0,1,0.0353677651315323,1,0.012732395447351627,3,0.00954929658551372,1,0,0,0,0.01972194574372796,0.01972194574372796,0.028339335138325438,0.18229377753458728,613,195.1239602306637,3815,134.9280239767957,8017,102.07561430141799,0.026072536458931744,1.3209042409431968,0.2444294270423004,0.4623134751688804,0.2030514052576647,0.22063122673423385,38,52,25,4,2,41,162,38.0,52.0,25.0,4.0,2.0,41.0,162.0,584479,9252.517460032008,0.7965505030456151,1.0,2,6,2,10,2,17,6,25
r0042c0004,San Pedro,1,0.2162713108323765,141246.2619047619,0.1611984126984127,126,0,7.339470303207999,0,0.0,,,,,,,,,,0,0,0,,,,11,3.5014087480216975,151835.9090909091,148515.0,1670195.0,0.23572727272727273,0.233,134544.0062562837,0.2348472230660141,256202.5,0.39149999999999996,4,2,5,0.36363636363636365,0.18181818181818182,0.45454545454545453,120,4.244131815783875,144309.88333333333,96982.5,17317186.0,0.16515833333333335,0.1195,161131.4693667528,0.14852399833438532,151726.75,0.18300000000000002,25,66,29,0.20833333333333334,0.55,0.24166666666666667,126,1.604281826366305,141246.2619047619,96982.5,17797029.0,0.1611984126984127,0.118,158085.99486007247,0.1464990932308467,147894.25,0.18025000000000002,25,69,32,0.1984126984126984,0.5476190476190477,0.25396825396825395,309,0.9835775483079132,163565.22653721683,101443.0,50541655.0,0.18384466019417478,0.137,188104.22777819994,0.16703633774978852,177791.0,0.21700000000000003,86,145,78,0.2783171521035599,0.4692556634304207,0.2524271844660194,7.339470303207999,8.180904422471498,10.425070674466882,0,0.0,0,0.0,0,0.0,0,0.0,3,0.00954929658551372,0,0,0,0,0.0030720178626492335,0.08608592912515714,0.0030720178626492335,0.31608740747283276,577,183.6648043280472,3884,137.36839977087143,5971,76.02513321613657,0.0030720178626492335,3.4027771189874683,1.7764277198842062,3.1638719229107304,0.890561853814164,2.5857802898184716,2,11,3,3,0,12,31,2.0,11.0,3.0,3.0,0.0,12.0,31.0,348968,6983.692920710276,0.9985205810135211,1.0,1,7,1,9,3,9,1,13
r0042c0005,San Pedro,1,0.22492154308685008,143564.448,0.15916000000000002,125,0,6.404846212774266,0,0.0,,,,,,,,,,0,0,0,,,,5,1.5915494309189535,100341.2,57719.0,501706.0,0.17040000000000002,0.085,89538.55607893172,0.15622995871471004,128720.0,0.21099999999999997,2,2,1,0.4,0.4,0.2,109,3.8550863993370204,134792.83486238532,96709.0,14692419.0,0.15822935779816513,0.121,138983.9837515602,0.13415376977541157,144776.0,0.169,22,63,24,0.2018348623853211,0.5779816513761468,0.22018348623853212,125,1.5915494309189533,143564.448,97256.0,17945556.0,0.15916000000000002,0.118,163468.37695789756,0.14076137437567535,142439.0,0.17500000000000002,27,68,30,0.216,0.544,0.24,322,1.024957833511806,156774.94099378883,101135.0,50481531.0,0.17536024844720496,0.129,178429.4041146872,0.15963525609369653,169836.25,0.189,83,159,80,0.2577639751552795,0.4937888198757764,0.2484472049689441,6.404846212774266,7.535135143791298,9.834623832958874,0,0.0,0,0.0,0,0.0,0,0.0,3,0.00954929658551372,0,0,0,0,0.011566618579541142,0.06317520263093904,0.011566618579541142,0.12427598435298416,578,183.98311421423102,4100,145.00783703928244,6828,86.93679611451691,0.011566618579541142,2.598791133319222,2.4377383304610767,2.584989828276821,0.34648859520314534,2.621560782037944,5,11,1,5,0,15,37,5.0,11.0,1.0,5.0,0.0,15.0,37.0,348968,6983.692920710276,0.9985257988798624,1.0,0,9,1,10,3,10,2,15
r0042c0007,Biñan,1,0.09068803320540474,171685.33139534883,0.19345930232558142,172,1,4.616569351960283,0,0.0,,,,,,,,,,0,0,0,,,,9,2.864788975654116,57465.88888888889,51472.0,517193.0,0.07844444444444444,0.068,35358.68525003597,0.03767662110351428,60338.0,0.054,0,8,1,0.0,0.8888888888888888,0.1111111111111111,123,4.350235111178472,138295.44715447153,97256.0,17010340.0,0.16757723577235775,0.123,152403.48593842486,0.14849822034204796,148210.0,0.1875,27,66,30,0.21951219512195122,0.5365853658536586,0.24390243902439024,172,2.1899720169444796,171685.33139534883,110979.0,29529877.0,0.19345930232558142,0.14400000000000002,189010.80248079315,0.17108567524937263,185200.25,0.21300000000000002,52,83,37,0.3023255813953488,0.48255813953488375,0.21511627906976744,344,1.0949860084722398,165834.50872093023,101529.0,57047071.0,0.18083430232558137,0.1355,201691.806570648,0.16304349841919888,178865.5,0.20875000000000005,94,165,85,0.27325581395348836,0.4796511627906977,0.24709302325581395,4.616569351960283,6.478659331516343,8.866572331533401,0,0.0,0,0.0,0,0.0,1,0.012732395447351627,3,0.00954929658551372,1,0,0,0,0.015613249721362469,0.14021948778492624,0.015613249721362469,0.5187843534735826,634,201.8084678405233,3994,141.25885393534,7516,95.69668418229483,0.015613249721362469,1.6066693341833909,1.8896793319127476,1.9636539936265165,0.5144432752171982,0.8529285834236963,5,25,23,12,0,19,84,5.0,25.0,23.0,12.0,0.0,19.0,84.0,584479,9252.517460032008,0.9985361607392036,1.0,2,8,2,12,3,11,4,18
r0042c0008,Biñan,1,0.14322769422167236,167269.7,0.1869105263157895,190,1,3.8012105827701546,0,0.0,,,,,,,,,,0,0,0,,,,2,0.6366197723675814,81397.0,81397.0,162794.0,0.099,0.099,46257.511411661566,0.07353910524340095,32709.0,0.052000000000000005,0,1,1,0.0,0.5,0.5,60,2.1220659078919377,137709.81666666668,93826.5,8262589.0,0.15653333333333336,0.11699999999999999,153706.95947439765,0.13619657611200353,149971.0,0.1615,12,35,13,0.2,0.5833333333333334,0.21666666666666667,190,2.4191551349968092,167269.7,108470.0,31781243.0,0.1869105263157895,0.1385,182520.45056457582,0.16657720581482935,181855.25,0.20800000000000002,55,91,44,0.2894736842105263,0.4789473684210526,0.23157894736842105,354,1.126816997090619,180647.45197740113,102383.5,63949198.0,0.18034180790960447,0.1355,256566.4745314234,0.16178481880445106,185196.25,0.20675000000000004,99,167,88,0.2796610169491525,0.4717514124293785,0.24858757062146894,3.8012105827701546,6.100852235656279,8.513655028677947,0,0.0,0,0.0,0,0.0,1,0.012732395447351627,3,0.00954929658551372,1,0,0,0,0.05865137799492976,0.44121794109021595,0.05865137799492976,0.9059264197546629,491,156.29015411624124,3536,125.0604175050982,7543,96.04045885937332,0.05865137799492976,1.3944362290240389,0.975815594833052,1.0315095409780024,0.7274853879230925,0.5306331076133035,1,10,6,3,1,5,26,1.0,10.0,6.0,3.0,1.0,5.0,26.0,584479,9252.517460032008,0.9480579447364533,1.0,2,6,1,9,3,11,6,20
r0043c0002,San Pedro,0,0.04071764024414098,148236.16363636364,0.17808181818181817,110,0,9.557481791552405,0,0.0,,,,,,,,,,0,0,0,,,,0,0.0,,,,,,,,,,0,0,0,,,,12,0.4244131815783876,205501.83333333334,194219.0,2466022.0,0.25733333333333336,0.2395,179591.78572267885,0.2108520952246054,252020.5,0.32375,5,5,2,0.4166666666666667,0.4166666666666667,0.16666666666666666,110,1.4005634992086788,148236.16363636364,101166.0,16305978.0,0.17808181818181817,0.133,161775.31496863897,0.15264945342087344,160009.0,0.18525,27,58,25,0.24545454545454545,0.5272727272727272,0.22727272727272727,187,0.5952394871636886,168220.07486631017,109643.0,31457154.0,0.1877005347593583,0.137,183231.41056048116,0.16694811553079117,179358.0,0.20800000000000002,54,91,42,0.2887700534759358,0.48663101604278075,0.22459893048128343,9.557481791552405,10.247596152150932,12.448505892982833,0,0.0,0,0.0,0,0.0,0,0.0,2,0.006366197723675813,0,0,0,0,0.10821552261872673,0.16826609901300685,0.10821552261872673,0.4736979643848448,165,52.521131220325465,2277,80.53240120449904,4384,55.81882164118953,0.029839211935184823,4.90838433002385,0.0526316507286828,4.357534458558815,1.830037801241625,2.8550052312825187,1,8,3,5,0,3,20,1.0,8.0,3.0,5.0,0.0,3.0,20.0,348968,6983.692920710276,1.0064320029113574,1.0,0,3,0,3,0,7,1,8
r0043c0005,San Pedro,1,0.12358339148982775,141493.6976744186,0.16248837209302325,129,0,6.846821729739611,0,0.0,,,,,,,,,,0,0,0,,,,9,2.864788975654116,196213.0,33686.0,1765917.0,0.1431111111111111,0.085,328237.38198101387,0.16732337287752452,151977.0,0.164,2,3,4,0.2222222222222222,0.3333333333333333,0.4444444444444444,120,4.244131815783875,147242.10833333334,99210.0,17669053.0,0.16941666666666666,0.126,160433.0650611679,0.14896074624399755,155102.25,0.18075,27,65,28,0.225,0.5416666666666666,0.23333333333333334,129,1.64247901270836,141493.6976744186,97256.0,18252687.0,0.16248837209302325,0.118,156812.0930007973,0.14649264680133425,149303.0,0.181,27,69,33,0.20930232558139536,0.5348837209302325,0.2558139534883721,306,0.9740282517223995,160170.37581699347,101253.0,49012135.0,0.18146732026143791,0.133,183740.90969819593,0.16363784657032282,177254.75,0.21249999999999997,84,145,77,0.27450980392156865,0.4738562091503268,0.25163398692810457,6.846821729739611,8.286603720583335,10.641307710472137,0,0.0,0,0.0,0,0.0,0,0.0,3,0.00954929658551372,0,0,0,0,0.010170704079471645,0.17764253573352373,0.010170704079471645,0.49777171092849126,655,208.4929754503829,3992,141.18811840507692,6203,78.97904895992214,0.010170704079471645,2.0472908657760156,1.9094741613984008,1.7482275253854922,0.717301299171075,1.6583877193213223,16,6,7,5,0,13,47,16.0,6.0,7.0,5.0,0.0,13.0,47.0,348968,6983.692920710276,0.9985255468046672,1.0,1,7,1,9,3,9,1,13
r0044c0003,San Pedro,1,0.1845443603769582,139256.71774193548,0.16675,124,0,9.009076388515364,0,0.0,,,,,,,,,,0,0,0,,,,0,0.0,,,,,,,,,,0,0,0,,,,23,0.8134585980252429,179650.08695652173,148515.0,4131952.0,0.22808695652173916,0.189,220401.56419670832,0.2125468746254423,243719.0,0.33399999999999996,8,8,7,0.34782608695652173,0.34782608695652173,0.30434782608695654,124,1.5788170354716018,139256.71774193548,96982.5,17267833.0,0.16675,0.122,152904.40089045066,0.1482063286558929,149164.0,0.18675,27,67,30,0.21774193548387097,0.5403225806451613,0.24193548387096775,193,0.614338080334716,161934.0207253886,102610.0,31253266.0,0.18416062176165807,0.137,178957.0024397725,0.16616724163106897,181792.0,0.20800000000000002,54,93,46,0.27979274611398963,0.48186528497409326,0.23834196891191708,9.009076388515364,10.194114651178914,12.507740276538145,0,0.0,0,0.0,0,0.0,0,0.0,2,0.006366197723675813,0,0,0,0,0.01607848345557446,0.18669768465517073,0.01607848345557446,0.5967270006524398,297,94.53803619658584,2424,85.73146267883429,4774,60.78445586565667,0.0052597128266501075,3.541390934893403,0.3218817177286862,3.10276219110884,2.376594061269765,1.4382779270931627,2,12,1,1,0,8,24,2.0,12.0,1.0,1.0,0.0,8.0,24.0,348968,6983.692920710276,0.9222938366484446,1.0,1,3,1,5,1,8,1,10
r0044c0005,San Pedro,2,0.5444747626160156,139860.046875,0.1596015625,128,0,7.3996862661770635,0,0.0,,,,,,,,,,0,0,0,,,,2,0.6366197723675814,82254.0,82254.0,164508.0,0.145,0.145,44001.84077967648,0.13576450198781712,31114.0,0.096,0,2,0,0.0,1.0,0.0,25,0.8841941282883075,202973.24,162406.0,5074331.0,0.19992,0.129,226402.28067558564,0.18615135418972023,250025.0,0.247,7,12,6,0.28,0.48,0.24,128,1.6297466172610082,139860.046875,96982.5,17902086.0,0.1596015625,0.118,156535.9356359774,0.14099675206198037,147833.75,0.18175000000000002,26,70,32,0.203125,0.546875,0.25,248,0.7894085177358009,162495.94758064515,100216.0,40298995.0,0.17796370967741937,0.1275,191929.65940892824,0.16572525765814544,177619.25,0.1955,65,119,64,0.2620967741935484,0.4798387096774194,0.25806451612903225,7.3996862661770635,9.08776723193582,11.48360839491823,0,0.0,0,0.0,0,0.0,0,0.0,2,0.006366197723675813,0,0,0,0,0.05276794562611241,0.05276794562611241,0.053282055308977366,0.15197763207403,634,201.8084678405233,2872,101.57622145776077,5413,68.92045655651435,0.05276794562611241,1.806188202094459,1.5215443903016979,1.2041017345250353,0.7983863468709118,0.8045714676526827,8,5,1,5,0,10,29,8.0,5.0,1.0,5.0,0.0,10.0,29.0,348968,6983.692920710276,0.998525294584068,1.0,0,5,0,5,3,10,0,13
r0044c0052,Paete,1,0.09675370260306015,37997.666666666664,0.05466666666666667,3,6,1.5278410647764706,0,0.0,,,,,,,,,,0,0,0,,,,1,0.3183098861837907,41493.0,41493.0,41493.0,0.027,0.027,,,0.0,0.0,0,0,1,0.0,0.0,1.0,1,0.0353677651315323,41493.0,41493.0,41493.0,0.027,0.027,,,0.0,0.0,0,0,1,0.0,0.0,1.0,3,0.03819718634205488,37997.666666666664,41493.0,113993.0,0.05466666666666667,0.041,15140.681666732622,0.03647373484212075,14835.0,0.0345,0,1,2,0.0,0.3333333333333333,0.6666666666666666,35,0.11140846016432673,389847.17142857146,195965.0,13644651.0,0.11205714285714286,0.11,492286.07681614213,0.08434276804212916,479428.0,0.1005,7,18,10,0.2,0.5142857142857142,0.2857142857142857,1.5278410647764706,3.6512343273415078,4.0759129798545155,0,0.0,0,0.0,1,0.0353677651315323,6,0.07639437268410976,15,0.0477464829275686,5,0,1,0,0.01672283488313579,0.01672283488313579,0.01778341265748098,0.01778341265748098,267,84.9887396110721,461,16.30453972563639,748,9.523831794619017,0.01672283488313579,0.7171519328892881,1.6639505813464688,0.055355662186898275,7.42504893897509,0.1747608786332127,33,56,4,3,2,52,150,33.0,56.0,4.0,3.0,2.0,52.0,150.0,25254,340.67112884049845,0.9971646513402083,0.7659574468085106,1,0,0,1,1,1,0,2
r0045c0051,Pakil,0,0.025601499309350247,109895.0,0.093,2,3,1.0931599205875875,0,0.0,,,,,,,,,,0,0,0,,,,0,0.0,,,,,,,,,,0,0,0,,,,1,0.0353677651315323,168705.0,168705.0,168705.0,0.09,0.09,,,0.0,0.0,0,1,0,0.0,1.0,0.0,2,0.025464790894703253,109895.0,109895.0,219790.0,0.093,0.093,83169.89960316171,0.004242640687119289,58810.0,0.0030000000000000027,0,2,0,0.0,1.0,0.0,19,0.06047887837492023,377539.36842105264,168705.0,7173248.0,0.11973684210526316,0.101,527685.3809704342,0.10025237160135368,488073.5,0.10000000000000002,4,10,5,0.21052631578947367,0.5263157894736842,0.2631578947368421,1.0931599205875875,3.389043950199351,4.193148514677729,0,0.0,0,0.0,1,0.0353677651315323,3,0.03819718634205488,20,0.06366197723675814,1,0,1,1,0.14191473428890491,0.15919494762838002,0.14191473428890491,0.4272062890370152,134,42.65352474862795,457,16.16306866511026,702,8.938141604040842,0.1773196288679888,0.2129937713980688,0.5897490064266241,0.4542673225330281,6.5387074582378695,1.0565275904313656,0,1,0,0,0,0,1,0.0,1.0,0.0,0.0,0.0,0.0,1.0,23972,487.59461845576783,0.7371421321385078,0.7021276595744681,0,1,0,1,0,1,0,1
r0050c0044,Mabitac,2,0.27303349317917425,163898.2857142857,0.13228571428571428,7,0,7.784778613963604,0,0.0,,,,,,,,,,0,0,0,,,,1,0.3183098861837907,1673.0,1673.0,1673.0,0.003,0.003,,,0.0,0.0,0,0,1,0.0,0.0,1.0,2,0.0707355302630646,67620.0,67620.0,135240.0,0.07150000000000001,0.07150000000000001,93263.1417978185,0.09687362902255703,65947.0,0.0685,0,1,1,0.0,0.5,0.5,7,0.08912676813146139,163898.2857142857,133567.0,1147288.0,0.13228571428571428,0.126,172799.9824312436,0.08012430818362654,92076.0,0.07249999999999998,1,5,1,0.14285714285714285,0.7142857142857143,0.14285714285714285,13,0.04138028520389279,181723.61538461538,102169.0,2362407.0,0.09438461538461537,0.099,242334.12547848697,0.07763433353606988,121136.0,0.10200000000000001,1,7,5,0.07692307692307693,0.5384615384615384,0.38461538461538464,7.784778613963604,8.184543810697646,8.408788422156285,0,0.0,0,0.0,0,0.0,0,0.0,11,0.03501408748021698,0,0,0,0,0.007797289556181437,0.06700084135267377,0.007797289556181437,0.07993536310383884,115,36.60563691113593,308,10.893271660511948,1052,13.394480010613911,0.007797289556181437,1.9693543209976485,0.7312203575734669,2.186190781913218,3.242822761082235,2.3977025214075596,0,4,0,0,0,3,7,0.0,4.0,0.0,0.0,0.0,3.0,7.0,21748,484.67631819759,4.9936032745068175,0.015625,1,1,0,2,1,3,1,5
r0050c0048,Siniloan,1,0.15485499639993897,381129.3333333333,0.14133333333333334,3,2,3.808722903634589,0,0.0,,,,,,,,,,0,0,0,,,,0,0.0,,,,,,,,,,0,0,0,,,,1,0.0353677651315323,528420.0,528420.0,528420.0,0.205,0.205,,,0.0,0.0,0,1,0,0.0,1.0,0.0,3,0.03819718634205488,381129.3333333333,528420.0,1143388.0,0.14133333333333334,0.205,331347.66195996216,0.11992636629754663,305811.0,0.1065,1,1,1,0.3333333333333333,0.3333333333333333,0.3333333333333333,13,0.04138028520389279,221316.6923076923,133567.0,2877117.0,0.08746153846153847,0.09,266729.72311636136,0.07294474550943267,112656.0,0.10200000000000001,1,7,5,0.07692307692307693,0.5384615384615384,0.38461538461538464,3.808722903634589,4.337624318461756,4.827563245323473,0,0.0,0,0.0,0,0.0,2,0.025464790894703253,14,0.044563384065730696,1,0,0,1,0.009891114794628104,0.06852865650366588,0.04037392759846975,0.009891114794628104,331,105.36057232683471,752,26.59655937891229,1267,16.131945031794512,0.009891114794628104,1.844504706373934,0.5918759126098675,0.1374996379410168,0.562166395304643,0.49115575276701484,38,118,4,5,1,63,229,38.0,118.0,4.0,5.0,1.0,63.0,229.0,42533,1281.1671172915605,0.9987289715433683,0.23333333333333334,0,0,1,1,1,0,2,3
r0051c0044,Mabitac,0,3.984156278976697e-05,251272.85714285713,0.16271428571428567,7,0,7.946747258311169,0,0.0,,,,,,,,,,0,0,0,,,,0,0.0,,,,,,,,,,0,0,0,,,,4,0.1414710605261292,246739.0,135746.0,986956.0,0.14525,0.133,244889.20911029677,0.050142297514174594,131050.0,0.03975000000000001,1,3,0,0.25,0.75,0.0,7,0.08912676813146139,251272.85714285713,137925.0,1758910.0,0.16271428571428567,0.14,224112.75321768175,0.061007415630435956,244324.5,0.09699999999999999,2,5,0,0.2857142857142857,0.7142857142857143,0.0,12,0.03819718634205488,233777.0,117868.0,2805324.0,0.1125,0.1135,274004.21924919996,0.08246597094339195,225149.75,0.121,2,6,4,0.16666666666666666,0.5,0.3333333333333333,7.946747258311169,8.039672431243924,8.108964069547778,0,0.0,0,0.0,0,0.0,0,0.0,13,0.04138028520389279,0,0,0,0,0.24144809083653115,0.24144809083653115,0.24678044970232688,1.1435710990564498,55,17.507043740108486,406,14.359312643402113,1181,15.036959023322272,0.10365130545128601,3.059698227439571,0.4393013583399399,1.7870336065849157,3.162288204095896,2.2535893836861987,0,0,0,0,0,0,0,0.0,0.0,0.0,0.0,0.0,0.0,0.0,21748,484.67631819759,4.995812424776646,0.013888888888888888,0,1,1,2,0,3,2,5
r0052c0041,Mabitac,1,0.11253728892149856,221615.0,0.11449999999999999,4,0,10.019013547310305,0,0.0,,,,,,,,,,0,0,0,,,,2,0.6366197723675814,135746.0,135746.0,271492.0,0.11950000000000001,0.11950000000000001,3081.571352410974,0.028991378028648453,2179.0,0.02049999999999999,0,2,0,0.0,1.0,0.0,2,0.0707355302630646,135746.0,135746.0,271492.0,0.11950000000000001,0.11950000000000001,3081.571352410974,0.028991378028648453,2179.0,0.02049999999999999,0,2,0,0.0,1.0,0.0,4,0.05092958178940651,221615.0,135746.0,886460.0,0.11449999999999999,0.11950000000000001,268665.9463398119,0.08874119674649424,156174.0,0.08399999999999999,1,2,1,0.25,0.5,0.25,11,0.03501408748021698,242121.36363636365,133567.0,2663335.0,0.10909090909090911,0.101,287171.37494474364,0.08898140765963926,310383.5,0.1465,2,5,4,0.18181818181818182,0.45454545454545453,0.36363636363636365,10.019013547310305,10.377780839308214,10.595576691610216,0,0.0,0,0.0,0,0.0,0,0.0,0,0.0,0,0,0,0,0.5170122527211666,0.6938405580950855,0.5170122527211666,2.7345634101047334,8,2.5464790894703255,152,5.375900299992909,406,5.16935255162476,0.5170122527211666,4.7977760901286794,2.5273616023946026,4.810524078334782,6.256549973310774,1.9297666808113438,0,0,0,0,0,0,0,0.0,0.0,0.0,0.0,0.0,0.0,0.0,21748,484.67631819759,8.0525881795504,0.0,0,1,0,1,1,1,1,3
r0052c0042,Mabitac,1,0.11354005657550531,239045.66666666666,0.11499999999999999,3,0,9.136285268862306,0,0.0,,,,,,,,,,0,0,0,,,,1,0.3183098861837907,102169.0,102169.0,102169.0,0.126,0.126,,,0.0,0.0,0,1,0,0.0,1.0,0.0,3,0.1061032953945969,239045.66666666666,102169.0,717137.0,0.11499999999999999,0.126,327981.3777172926,0.10692520750505934,305811.0,0.10649999999999998,1,1,1,0.3333333333333333,0.3333333333333333,0.3333333333333333,3,0.03819718634205488,239045.66666666666,102169.0,717137.0,0.11499999999999999,0.126,327981.3777172926,0.10692520750505934,305811.0,0.10649999999999998,1,1,1,0.3333333333333333,0.3333333333333333,0.3333333333333333,10,0.03183098861837907,249401.2,99047.0,2494012.0,0.10870000000000002,0.1135,302046.6773584654,0.0933357737776179,395617.25,0.166,2,4,4,0.2,0.4,0.4,9.136285268862306,9.58475342712923,9.731048889026459,0,0.0,0,0.0,0,0.0,0,0.0,4,0.012732395447351627,0,0,0,0,0.29303702787333624,0.5125498563164271,0.29303702787333624,2.2802285503814272,13,4.138028520389279,248,8.77120575262001,616,7.843155595568602,0.29303702787333624,4.699429324822463,1.781698407314629,3.822714526208531,5.2802331637226985,2.279631016306015,0,0,0,0,0,0,0,0.0,0.0,0.0,0.0,0.0,0.0,0.0,21748,484.67631819759,7.062798461880318,0.0,1,1,1,3,1,1,2,4
r0052c0047,Mabitac,2,0.2494145453985512,214625.5,0.14300000000000002,4,0,5.086935406931639,0,0.0,,,,,,,,,,0,0,0,,,,0,0.0,,,,,,,,,,0,0,0,,,,2,0.0707355302630646,121767.0,121767.0,243534.0,0.1765,0.1765,104931.81790095891,0.10677312395916867,74198.0,0.07549999999999998,1,1,0,0.5,0.5,0.0,4,0.05092958178940651,214625.5,121767.0,858502.0,0.14300000000000002,0.1585,278413.4970022107,0.11339312148450628,264202.5,0.1485,2,1,1,0.5,0.25,0.25,13,0.04138028520389279,188252.46153846153,102169.0,2447282.0,0.09523076923076923,0.099,253346.15343985244,0.07898855808085313,121136.0,0.10200000000000001,2,6,5,0.15384615384615385,0.46153846153846156,0.38461538461538464,5.086935406931639,5.181657416163213,5.318063133180637,0,0.0,0,0.0,0,0.0,0,0.0,15,0.0477464829275686,0,0,0,0,0.09014169184968428,0.3429292773921831,0.09014169184968428,0.6232506401984,52,16.552114081557114,824,29.143038468382613,1448,18.436508607765155,0.09014169184968428,3.8448368387946306,2.819777544076185,0.6751606261296155,1.2186258213948713,1.1904079148265583,0,0,0,0,0,0,0,0.0,0.0,0.0,0.0,0.0,0.0,0.0,21748,484.67631819759,2.2359739749610164,0.125,0,1,0,1,1,2,1,4
r0057c0044,Santa Maria,1,0.12435971709086097,75987.0,0.026,2,1,4.496894875370568,0,0.0,,,,,,,,,,0,0,0,,,,0,0.0,,,,,,,,,,0,0,0,,,,2,0.0707355302630646,75987.0,75987.0,151974.0,0.026,0.026,28196.590006594768,0.01697056274847714,19938.0,0.012,0,0,2,0.0,0.0,1.0,2,0.025464790894703253,75987.0,75987.0,151974.0,0.026,0.026,28196.590006594768,0.01697056274847714,19938.0,0.012,0,0,2,0.0,0.0,1.0,15,0.0477464829275686,188252.53333333333,95925.0,2823788.0,0.10866666666666666,0.099,244632.24957470538,0.10751456158298257,119876.5,0.153,3,5,7,0.2,0.3333333333333333,0.4666666666666667,4.496894875370568,5.624924765511884,6.4168399040537425,0,0.0,0,0.0,0,0.0,1,0.012732395447351627,11,0.03501408748021698,1,0,0,0,0.001890072119412685,1.2571152777227041,0.001890072119412685,0.5347996773356821,33,10.504226244065093,412,14.571519234191307,811,10.325972707802169,0.001890072119412685,8.840072696188775,2.6063868249823905,1.8752915191450044,6.605188338531253,4.347838750592041,0,0,0,1,0,0,1,0.0,0.0,0.0,1.0,0.0,0.0,1.0,34102,295.4062593774656,7.829045387312196,0.0,2,0,0,2,2,0,0,2
r0057c0046,Santa Maria,0,0.03665713384417227,369323.0,0.08775,4,3,3.627435916735803,0,0.0,,,,,,,,,,0,0,0,,,,0,0.0,,,,,,,,,,0,0,0,,,,2,0.0707355302630646,426473.5,426473.5,852947.0,0.066,0.066,600443.2587784628,0.08909545442950499,424577.5,0.063,0,1,1,0.0,0.5,0.5,4,0.05092958178940651,369323.0,312172.5,1477292.0,0.08775,0.07150000000000001,394598.0182945677,0.09673115664906869,536660.0,0.13674999999999998,0,2,2,0.0,0.5,0.5,23,0.07321127382227186,251069.0,95925.0,5774587.0,0.09391304347826088,0.077,308845.21897722635,0.09181201795144361,393263.5,0.108,3,11,9,0.13043478260869565,0.4782608695652174,0.391304347826087,3.627435916735803,4.064593937592658,4.842351060310461,0,0.0,0,0.0,0,0.0,3,0.03819718634205488,14,0.044563384065730696,3,0,0,0,0.07704267346341385,0.07704267346341385,0.07729959175056342,0.9924526403197369,71,22.600001919049138,505,17.860721391423812,869,11.064451643748564,0.07704267346341385,8.779931548046626,2.4974250632991044,1.0729357048860924,5.511451495153453,3.8446094114434173,0,0,0,0,0,0,0,0.0,0.0,0.0,0.0,0.0,0.0,0.0,34102,295.4062593774656,6.733302925834276,0.0,0,1,0,1,1,1,0,2
r0058c0043,Santa Maria,0,0.025334100259465014,238891.0,0.044500000000000005,4,1,4.542058356682763,0,0.0,,,,,,,,,,0,0,0,,,,0,0.0,,,,,,,,,,0,0,0,,,,3,0.1061032953945969,302998.6666666667,56049.0,908996.0,0.05666666666666667,0.038,475398.9449991799,0.06504101270224298,424577.5,0.063,0,1,2,0.0,0.3333333333333333,0.6666666666666666,4,0.05092958178940651,238891.0,51308.5,955564.0,0.044500000000000005,0.023,408789.19951404457,0.05841518067534614,219399.5,0.054,0,1,3,0.0,0.25,0.75,15,0.0477464829275686,234772.06666666668,102169.0,3521581.0,0.114,0.101,299311.9777197285,0.10657927968016512,330766.0,0.15599999999999997,3,6,6,0.2,0.4,0.4,4.542058356682763,6.259553111419105,7.019426867237222,0,0.0,0,0.0,0,0.0,1,0.012732395447351627,7,0.022281692032865348,1,0,0,0,0.17089336856719,2.14524438446619,0.17089336856719,0.6679930655753332,12,3.819718634205488,215,7.604069503279444,708,9.014535976724952,0.17089336856719,8.538034270091522,2.5217070452814485,3.2900497149547983,8.019113400487498,4.683221711799199,0,0,0,0,0,0,0,0.0,0.0,0.0,0.0,0.0,0.0,0.0,34102,295.4062593774656,9.240910254020653,0.0,0,1,0,1,1,1,0,2
r0063c0051,Santa Maria,0,0.005297861236471434,332520.77777777775,0.09233333333333332,9,3,2.120596870228141,0,0.0,,,,,,,,,,0,0,0,,,,3,0.954929658551372,61924.0,59229.0,185772.0,0.041,0.038,10332.548523960582,0.009848857801796103,10065.5,0.009499999999999995,0,1,2,0.0,0.3333333333333333,0.6666666666666666,4,0.1414710605261292,241332.25,66283.0,965329.0,0.12,0.045,358915.66564433585,0.15820450899600386,192168.75,0.0915,1,1,2,0.25,0.25,0.5,9,0.11459155902616464,332520.77777777775,73337.0,2992687.0,0.09233333333333332,0.055,366370.74980809324,0.10386289038920493,584081.0,0.055,1,5,3,0.1111111111111111,0.5555555555555556,0.3333333333333333,15,0.0477464829275686,270697.4,59229.0,4060461.0,0.06986666666666667,0.038,349373.19988757826,0.08815073670113246,445437.0,0.06549999999999999,1,6,8,0.06666666666666667,0.4,0.5333333333333333,2.120596870228141,3.6673428458689004,4.747423974246327,0,0.0,0,0.0,1,0.0353677651315323,3,0.03819718634205488,12,0.03819718634205488,3,0,0,0,0.05092484016653699,0.05092484016653699,0.2751231979223343,0.27997580042044434,15,4.7746482927568605,43,1.5208139006558887,249,3.170366466390555,0.05092484016653699,15.185070190550146,1.4417250988223338,8.773380451085307,11.350080951825348,1.576487467084327,0,0,0,0,0,1,1,0.0,0.0,0.0,0.0,0.0,1.0,1.0,34102,295.4062593774656,11.100471902001367,0.0,1,0,1,2,1,2,1,4
r0063c0052,Santa Maria,0,0.0400126899530924,402358.14285714284,0.10228571428571429,7,2,3.097780293418411,0,0.0,,,,,,,,,,0,0,0,,,,0,0.0,,,,,,,,,,0,0,0,,,,2,0.0707355302630646,394574.5,394574.5,789149.0,0.1825,0.1825,544447.4727763,0.24678026663410507,384982.5,0.1745,1,0,1,0.5,0.0,0.5,7,0.08912676813146139,402358.14285714284,352244.0,2816507.0,0.10228571428571429,0.077,392445.5443240623,0.11875705492827823,667988.5,0.068,1,4,2,0.14285714285714285,0.5714285714285714,0.2857142857142857,11,0.03501408748021698,340162.54545454547,56049.0,3741788.0,0.08281818181818182,0.055,388871.1249031904,0.1005622376260773,685890.5,0.083,1,5,5,0.09090909090909091,0.45454545454545453,0.45454545454545453,3.097780293418411,4.406599240632519,5.225109756725605,0,0.0,0,0.0,0,0.0,2,0.025464790894703253,12,0.03819718634205488,2,0,0,0,0.22514754654579136,0.3057860915657247,0.3166586554345812,0.22514754654579136,16,5.092958178940651,35,1.2378717796036305,93,1.1841127766037014,0.22514754654579136,15.435175756765853,0.931771708462235,9.396565598054828,11.626108423289311,2.5715984839505013,1,0,0,0,0,0,1,1.0,0.0,0.0,0.0,0.0,0.0,1.0,34102,295.4062593774656,11.055556963516278,0.0,1,0,1,2,1,2,1,4
r0064c0044,Santa Maria,0,0.019560515742516237,46568.0,0.008,1,1,4.303355076763008,0,0.0,,,,,,,,,,0,0,0,,,,0,0.0,,,,,,,,,,0,0,0,,,,1,0.0353677651315323,46568.0,46568.0,46568.0,0.008,0.008,,,0.0,0.0,0,0,1,0.0,0.0,1.0,1,0.012732395447351627,46568.0,46568.0,46568.0,0.008,0.008,,,0.0,0.0,0,0,1,0.0,0.0,1.0,15,0.0477464829275686,270251.2,59229.0,4053768.0,0.06873333333333334,0.038,349725.42632087,0.08887508622994945,445437.0,0.071,1,6,8,0.06666666666666667,0.4,0.5333333333333333,4.303355076763008,5.6738453915606994,7.380380133905007,0,0.0,0,0.0,0,0.0,1,0.012732395447351627,4,0.012732395447351627,1,0,0,0,0.18770274448380103,0.6617233483437317,0.18770274448380103,1.1206202959678968,15,4.7746482927568605,82,2.9001567407856483,318,4.048901752257818,0.10736833378646235,12.617989222442413,4.580230885906385,8.107073500533353,12.603093838675974,5.156863577753007,0,0,0,0,0,1,1,0.0,0.0,0.0,0.0,0.0,1.0,1.0,34102,295.4062593774656,13.805764324476625,0.0,0,0,0,0,0,0,0,0
r0064c0050,Santa Maria,2,0.4111163181335228,246969.11111111112,0.05355555555555555,9,3,1.8618677375234947,0,0.0,,,,,,,,,,0,0,0,,,,0,0.0,,,,,,,,,,0,0,0,,,,9,0.3183098861837907,246969.11111111112,59229.0,2222722.0,0.05355555555555555,0.052,337711.05123923783,0.035053926709824934,300155.0,0.044,0,5,4,0.0,0.5555555555555556,0.4444444444444444,9,0.11459155902616464,246969.11111111112,59229.0,2222722.0,0.05355555555555555,0.052,337711.05123923783,0.035053926709824934,300155.0,0.044,0,5,4,0.0,0.5555555555555556,0.4444444444444444,15,0.0477464829275686,219366.4,56049.0,3290496.0,0.0466,0.038,324981.0679296345,0.039685909698171574,186411.5,0.052000000000000005,0,6,9,0.0,0.4,0.6,1.8618677375234947,3.824921804940453,5.263516881692526,0,0.0,0,0.0,1,0.0353677651315323,3,0.03819718634205488,7,0.022281692032865348,3,0,0,0,0.334748989756842,0.334748989756842,0.5844145765311857,1.5949418855036264,4,1.2732395447351628,78,2.758685680259519,267,3.3995495844428842,0.334748989756842,15.98475474977316,2.1024458393993357,9.105137554201692,12.151507590333823,1.0090256547330594,0,0,0,0,0,0,0,0.0,0.0,0.0,0.0,0.0,0.0,0.0,34102,295.4062593774656,12.224680781189486,0.0,2,2,0,4,2,2,0,4
r0066c0049,Santa Maria,1,0.14610377286529347,197036.2857142857,0.09085714285714286,7,1,3.5447258595085107,0,0.0,,,,,,,,,,0,0,0,,,,2,0.6366197723675814,202166.5,202166.5,404333.0,0.074,0.074,212241.63590704818,0.026870057685088804,150077.5,0.019000000000000003,0,2,0,0.0,1.0,0.0,3,0.1061032953945969,394630.0,352244.0,1183890.0,0.16833333333333333,0.093,365581.5264793887,0.1644911345128768,363734.0,0.15099999999999997,1,2,0,0.3333333333333333,0.6666666666666666,0.0,7,0.08912676813146139,197036.2857142857,59229.0,1379254.0,0.09085714285714286,0.052,281230.74908913876,0.12016575853299277,160143.0,0.03849999999999999,1,3,3,0.14285714285714285,0.42857142857142855,0.42857142857142855,10,0.03183098861837907,149815.6,54627.5,1498156.0,0.07070000000000001,0.038,242082.54350586014,0.1035868395759487,21861.75,0.027249999999999996,1,3,6,0.1,0.3,0.6,3.5447258595085107,5.474214813654179,7.106512814429164,0,0.0,0,0.0,0,0.0,1,0.012732395447351627,5,0.015915494309189534,1,0,0,0,0.030892138764632916,0.09275024929564303,0.030892138764632916,0.1364416367783288,17,5.411268065124442,126,4.45633840657307,199,2.5337466940229736,0.030892138764632916,17.841902832015506,3.7103485314714946,10.590048718676977,14.061665908581505,2.8760368995457193,0,0,0,0,0,0,0,0.0,0.0,0.0,0.0,0.0,0.0,0.0,34102,295.4062593774656,14.385830202008675,0.0,0,1,1,2,2,1,1,4
r0066c0050,Santa Maria,1,0.09043375950213403,324743.25,0.08637500000000001,8,1,3.7018068381927303,1,1.2732395447351628,28778.0,28778.0,28778.0,0.014,0.014,,,0.0,0.0,0,0,1,0.0,0.0,1.0,3,0.954929658551372,541008.3333333334,637287.0,1623025.0,0.06766666666666667,0.077,471521.6246603472,0.04966219219218311,464091.0,0.049,0,2,1,0.0,0.6666666666666666,0.3333333333333333,4,0.1414710605261292,600645.5,708422.0,2402582.0,0.14,0.0945,403048.5433216037,0.15024202696538233,338748.0,0.11200000000000002,1,2,1,0.25,0.5,0.25,8,0.10185916357881301,324743.25,66283.0,2597946.0,0.08637500000000001,0.045,396158.0310661571,0.11447636998837045,625755.5,0.057499999999999996,1,3,4,0.125,0.375,0.5,11,0.03501408748021698,246986.18181818182,56049.0,2716848.0,0.06927272727272728,0.038,357324.0941444666,0.10038235991357337,317639.0,0.045,1,3,7,0.09090909090909091,0.2727272727272727,0.6363636363636364,3.7018068381927303,5.653310700253095,7.172649685434114,0,0.0,0,0.0,0,0.0,1,0.012732395447351627,5,0.015915494309189534,1,0,0,0,0.029009388340258496,0.11883374670403876,0.029009388340258496,0.08401969353354437,8,2.5464790894703255,111,3.925821929600085,186,2.368225553207403,0.13800978273056103,17.985696480275084,3.029098814887474,10.921794398988112,14.166984217579474,2.914793718707074,0,0,0,2,0,1,3,0.0,0.0,0.0,2.0,0.0,1.0,3.0,34102,295.4062593774656,14.261548088690907,0.0,0,1,1,2,2,1,1,4
